year,acquisition_date,acquisition_month,acquisition_year,candidate_for_composite,cloud_cover_land_pct,cloud_cover_scene_pct,collection_id,day_of_year,earth_engine_asset_id,epoch,has_positive_core_coverage,landsat7_orbit_drift_period,landsat_product_id,landsat_scene_id,relative_year,sensor_key,sensor_role,slc_off,system_index,valid_area_context_m2,valid_area_core_m2,valid_fraction_context,valid_fraction_core,wrs_path,wrs_row
2000,2000-02-12,2,2000,False,72.0,72.0,LANDSAT/LE07/C02/T1_L2,43,LANDSAT/LE07/C02/T1_L2/LE07_185057_20000212,2000,False,False,LE07_L2SP_185057_20000212_20200918_02_T1,LE71850572000043EDC01,0,LE07,supplemental,False,LE07_185057_20000212,3735387.0293279914,0.0,0.004718140182066505,0.0,185,57
2000,2000-03-15,3,2000,True,50.0,50.0,LANDSAT/LE07/C02/T1_L2,75,LANDSAT/LE07/C02/T1_L2/LE07_185057_20000315,2000,True,False,LE07_L2SP_185057_20000315_20200918_02_T1,LE71850572000075EDC00,0,LE07,supplemental,False,LE07_185057_20000315,218842238.43366823,73071276.07382166,0.27641803930368747,0.2522056105380081,185,57
2000,2000-03-15,3,2000,True,50.0,50.0,LANDSAT/LE07/C02/T1_L2,75,LANDSAT/LE07/C02/T1_L2/LE07_185058_20000315,2000,True,False,LE07_L2SP_185058_20000315_20200918_02_T1,LE71850582000075EDC00,0,LE07,supplemental,False,LE07_185058_20000315,67634172.10432847,16436189.789471319,0.08542823075113644,0.056729531814721845,185,58
2000,2000-03-31,3,2000,False,58.0,58.0,LANDSAT/LE07/C02/T1_L2,91,LANDSAT/LE07/C02/T1_L2/LE07_185058_20000331,2000,False,False,LE07_L2SP_185058_20000331_20200918_02_T1,LE71850582000091EDC00,0,LE07,supplemental,False,LE07_185058_20000331,0.0,0.0,0.0,0.0,185,58
2000,2000-04-16,4,2000,False,73.0,73.0,LANDSAT/LE07/C02/T1_L2,107,LANDSAT/LE07/C02/T1_L2/LE07_185057_20000416,2000,False,False,LE07_L2SP_185057_20000416_20200918_02_T1,LE71850572000107EDC00,0,LE07,supplemental,False,LE07_185057_20000416,0.0,0.0,0.0,0.0,185,57
2000,2000-04-16,4,2000,False,55.0,55.0,LANDSAT/LE07/C02/T1_L2,107,LANDSAT/LE07/C02/T1_L2/LE07_185058_20000416,2000,False,False,LE07_L2SP_185058_20000416_20200918_02_T1,LE71850582000107EDC00,0,LE07,supplemental,False,LE07_185058_20000416,0.0,0.0,0.0,0.0,185,58
2000,2000-05-02,5,2000,True,61.0,61.0,LANDSAT/LE07/C02/T1_L2,123,LANDSAT/LE07/C02/T1_L2/LE07_185057_20000502,2000,True,False,LE07_L2SP_185057_20000502_20200918_02_T1,LE71850572000123EDC00,0,LE07,supplemental,False,LE07_185057_20000502,28497526.064986885,5759023.271959731,0.03599501785518894,0.019877276796696798,185,57
2000,2000-05-02,5,2000,True,80.0,80.0,LANDSAT/LE07/C02/T1_L2,123,LANDSAT/LE07/C02/T1_L2/LE07_185058_20000502,2000,True,False,LE07_L2SP_185058_20000502_20200918_02_T1,LE71850582000123EDC00,0,LE07,supplemental,False,LE07_185058_20000502,34106186.95997913,4850476.284908999,0.04307927662904046,0.016741425612982638,185,58
2000,2000-05-18,5,2000,True,22.0,22.0,LANDSAT/LE07/C02/T1_L2,139,LANDSAT/LE07/C02/T1_L2/LE07_185057_20000518,2000,True,False,LE07_L2SP_185057_20000518_20200918_02_T1,LE71850572000139EDC00,0,LE07,supplemental,False,LE07_185057_20000518,697586529.0063148,281228695.3391061,0.8811164698949853,0.9706612313318698,185,57
2000,2000-05-18,5,2000,True,73.0,73.0,LANDSAT/LE07/C02/T1_L2,139,LANDSAT/LE07/C02/T1_L2/LE07_185058_20000518,2000,True,False,LE07_L2SP_185058_20000518_20200918_02_T1,LE71850582000139EDC00,0,LE07,supplemental,False,LE07_185058_20000518,109682618.0708374,30432053.09069824,0.13853931695194951,0.10503627337656829,185,58
2000,2000-06-03,6,2000,True,69.0,69.0,LANDSAT/LE07/C02/T1_L2,155,LANDSAT/LE07/C02/T1_L2/LE07_185057_20000603,2000,True,False,LE07_L2SP_185057_20000603_20200918_02_T1,LE71850572000155EDC00,0,LE07,supplemental,False,LE07_185057_20000603,102606636.59443095,35477066.31028646,0.12960169622636766,0.12244914348893808,185,57
2000,2000-07-21,7,2000,False,91.0,91.0,LANDSAT/LE07/C02/T1_L2,203,LANDSAT/LE07/C02/T1_L2/LE07_185057_20000721,2000,False,False,LE07_L2SP_185057_20000721_20200917_02_T1,LE71850572000203EDC00,0,LE07,supplemental,False,LE07_185057_20000721,0.0,0.0,0.0,0.0,185,57
2000,2000-10-09,10,2000,False,84.0,84.0,LANDSAT/LE07/C02/T1_L2,283,LANDSAT/LE07/C02/T1_L2/LE07_185057_20001009,2000,False,False,LE07_L2SP_185057_20001009_20200917_02_T1,LE71850572000283EDC00,0,LE07,supplemental,False,LE07_185057_20001009,0.0,0.0,0.0,0.0,185,57
2000,2000-10-09,10,2000,False,95.0,95.0,LANDSAT/LE07/C02/T1_L2,283,LANDSAT/LE07/C02/T1_L2/LE07_185058_20001009,2000,False,False,LE07_L2SP_185058_20001009_20200917_02_T1,LE71850582000283EDC00,0,LE07,supplemental,False,LE07_185058_20001009,0.0,0.0,0.0,0.0,185,58
2000,2000-10-25,10,2000,False,94.0,94.0,LANDSAT/LE07/C02/T1_L2,299,LANDSAT/LE07/C02/T1_L2/LE07_185057_20001025,2000,False,False,LE07_L2SP_185057_20001025_20201008_02_T1,LE71850572000299EDC00,0,LE07,supplemental,False,LE07_185057_20001025,0.0,0.0,0.0,0.0,185,57
2000,2000-10-25,10,2000,False,84.0,84.0,LANDSAT/LE07/C02/T1_L2,299,LANDSAT/LE07/C02/T1_L2/LE07_185058_20001025,2000,False,False,LE07_L2SP_185058_20001025_20200917_02_T1,LE71850582000299EDC00,0,LE07,supplemental,False,LE07_185058_20001025,0.0,0.0,0.0,0.0,185,58
2000,2000-12-12,12,2000,True,46.0,46.0,LANDSAT/LE07/C02/T1_L2,347,LANDSAT/LE07/C02/T1_L2/LE07_185057_20001212,2000,True,False,LE07_L2SP_185057_20001212_20200917_02_T1,LE71850572000347EDC00,0,LE07,supplemental,False,LE07_185057_20001212,88190890.51102583,32039344.07107652,0.11139327222195658,0.11058384042068296,185,57
2000,2000-12-12,12,2000,True,53.0,53.0,LANDSAT/LE07/C02/T1_L2,347,LANDSAT/LE07/C02/T1_L2/LE07_185058_20001212,2000,True,False,LE07_L2SP_185058_20001212_20200917_02_T1,LE71850582000347EDC00,0,LE07,supplemental,False,LE07_185058_20001212,23953019.85651712,8203146.061698405,0.030254885124233525,0.028313169989435765,185,58
2000,2000-12-28,12,2000,True,44.0,44.0,LANDSAT/LE07/C02/T1_L2,363,LANDSAT/LE07/C02/T1_L2/LE07_185057_20001228,2000,True,False,LE07_L2SP_185057_20001228_20200917_02_T1,LE71850572000363SGS00,0,LE07,supplemental,False,LE07_185057_20001228,270393269.345206,97730327.32709435,0.34153177141792995,0.33731636007982063,185,57
2000,2000-12-28,12,2000,True,45.0,45.0,LANDSAT/LE07/C02/T1_L2,363,LANDSAT/LE07/C02/T1_L2/LE07_185058_20001228,2000,True,False,LE07_L2SP_185058_20001228_20200917_02_T1,LE71850582000363SGS00,0,LE07,supplemental,False,LE07_185058_20001228,81071537.07725139,15226394.505315337,0.10240086869255113,0.05255392171646228,185,58
2001,2001-02-14,2,2001,True,24.0,24.0,LANDSAT/LE07/C02/T1_L2,45,LANDSAT/LE07/C02/T1_L2/LE07_185057_20010214,2001,True,False,LE07_L2SP_185057_20010214_20200917_02_T1,LE71850572001045SGS00,0,LE07,supplemental,False,LE07_185057_20010214,8104105.558276846,4498594.614194384,0.010236236773862048,0.015526905539321192,185,57
2001,2001-02-14,2,2001,True,87.0,87.0,LANDSAT/LE07/C02/T1_L2,45,LANDSAT/LE07/C02/T1_L2/LE07_185058_20010214,2001,True,False,LE07_L2SP_185058_20010214_20200917_02_T1,LE71850582001045SGS00,0,LE07,supplemental,False,LE07_185058_20010214,32351784.28429506,16282771.295376886,0.04086330337253987,0.056200007669942736,185,58
2001,2001-03-02,3,2001,True,12.0,12.0,LANDSAT/LE07/C02/T1_L2,61,LANDSAT/LE07/C02/T1_L2/LE07_185058_20010302,2001,True,False,LE07_L2SP_185058_20010302_20200917_02_T1,LE71850582001061EDC00,0,LE07,supplemental,False,LE07_185058_20010302,184331808.20855647,40876554.84943826,0.23282816594729927,0.14108548565756246,185,58
2001,2001-03-18,3,2001,True,16.0,16.0,LANDSAT/LE07/C02/T1_L2,77,LANDSAT/LE07/C02/T1_L2/LE07_185058_20010318,2001,True,False,LE07_L2SP_185058_20010318_20200917_02_T1,LE71850582001077EDC00,0,LE07,supplemental,False,LE07_185058_20010318,77165685.3318594,16883179.017521873,0.097467415767743,0.05827231575420734,185,58
2001,2001-04-19,4,2001,False,100.0,100.0,LANDSAT/LE07/C02/T1_L2,109,LANDSAT/LE07/C02/T1_L2/LE07_185058_20010419,2001,False,False,LE07_L2SP_185058_20010419_20200917_02_T1,LE71850582001109EDC00,0,LE07,supplemental,False,LE07_185058_20010419,0.0,0.0,0.0,0.0,185,58
2001,2001-05-05,5,2001,False,100.0,100.0,LANDSAT/LE07/C02/T1_L2,125,LANDSAT/LE07/C02/T1_L2/LE07_185057_20010505,2001,False,False,LE07_L2SP_185057_20010505_20200917_02_T1,LE71850572001125EDC00,0,LE07,supplemental,False,LE07_185057_20010505,0.0,0.0,0.0,0.0,185,57
2001,2001-06-06,6,2001,True,78.0,78.0,LANDSAT/LE07/C02/T1_L2,157,LANDSAT/LE07/C02/T1_L2/LE07_185057_20010606,2001,True,False,LE07_L2SP_185057_20010606_20200917_02_T1,LE71850572001157EDC01,0,LE07,supplemental,False,LE07_185057_20010606,146074759.31593496,46505290.36133171,0.18450596580836656,0.16051307407000345,185,57
2001,2001-10-12,10,2001,True,84.0,84.0,LANDSAT/LE07/C02/T1_L2,285,LANDSAT/LE07/C02/T1_L2/LE07_185057_20011012,2001,True,False,LE07_L2SP_185057_20011012_20200917_02_T1,LE71850572001285EDC00,0,LE07,supplemental,False,LE07_185057_20011012,16631820.952546962,9134453.430391677,0.021007532049835458,0.03152757866190153,185,57
2001,2001-10-28,10,2001,False,97.0,97.0,LANDSAT/LE07/C02/T1_L2,301,LANDSAT/LE07/C02/T1_L2/LE07_185057_20011028,2001,False,False,LE07_L2SP_185057_20011028_20200917_02_T1,LE71850572001301SGS00,0,LE07,supplemental,False,LE07_185057_20011028,0.0,0.0,0.0,0.0,185,57
2001,2001-11-13,11,2001,True,48.0,48.0,LANDSAT/LE07/C02/T1_L2,317,LANDSAT/LE07/C02/T1_L2/LE07_185057_20011113,2001,True,False,LE07_L2SP_185057_20011113_20200917_02_T1,LE71850572001317EDC00,0,LE07,supplemental,False,LE07_185057_20011113,154730298.71240118,60792000.07938759,0.19543871465160326,0.20982367244222003,185,57
2001,2001-11-13,11,2001,True,87.0,87.0,LANDSAT/LE07/C02/T1_L2,317,LANDSAT/LE07/C02/T1_L2/LE07_185058_20011113,2001,True,False,LE07_L2SP_185058_20011113_20200917_02_T1,LE71850582001317EDC00,0,LE07,supplemental,False,LE07_185058_20011113,70309668.81650703,12601190.134011665,0.08880763118423894,0.04349302519423924,185,58
2001,2001-11-29,11,2001,True,84.0,84.0,LANDSAT/LE07/C02/T1_L2,333,LANDSAT/LE07/C02/T1_L2/LE07_185058_20011129,2001,True,False,LE07_L2SP_185058_20011129_20200917_02_T1,LE71850582001333SGS00,0,LE07,supplemental,False,LE07_185058_20011129,52350732.4972175,12400174.79888557,0.06612382936934182,0.0427992204867402,185,58
2001,2001-12-15,12,2001,True,59.0,59.0,LANDSAT/LE07/C02/T1_L2,349,LANDSAT/LE07/C02/T1_L2/LE07_185057_20011215,2001,True,False,LE07_L2SP_185057_20011215_20200917_02_T1,LE71850572001349SGS00,0,LE07,supplemental,False,LE07_185057_20011215,39704450.49170089,4680857.510418102,0.05015040256898511,0.0161559861779854,185,57
2001,2001-12-15,12,2001,True,75.0,75.0,LANDSAT/LE07/C02/T1_L2,349,LANDSAT/LE07/C02/T1_L2/LE07_185058_20011215,2001,True,False,LE07_L2SP_185058_20011215_20200917_02_T1,LE71850582001349SGS00,0,LE07,supplemental,False,LE07_185058_20011215,22387647.377552703,563448.2239705403,0.028277674534028158,0.0019447423251440464,185,58
2001,2001-12-31,12,2001,True,16.0,16.0,LANDSAT/LE07/C02/T1_L2,365,LANDSAT/LE07/C02/T1_L2/LE07_185057_20011231,2001,True,False,LE07_L2SP_185057_20011231_20200917_02_T1,LE71850572001365SGS00,0,LE07,supplemental,False,LE07_185057_20011231,446369646.68354255,167846355.3490225,0.5638062534182258,0.5793219278750953,185,57
2001,2001-12-31,12,2001,True,37.0,37.0,LANDSAT/LE07/C02/T1_L2,365,LANDSAT/LE07/C02/T1_L2/LE07_185058_20011231,2001,True,False,LE07_L2SP_185058_20011231_20200917_02_T1,LE71850582001365SGS00,0,LE07,supplemental,False,LE07_185058_20011231,78979887.42165169,18480790.288456704,0.09975892122916716,0.06378647326777612,185,58
2002,2002-01-16,1,2002,True,22.0,22.0,LANDSAT/LE07/C02/T1_L2,16,LANDSAT/LE07/C02/T1_L2/LE07_185057_20020116,2002,True,False,LE07_L2SP_185057_20020116_20200917_02_T1,LE71850572002016SGS00,0,LE07,supplemental,False,LE07_185057_20020116,68644617.82276946,27863329.161365464,0.08670451738717778,0.09617031917800656,185,57
2002,2002-01-16,1,2002,False,72.0,72.0,LANDSAT/LE07/C02/T1_L2,16,LANDSAT/LE07/C02/T1_L2/LE07_185058_20020116,2002,False,False,LE07_L2SP_185058_20020116_20200917_02_T1,LE71850582002016SGS00,0,LE07,supplemental,False,LE07_185058_20020116,376991.45023073663,0.0,0.00047617515820018186,0.0,185,58
2002,2002-02-01,2,2002,True,22.0,22.0,LANDSAT/LE07/C02/T1_L2,32,LANDSAT/LE07/C02/T1_L2/LE07_185058_20020201,2002,True,False,LE07_L2SP_185058_20020201_20200916_02_T1,LE71850582002032EDC00,0,LE07,supplemental,False,LE07_185058_20020201,194080449.60857826,40517991.97177425,0.24514160397898688,0.13984790538886485,185,58
2002,2002-02-17,2,2002,True,89.0,89.0,LANDSAT/LE07/C02/T1_L2,48,LANDSAT/LE07/C02/T1_L2/LE07_185057_20020217,2002,True,False,LE07_L2SP_185057_20020217_20200917_02_T1,LE71850572002048EDC00,0,LE07,supplemental,False,LE07_185057_20020217,81042226.1467898,28403512.701790128,0.10236384626952007,0.0980347634156814,185,57
2002,2002-02-17,2,2002,True,53.0,53.0,LANDSAT/LE07/C02/T1_L2,48,LANDSAT/LE07/C02/T1_L2/LE07_185058_20020217,2002,True,False,LE07_L2SP_185058_20020217_20200916_02_T1,LE71850582002048EDC00,0,LE07,supplemental,False,LE07_185058_20020217,70534339.09679219,17666535.258611225,0.08909141058080665,0.06097607090490573,185,58
2002,2002-03-05,3,2002,False,91.0,91.0,LANDSAT/LE07/C02/T1_L2,64,LANDSAT/LE07/C02/T1_L2/LE07_185057_20020305,2002,False,False,LE07_L2SP_185057_20020305_20200916_02_T1,LE71850572002064EDC00,0,LE07,supplemental,False,LE07_185057_20020305,0.0,0.0,0.0,0.0,185,57
2002,2002-03-05,3,2002,False,100.0,100.0,LANDSAT/LE07/C02/T1_L2,64,LANDSAT/LE07/C02/T1_L2/LE07_185058_20020305,2002,False,False,LE07_L2SP_185058_20020305_20200916_02_T1,LE71850582002064EDC00,0,LE07,supplemental,False,LE07_185058_20020305,0.0,0.0,0.0,0.0,185,58
2002,2002-04-06,4,2002,True,59.0,59.0,LANDSAT/LE07/C02/T1_L2,96,LANDSAT/LE07/C02/T1_L2/LE07_185057_20020406,2002,True,False,LE07_L2SP_185057_20020406_20200916_02_T1,LE71850572002096SGS01,0,LE07,supplemental,False,LE07_185057_20020406,224139438.11543497,79575252.5575528,0.2831088936849722,0.27465409437654237,185,57
2002,2002-04-06,4,2002,True,51.0,51.0,LANDSAT/LE07/C02/T1_L2,96,LANDSAT/LE07/C02/T1_L2/LE07_185058_20020406,2002,True,False,LE07_L2SP_185058_20020406_20200916_02_T1,LE71850582002096SGS01,0,LE07,supplemental,False,LE07_185058_20020406,47634734.21604123,15096669.926755428,0.06016708624894357,0.05210617715395547,185,58
2002,2002-04-22,4,2002,True,80.0,80.0,LANDSAT/LE07/C02/T1_L2,112,LANDSAT/LE07/C02/T1_L2/LE07_185057_20020422,2002,True,False,LE07_L2SP_185057_20020422_20200916_02_T1,LE71850572002112SGS00,0,LE07,supplemental,False,LE07_185057_20020422,274298773.2775991,152482780.36336243,0.3464647850226695,0.526294527540793,185,57
2002,2002-04-22,4,2002,True,80.0,80.0,LANDSAT/LE07/C02/T1_L2,112,LANDSAT/LE07/C02/T1_L2/LE07_185058_20020422,2002,True,False,LE07_L2SP_185058_20020422_20200916_02_T1,LE71850582002112SGS00,0,LE07,supplemental,False,LE07_185058_20020422,1515655.0536791035,10787.769287109375,0.0019144128720182568,3.723400063042442e-05,185,58
2002,2002-05-08,5,2002,False,100.0,100.0,LANDSAT/LE07/C02/T1_L2,128,LANDSAT/LE07/C02/T1_L2/LE07_185057_20020508,2002,False,False,LE07_L2SP_185057_20020508_20200916_02_T1,LE71850572002128EDC00,0,LE07,supplemental,False,LE07_185057_20020508,0.0,0.0,0.0,0.0,185,57
2002,2002-05-08,5,2002,False,96.0,96.0,LANDSAT/LE07/C02/T1_L2,128,LANDSAT/LE07/C02/T1_L2/LE07_185058_20020508,2002,False,False,LE07_L2SP_185058_20020508_20200916_02_T1,LE71850582002128EDC00,0,LE07,supplemental,False,LE07_185058_20020508,0.0,0.0,0.0,0.0,185,58
2002,2002-05-24,5,2002,False,84.0,84.0,LANDSAT/LE07/C02/T1_L2,144,LANDSAT/LE07/C02/T1_L2/LE07_185057_20020524,2002,False,False,LE07_L2SP_185057_20020524_20200917_02_T1,LE71850572002144SGS00,0,LE07,supplemental,False,LE07_185057_20020524,0.0,0.0,0.0,0.0,185,57
2002,2002-05-24,5,2002,False,62.0,62.0,LANDSAT/LE07/C02/T1_L2,144,LANDSAT/LE07/C02/T1_L2/LE07_185058_20020524,2002,False,False,LE07_L2SP_185058_20020524_20200916_02_T1,LE71850582002144SGS00,0,LE07,supplemental,False,LE07_185058_20020524,0.0,0.0,0.0,0.0,185,58
2002,2002-06-09,6,2002,True,55.0,55.0,LANDSAT/LE07/C02/T1_L2,160,LANDSAT/LE07/C02/T1_L2/LE07_185057_20020609,2002,True,False,LE07_L2SP_185057_20020609_20200916_02_T1,LE71850572002160EDC00,0,LE07,supplemental,False,LE07_185057_20020609,105186776.82819107,44654501.5998863,0.13286065258529148,0.15412507409740614,185,57
2002,2002-06-09,6,2002,True,82.0,82.0,LANDSAT/LE07/C02/T1_L2,160,LANDSAT/LE07/C02/T1_L2/LE07_185058_20020609,2002,True,False,LE07_L2SP_185058_20020609_20200916_02_T1,LE71850582002160EDC00,0,LE07,supplemental,False,LE07_185058_20020609,21806875.07042308,5295492.014368871,0.027544105257970384,0.018277398019350036,185,58
2002,2002-09-29,9,2002,True,72.0,72.0,LANDSAT/LE07/C02/T1_L2,272,LANDSAT/LE07/C02/T1_L2/LE07_185057_20020929,2002,True,False,LE07_L2SP_185057_20020929_20200916_02_T1,LE71850572002272SGS00,0,LE07,supplemental,False,LE07_185057_20020929,684377.4919991287,53040.487854003906,0.0008644322313460229,0.0001830693172641241,185,57
2002,2002-09-29,9,2002,False,100.0,100.0,LANDSAT/LE07/C02/T1_L2,272,LANDSAT/LE07/C02/T1_L2/LE07_185058_20020929,2002,False,False,LE07_L2SP_185058_20020929_20200916_02_T1,LE71850582002272SGS00,0,LE07,supplemental,False,LE07_185058_20020929,0.0,0.0,0.0,0.0,185,58
2002,2002-10-15,10,2002,False,85.0,85.0,LANDSAT/LE07/C02/T1_L2,288,LANDSAT/LE07/C02/T1_L2/LE07_185057_20021015,2002,False,False,LE07_L2SP_185057_20021015_20200916_02_T1,LE71850572002288SGS01,0,LE07,supplemental,False,LE07_185057_20021015,0.0,0.0,0.0,0.0,185,57
2002,2002-10-31,10,2002,False,94.0,94.0,LANDSAT/LE07/C02/T1_L2,304,LANDSAT/LE07/C02/T1_L2/LE07_185057_20021031,2002,False,False,LE07_L2SP_185057_20021031_20200916_02_T1,LE71850572002304SGS00,0,LE07,supplemental,False,LE07_185057_20021031,0.0,0.0,0.0,0.0,185,57
2002,2002-11-16,11,2002,False,76.0,76.0,LANDSAT/LE07/C02/T1_L2,320,LANDSAT/LE07/C02/T1_L2/LE07_185057_20021116,2002,False,False,LE07_L2SP_185057_20021116_20200916_02_T1,LE71850572002320SGS00,0,LE07,supplemental,False,LE07_185057_20021116,0.0,0.0,0.0,0.0,185,57
2002,2002-12-02,12,2002,True,65.0,65.0,LANDSAT/LE07/C02/T1_L2,336,LANDSAT/LE07/C02/T1_L2/LE07_185057_20021202,2002,True,False,LE07_L2SP_185057_20021202_20200916_02_T1,LE71850572002336SGS00,0,LE07,supplemental,False,LE07_185057_20021202,175929019.08226654,60001674.04532685,0.2222146641315818,0.20709586104143102,185,57
2002,2002-12-02,12,2002,False,85.0,85.0,LANDSAT/LE07/C02/T1_L2,336,LANDSAT/LE07/C02/T1_L2/LE07_185058_20021202,2002,False,False,LE07_L2SP_185058_20021202_20200916_02_T1,LE71850582002336SGS00,0,LE07,supplemental,False,LE07_185058_20021202,1250765.8697713218,0.0,0.0015798332708745035,0.0,185,58
2002,2002-12-18,12,2002,True,47.0,47.0,LANDSAT/LE07/C02/T1_L2,352,LANDSAT/LE07/C02/T1_L2/LE07_185057_20021218,2002,True,False,LE07_L2SP_185057_20021218_20200916_02_T1,LE71850572002352SGS00,0,LE07,supplemental,False,LE07_185057_20021218,9883446.121975526,326842.2138004079,0.01248370889529251,0.001128096353454237,185,57
2003,2003-01-03,1,2003,True,31.0,31.0,LANDSAT/LE07/C02/T1_L2,3,LANDSAT/LE07/C02/T1_L2/LE07_185057_20030103,2003,True,False,LE07_L2SP_185057_20030103_20200916_02_T1,LE71850572003003EDC00,0,LE07,supplemental,False,LE07_185057_20030103,130395848.73551123,42972290.063818365,0.16470204791720408,0.14831891865159905,185,57
2003,2003-01-03,1,2003,True,36.0,36.0,LANDSAT/LE07/C02/T1_L2,3,LANDSAT/LE07/C02/T1_L2/LE07_185058_20030103,2003,True,False,LE07_L2SP_185058_20030103_20200916_02_T1,LE71850582003003EDC00,0,LE07,supplemental,False,LE07_185058_20030103,38574245.97878298,8748195.46610299,0.04872284947087678,0.030194408763374238,185,58
2003,2003-01-19,1,2003,True,54.0,54.0,LANDSAT/LE07/C02/T1_L2,19,LANDSAT/LE07/C02/T1_L2/LE07_185057_20030119,2003,True,False,LE07_L2SP_185057_20030119_20200916_02_T1,LE71850572003019SGS00,0,LE07,supplemental,False,LE07_185057_20030119,40511539.84342998,8271240.8015538845,0.05116983125763592,0.028548199078326012,185,57
2003,2003-02-04,2,2003,True,52.0,52.0,LANDSAT/LE07/C02/T1_L2,35,LANDSAT/LE07/C02/T1_L2/LE07_185057_20030204,2003,True,False,LE07_L2SP_185057_20030204_20200916_02_T1,LE71850572003035SGS00,0,LE07,supplemental,False,LE07_185057_20030204,186704672.17478985,70853169.56151123,0.23582531316063032,0.24454981283973856,185,57
2003,2003-02-04,2,2003,True,78.0,78.0,LANDSAT/LE07/C02/T1_L2,35,LANDSAT/LE07/C02/T1_L2/LE07_185058_20030204,2003,True,False,LE07_L2SP_185058_20030204_20200916_02_T1,LE71850582003035SGS00,0,LE07,supplemental,False,LE07_185058_20030204,48959332.34784798,15104180.572651226,0.06184017651287052,0.052132100158663514,185,58
2003,2003-02-20,2,2003,True,77.0,77.0,LANDSAT/LE07/C02/T1_L2,51,LANDSAT/LE07/C02/T1_L2/LE07_185057_20030220,2003,True,False,LE07_L2SP_185057_20030220_20200916_02_T1,LE71850572003051SGS00,0,LE07,supplemental,False,LE07_185057_20030220,370409.64959716797,342960.6053969439,0.0004678617337020576,0.0011837290043660424,185,57
2003,2003-02-20,2,2003,False,89.0,89.0,LANDSAT/LE07/C02/T1_L2,51,LANDSAT/LE07/C02/T1_L2/LE07_185058_20030220,2003,False,False,LE07_L2SP_185058_20030220_20200916_02_T1,LE71850582003051SGS00,0,LE07,supplemental,False,LE07_185058_20030220,0.0,0.0,0.0,0.0,185,58
2003,2003-03-08,3,2003,False,98.0,98.0,LANDSAT/LE07/C02/T1_L2,67,LANDSAT/LE07/C02/T1_L2/LE07_185057_20030308,2003,False,False,LE07_L2SP_185057_20030308_20200916_02_T1,LE71850572003067SGS00,0,LE07,supplemental,False,LE07_185057_20030308,0.0,0.0,0.0,0.0,185,57
2003,2003-03-08,3,2003,False,100.0,100.0,LANDSAT/LE07/C02/T1_L2,67,LANDSAT/LE07/C02/T1_L2/LE07_185058_20030308,2003,False,False,LE07_L2SP_185058_20030308_20200916_02_T1,LE71850582003067SGS00,0,LE07,supplemental,False,LE07_185058_20030308,0.0,0.0,0.0,0.0,185,58
2003,2003-03-24,3,2003,True,56.0,56.0,LANDSAT/LE07/C02/T1_L2,83,LANDSAT/LE07/C02/T1_L2/LE07_185057_20030324,2003,True,False,LE07_L2SP_185057_20030324_20200916_02_T1,LE71850572003083SGS00,0,LE07,supplemental,False,LE07_185057_20030324,150323608.24446929,78108448.84332801,0.18987265597992142,0.269591419326065,185,57
2003,2003-03-24,3,2003,True,66.0,66.0,LANDSAT/LE07/C02/T1_L2,83,LANDSAT/LE07/C02/T1_L2/LE07_185058_20030324,2003,True,False,LE07_L2SP_185058_20030324_20200916_02_T1,LE71850582003083SGS00,0,LE07,supplemental,False,LE07_185058_20030324,7730326.3018016135,3686273.080198759,0.00976411891422596,0.012723176640053553,185,58
2003,2003-04-25,4,2003,True,45.0,45.0,LANDSAT/LE07/C02/T1_L2,115,LANDSAT/LE07/C02/T1_L2/LE07_185057_20030425,2003,True,False,LE07_L2SP_185057_20030425_20200915_02_T1,LE71850572003115ASN00,0,LE07,supplemental,False,LE07_185057_20030425,2736823.0826875577,988573.7002482098,0.00345686132554739,0.00341206349511446,185,57
2003,2003-04-25,4,2003,False,93.0,93.0,LANDSAT/LE07/C02/T1_L2,115,LANDSAT/LE07/C02/T1_L2/LE07_185058_20030425,2003,False,False,LE07_L2SP_185058_20030425_20200916_02_T1,LE71850582003115ASN00,0,LE07,supplemental,False,LE07_185058_20030425,0.0,0.0,0.0,0.0,185,58
2003,2003-05-11,5,2003,True,87.0,87.0,LANDSAT/LE07/C02/T1_L2,131,LANDSAT/LE07/C02/T1_L2/LE07_185057_20030511,2003,True,False,LE07_L2SP_185057_20030511_20200916_02_T1,LE71850572003131ASN00,0,LE07,supplemental,False,LE07_185057_20030511,423452258.5634086,136677694.19704592,0.5348594672060699,0.47174325075517043,185,57
2003,2003-05-11,5,2003,True,79.0,79.0,LANDSAT/LE07/C02/T1_L2,131,LANDSAT/LE07/C02/T1_L2/LE07_185058_20030511,2003,True,False,LE07_L2SP_185058_20030511_20200916_02_T1,LE71850582003131ASN00,0,LE07,supplemental,False,LE07_185058_20030511,187631624.88330394,39051270.345241666,0.23699614038323877,0.1347855136641708,185,58
2003,2003-05-27,5,2003,True,65.0,65.0,LANDSAT/LE07/C02/T1_L2,147,LANDSAT/LE07/C02/T1_L2/LE07_185057_20030527,2003,True,False,LE07_L2SP_185057_20030527_20200916_02_T1,LE71850572003147ASN00,0,LE07,supplemental,False,LE07_185057_20030527,305506509.4622235,111245401.20187777,0.3858830495633847,0.383963656270631,185,57
2003,2003-05-27,5,2003,True,75.0,75.0,LANDSAT/LE07/C02/T1_L2,147,LANDSAT/LE07/C02/T1_L2/LE07_185058_20030527,2003,True,False,LE07_L2SP_185058_20030527_20200916_02_T1,LE71850582003147ASN00,0,LE07,supplemental,False,LE07_185058_20030527,82521012.91460943,19707429.311279777,0.10423169107788341,0.06802021955336578,185,58
2003,2003-11-19,11,2003,True,89.0,89.0,LANDSAT/LE07/C02/T1_L2,323,LANDSAT/LE07/C02/T1_L2/LE07_185058_20031119,2003,True,False,LE07_L2SP_185058_20031119_20200915_02_T1,LE71850582003323EDC02,0,LE07,supplemental,True,LE07_185058_20031119,78215.93084716797,78215.93084716797,9.879397323766707e-05,0.0002699623936111304,185,58
2003,2003-12-21,12,2003,True,79.0,79.0,LANDSAT/LE07/C02/T1_L2,355,LANDSAT/LE07/C02/T1_L2/LE07_185057_20031221,2003,True,False,LE07_L2SP_185057_20031221_20200915_02_T1,LE71850572003355ASN01,0,LE07,supplemental,True,LE07_185057_20031221,1781217.8692095587,1319264.3456195905,0.0022498433323639867,0.00455344271546417,185,57
2003,2003-12-21,12,2003,False,90.0,90.0,LANDSAT/LE07/C02/T1_L2,355,LANDSAT/LE07/C02/T1_L2/LE07_185058_20031221,2003,False,False,LE07_L2SP_185058_20031221_20200915_02_T1,LE71850582003355ASN01,0,LE07,supplemental,True,LE07_185058_20031221,0.0,0.0,0.0,0.0,185,58
2004,2004-02-07,2,2004,True,0.0,0.0,LANDSAT/LE07/C02/T1_L2,38,LANDSAT/LE07/C02/T1_L2/LE07_185057_20040207,2004,True,False,LE07_L2SP_185057_20040207_20200915_02_T1,LE71850572004038ASN01,0,LE07,supplemental,True,LE07_185057_20040207,595216154.2074782,218511072.9744622,0.7518131942238448,0.7541912709060101,185,57
2004,2004-02-07,2,2004,True,22.0,22.0,LANDSAT/LE07/C02/T1_L2,38,LANDSAT/LE07/C02/T1_L2/LE07_185058_20040207,2004,True,False,LE07_L2SP_185058_20040207_20200915_02_T1,LE71850582004038ASN01,0,LE07,supplemental,True,LE07_185058_20040207,151503226.60029396,33305374.56006529,0.19136262334352308,0.11495354640628212,185,58
2004,2004-03-26,3,2004,True,81.0,81.0,LANDSAT/LE07/C02/T1_L2,86,LANDSAT/LE07/C02/T1_L2/LE07_185057_20040326,2004,True,False,LE07_L2SP_185057_20040326_20200915_02_T1,LE71850572004086ASN01,0,LE07,supplemental,True,LE07_185057_20040326,117979177.49706218,45296373.73677979,0.14901864080632826,0.15634049666658384,185,57
2004,2004-03-26,3,2004,True,76.0,76.0,LANDSAT/LE07/C02/T1_L2,86,LANDSAT/LE07/C02/T1_L2/LE07_185058_20040326,2004,True,False,LE07_L2SP_185058_20040326_20200915_02_T1,LE71850582004086ASN01,0,LE07,supplemental,True,LE07_185058_20040326,40598105.87845698,3226047.2601071824,0.05127917218671671,0.011134706584812037,185,58
2004,2004-12-23,12,2004,True,54.0,54.0,LANDSAT/LE07/C02/T1_L2,358,LANDSAT/LE07/C02/T1_L2/LE07_185057_20041223,2004,True,False,LE07_L2SP_185057_20041223_20200915_02_T1,LE71850572004358EDC00,0,LE07,supplemental,True,LE07_185057_20041223,254604420.5656769,122549153.4722886,0.3215889913872701,0.42297857288231316,185,57
2005,2005-01-08,1,2005,True,0.0,0.0,LANDSAT/LE07/C02/T1_L2,8,LANDSAT/LE07/C02/T1_L2/LE07_185058_20050108,2005,True,False,LE07_L2SP_185058_20050108_20200915_02_T1,LE71850582005008ASN00,0,LE07,supplemental,True,LE07_185058_20050108,149035945.3194719,31842260.46808749,0.18824621830701435,0.10990360609209861,185,58
2005,2005-01-24,1,2005,False,88.0,88.0,LANDSAT/LE07/C02/T1_L2,24,LANDSAT/LE07/C02/T1_L2/LE07_185057_20050124,2005,False,False,LE07_L2SP_185057_20050124_20200914_02_T1,LE71850572005024ASN00,0,LE07,supplemental,True,LE07_185057_20050124,0.0,0.0,0.0,0.0,185,57
2005,2005-01-24,1,2005,False,82.0,82.0,LANDSAT/LE07/C02/T1_L2,24,LANDSAT/LE07/C02/T1_L2/LE07_185058_20050124,2005,False,False,LE07_L2SP_185058_20050124_20200915_02_T1,LE71850582005024ASN00,0,LE07,supplemental,True,LE07_185058_20050124,0.0,0.0,0.0,0.0,185,58
2005,2005-02-09,2,2005,True,69.0,69.0,LANDSAT/LE07/C02/T1_L2,40,LANDSAT/LE07/C02/T1_L2/LE07_185057_20050209,2005,True,False,LE07_L2SP_185057_20050209_20200915_02_T1,LE71850572005040ASN00,0,LE07,supplemental,True,LE07_185057_20050209,3807215.397730928,1989138.2270751954,0.004808866071649931,0.0068655133447671985,185,57
2005,2005-02-09,2,2005,False,100.0,100.0,LANDSAT/LE07/C02/T1_L2,40,LANDSAT/LE07/C02/T1_L2/LE07_185058_20050209,2005,False,False,LE07_L2SP_185058_20050209_20200914_02_T1,LE71850582005040ASN00,0,LE07,supplemental,True,LE07_185058_20050209,0.0,0.0,0.0,0.0,185,58
2005,2005-03-29,3,2005,True,67.0,67.0,LANDSAT/LE07/C02/T1_L2,88,LANDSAT/LE07/C02/T1_L2/LE07_185057_20050329,2005,True,False,LE07_L2SP_185057_20050329_20200914_02_T1,LE71850572005088ASN00,0,LE07,supplemental,True,LE07_185057_20050329,46764327.54320261,27957748.151535213,0.05906768191262838,0.09649620645330316,185,57
2005,2005-03-29,3,2005,True,73.0,73.0,LANDSAT/LE07/C02/T1_L2,88,LANDSAT/LE07/C02/T1_L2/LE07_185058_20050329,2005,True,False,LE07_L2SP_185058_20050329_20200914_02_T1,LE71850582005088ASN00,0,LE07,supplemental,True,LE07_185058_20050329,2530268.7561157225,300828.70277769794,0.0031959640583226904,0.0010383106841429246,185,58
2005,2005-04-14,4,2005,True,73.0,73.0,LANDSAT/LE07/C02/T1_L2,104,LANDSAT/LE07/C02/T1_L2/LE07_185057_20050414,2005,True,False,LE07_L2SP_185057_20050414_20200914_02_T1,LE71850572005104ASN00,0,LE07,supplemental,True,LE07_185057_20050414,123179357.98858929,25152367.642402682,0.15558695095422914,0.08681343174190494,185,57
2005,2005-04-14,4,2005,False,100.0,100.0,LANDSAT/LE07/C02/T1_L2,104,LANDSAT/LE07/C02/T1_L2/LE07_185058_20050414,2005,False,False,LE07_L2SP_185058_20050414_20200914_02_T1,LE71850582005104ASN00,0,LE07,supplemental,True,LE07_185058_20050414,0.0,0.0,0.0,0.0,185,58
2005,2005-05-16,5,2005,False,93.0,93.0,LANDSAT/LE07/C02/T1_L2,136,LANDSAT/LE07/C02/T1_L2/LE07_185057_20050516,2005,False,False,LE07_L2SP_185057_20050516_20200914_02_T1,LE71850572005136ASN00,0,LE07,supplemental,True,LE07_185057_20050516,0.0,0.0,0.0,0.0,185,57
2005,2005-05-16,5,2005,False,62.0,62.0,LANDSAT/LE07/C02/T1_L2,136,LANDSAT/LE07/C02/T1_L2/LE07_185058_20050516,2005,False,False,LE07_L2SP_185058_20050516_20200914_02_T1,LE71850582005136ASN00,0,LE07,supplemental,True,LE07_185058_20050516,697669.743768909,0.0,0.0008812215778562366,0.0,185,58
2005,2005-07-19,7,2005,True,62.0,62.0,LANDSAT/LE07/C02/T1_L2,200,LANDSAT/LE07/C02/T1_L2/LE07_185057_20050719,2005,True,False,LE07_L2SP_185057_20050719_20200914_02_T1,LE71850572005200ASN00,0,LE07,supplemental,True,LE07_185057_20050719,71589774.54482901,16613720.778869867,0.09042452341700337,0.05734228027042752,185,57
2005,2005-08-20,8,2005,True,88.0,88.0,LANDSAT/LE07/C02/T1_L2,232,LANDSAT/LE07/C02/T1_L2/LE07_185058_20050820,2005,True,False,LE07_L2SP_185058_20050820_20200914_02_T1,LE71850582005232ASN00,0,LE07,supplemental,True,LE07_185058_20050820,11919666.60853894,2290662.5737201767,0.015055644178510061,0.007906225044681189,185,58
2005,2005-10-23,10,2005,True,44.0,44.0,LANDSAT/LE07/C02/T1_L2,296,LANDSAT/LE07/C02/T1_L2/LE07_185057_20051023,2005,True,False,LE07_L2SP_185057_20051023_20200914_02_T1,LE71850572005296ASN00,0,LE07,supplemental,True,LE07_185057_20051023,52538792.97029575,23361134.450998582,0.06636136718476024,0.08063098790176154,185,57
2005,2005-11-08,11,2005,True,5.0,5.0,LANDSAT/LE07/C02/T1_L2,312,LANDSAT/LE07/C02/T1_L2/LE07_185057_20051108,2005,True,False,LE07_L2SP_185057_20051108_20200914_02_T1,LE71850572005312ASN00,0,LE07,supplemental,True,LE07_185057_20051108,563891610.8376038,212298870.75539914,0.7122473913772045,0.7327498463459473,185,57
2005,2005-11-08,11,2005,True,18.0,18.0,LANDSAT/LE07/C02/T1_L2,312,LANDSAT/LE07/C02/T1_L2/LE07_185058_20051108,2005,True,False,LE07_L2SP_185058_20051108_20200914_02_T1,LE71850582005312ASN00,0,LE07,supplemental,True,LE07_185058_20051108,149753344.75945237,32482397.375885144,0.18915236032062327,0.11211303951564955,185,58
2005,2005-11-24,11,2005,True,66.0,66.0,LANDSAT/LE07/C02/T1_L2,328,LANDSAT/LE07/C02/T1_L2/LE07_185057_20051124,2005,True,False,LE07_L2SP_185057_20051124_20200914_02_T1,LE71850572005328ASN00,0,LE07,supplemental,True,LE07_185057_20051124,75648524.0331464,38042300.670824,0.09555110036858026,0.13130305343597165,185,57
2005,2005-12-26,12,2005,True,59.0,59.0,LANDSAT/LE07/C02/T1_L2,360,LANDSAT/LE07/C02/T1_L2/LE07_185057_20051226,2005,True,False,LE07_L2SP_185057_20051226_20200914_02_T1,LE71850572005360ASN00,0,LE07,supplemental,True,LE07_185057_20051226,407856955.2951163,175557684.14379504,0.5151611531026233,0.6059375898868017,185,57
2005,2005-12-26,12,2005,True,65.0,65.0,LANDSAT/LE07/C02/T1_L2,360,LANDSAT/LE07/C02/T1_L2/LE07_185058_20051226,2005,True,False,LE07_L2SP_185058_20051226_20200914_02_T1,LE71850582005360ASN01,0,LE07,supplemental,True,LE07_185058_20051226,129622187.79808447,30693568.99088255,0.1637248424154692,0.10593889586813048,185,58
2006,2006-01-11,1,2006,True,39.0,39.0,LANDSAT/LE07/C02/T1_L2,11,LANDSAT/LE07/C02/T1_L2/LE07_185057_20060111,2006,True,False,LE07_L2SP_185057_20060111_20200914_02_T1,LE71850572006011ASN00,0,LE07,supplemental,True,LE07_185057_20060111,448646265.1261038,189385023.1067182,0.5666818336107861,0.6536626694616662,185,57
2006,2006-01-11,1,2006,True,36.0,36.0,LANDSAT/LE07/C02/T1_L2,11,LANDSAT/LE07/C02/T1_L2/LE07_185058_20060111,2006,True,False,LE07_L2SP_185058_20060111_20200914_02_T1,LE71850582006011ASN00,0,LE07,supplemental,True,LE07_185058_20060111,47285306.62376709,19754700.170694027,0.059725726799203245,0.06818337499008188,185,58
2006,2006-01-27,1,2006,True,19.0,19.0,LANDSAT/LE07/C02/T1_L2,27,LANDSAT/LE07/C02/T1_L2/LE07_185057_20060127,2006,True,False,LE07_L2SP_185057_20060127_20200914_02_T1,LE71850572006027ASN00,0,LE07,supplemental,True,LE07_185057_20060127,557658277.2273595,213331288.64776522,0.7043741130411681,0.73631323813086,185,57
2006,2006-01-27,1,2006,True,74.0,74.0,LANDSAT/LE07/C02/T1_L2,27,LANDSAT/LE07/C02/T1_L2/LE07_185058_20060127,2006,True,False,LE07_L2SP_185058_20060127_20200914_02_T1,LE71850582006027ASN00,0,LE07,supplemental,True,LE07_185058_20060127,132991125.76563245,30308679.072899442,0.1679801234534925,0.104610447783321,185,58
2006,2006-02-12,2,2006,True,79.0,79.0,LANDSAT/LE07/C02/T1_L2,43,LANDSAT/LE07/C02/T1_L2/LE07_185057_20060212,2006,True,False,LE07_L2SP_185057_20060212_20200914_02_T1,LE71850572006043ASN00,0,LE07,supplemental,True,LE07_185057_20060212,20376230.56677653,4527053.39721919,0.025737068593252473,0.015625131068333287,185,57
2006,2006-02-12,2,2006,False,100.0,100.0,LANDSAT/LE07/C02/T1_L2,43,LANDSAT/LE07/C02/T1_L2/LE07_185058_20060212,2006,False,False,LE07_L2SP_185058_20060212_20200914_02_T1,LE71850582006043ASN00,0,LE07,supplemental,True,LE07_185058_20060212,0.0,0.0,0.0,0.0,185,58
2006,2006-04-01,4,2006,True,14.0,14.0,LANDSAT/LE07/C02/T1_L2,91,LANDSAT/LE07/C02/T1_L2/LE07_185057_20060401,2006,True,False,LE07_L2SP_185057_20060401_20200914_02_T1,LE71850572006091ASN00,0,LE07,supplemental,True,LE07_185057_20060401,586021735.4019895,214743031.50266242,0.7401997907193817,0.741185870549135,185,57
2006,2006-04-17,4,2006,True,38.0,38.0,LANDSAT/LE07/C02/T1_L2,107,LANDSAT/LE07/C02/T1_L2/LE07_185057_20060417,2006,True,False,LE07_L2SP_185057_20060417_20200914_02_T1,LE71850572006107ASN00,0,LE07,supplemental,True,LE07_185057_20060417,13247322.857689233,27618.377885885802,0.016732597128206045,9.532486951154665e-05,185,57
2006,2006-04-17,4,2006,False,39.0,39.0,LANDSAT/LE07/C02/T1_L2,107,LANDSAT/LE07/C02/T1_L2/LE07_185058_20060417,2006,False,False,LE07_L2SP_185058_20060417_20200914_02_T1,LE71850582006107ASN00,0,LE07,supplemental,True,LE07_185058_20060417,9888.220397949219,0.0,1.2489739248542359e-05,0.0,185,58
2006,2006-11-11,11,2006,False,92.0,92.0,LANDSAT/LE07/C02/T1_L2,315,LANDSAT/LE07/C02/T1_L2/LE07_185057_20061111,2006,False,False,LE07_L2SP_185057_20061111_20210519_02_T1,LE71850572006315ASN01,0,LE07,supplemental,True,LE07_185057_20061111,0.0,0.0,0.0,0.0,185,57
2006,2006-11-11,11,2006,False,77.0,77.0,LANDSAT/LE07/C02/T1_L2,315,LANDSAT/LE07/C02/T1_L2/LE07_185058_20061111,2006,False,False,LE07_L2SP_185058_20061111_20210519_02_T1,LE71850582006315ASN01,0,LE07,supplemental,True,LE07_185058_20061111,0.0,0.0,0.0,0.0,185,58
2006,2006-11-27,11,2006,True,35.0,35.0,LANDSAT/LE07/C02/T1_L2,331,LANDSAT/LE07/C02/T1_L2/LE07_185057_20061127,2006,True,False,LE07_L2SP_185057_20061127_20200913_02_T1,LE71850572006331ASN00,0,LE07,supplemental,True,LE07_185057_20061127,218792627.14843795,82505497.41963899,0.27635537565023166,0.2847678385750383,185,57
2006,2006-11-27,11,2006,True,33.0,33.0,LANDSAT/LE07/C02/T1_L2,331,LANDSAT/LE07/C02/T1_L2/LE07_185058_20061127,2006,True,False,LE07_L2SP_185058_20061127_20200913_02_T1,LE71850582006331ASN00,0,LE07,supplemental,True,LE07_185058_20061127,65673843.9934501,14353798.405783497,0.08295215457553497,0.049542155070794576,185,58
2006,2006-12-13,12,2006,False,100.0,100.0,LANDSAT/LE07/C02/T1_L2,347,LANDSAT/LE07/C02/T1_L2/LE07_185057_20061213,2006,False,False,LE07_L2SP_185057_20061213_20200913_02_T1,LE71850572006347ASN00,0,LE07,supplemental,True,LE07_185057_20061213,0.0,0.0,0.0,0.0,185,57
2006,2006-12-13,12,2006,False,100.0,100.0,LANDSAT/LE07/C02/T1_L2,347,LANDSAT/LE07/C02/T1_L2/LE07_185058_20061213,2006,False,False,LE07_L2SP_185058_20061213_20200913_02_T1,LE71850582006347ASN00,0,LE07,supplemental,True,LE07_185058_20061213,0.0,0.0,0.0,0.0,185,58
2006,2006-12-29,12,2006,False,32.0,32.0,LANDSAT/LE07/C02/T1_L2,363,LANDSAT/LE07/C02/T1_L2/LE07_185057_20061229,2006,False,False,LE07_L2SP_185057_20061229_20200913_02_T1,LE71850572006363ASN00,0,LE07,supplemental,True,LE07_185057_20061229,0.0,0.0,0.0,0.0,185,57
2006,2006-12-29,12,2006,False,49.0,49.0,LANDSAT/LE07/C02/T1_L2,363,LANDSAT/LE07/C02/T1_L2/LE07_185058_20061229,2006,False,False,LE07_L2SP_185058_20061229_20200913_02_T1,LE71850582006363ASN00,0,LE07,supplemental,True,LE07_185058_20061229,0.0,0.0,0.0,0.0,185,58
2007,2007-01-14,1,2007,True,7.0,7.0,LANDSAT/LE07/C02/T1_L2,14,LANDSAT/LE07/C02/T1_L2/LE07_185057_20070114,2007,True,False,LE07_L2SP_185057_20070114_20200913_02_T1,LE71850572007014ASN00,0,LE07,supplemental,True,LE07_185057_20070114,377344039.41472954,128750058.93000178,0.4766205110334218,0.4443810066549362,185,57
2007,2007-01-14,1,2007,True,16.0,16.0,LANDSAT/LE07/C02/T1_L2,14,LANDSAT/LE07/C02/T1_L2/LE07_185058_20070114,2007,True,False,LE07_L2SP_185058_20070114_20200913_02_T1,LE71850582007014ASN00,0,LE07,supplemental,True,LE07_185058_20070114,65517392.73078878,892768.8512034693,0.08275454212383938,0.003081392925992062,185,58
2007,2007-01-30,1,2007,True,51.0,51.0,LANDSAT/LE07/C02/T1_L2,30,LANDSAT/LE07/C02/T1_L2/LE07_185057_20070130,2007,True,False,LE07_L2SP_185057_20070130_20200913_02_T1,LE71850572007030ASN00,0,LE07,supplemental,True,LE07_185057_20070130,206738189.60551974,102243764.15100385,0.2611295032849562,0.352894493526523,185,57
2007,2007-01-30,1,2007,True,81.0,81.0,LANDSAT/LE07/C02/T1_L2,30,LANDSAT/LE07/C02/T1_L2/LE07_185058_20070130,2007,True,False,LE07_L2SP_185058_20070130_20200913_02_T1,LE71850582007030ASN00,0,LE07,supplemental,True,LE07_185058_20070130,26447953.92690478,12764908.645666502,0.03340621819807045,0.04405809986388874,185,58
2007,2007-02-15,2,2007,True,25.0,25.0,LANDSAT/LE07/C02/T1_L2,46,LANDSAT/LE07/C02/T1_L2/LE07_185057_20070215,2007,True,False,LE07_L2SP_185057_20070215_20200913_02_T1,LE71850572007046ASN00,0,LE07,supplemental,True,LE07_185057_20070215,182674062.4383856,60985936.82822241,0.23073427932498022,0.21049304539933422,185,57
2007,2007-02-15,2,2007,True,40.0,40.0,LANDSAT/LE07/C02/T1_L2,46,LANDSAT/LE07/C02/T1_L2/LE07_185058_20070215,2007,True,False,LE07_L2SP_185058_20070215_20200913_02_T1,LE71850582007046ASN00,0,LE07,supplemental,True,LE07_185058_20070215,105486421.19733052,22217077.175031595,0.13323913120805983,0.0766822726297824,185,58
2007,2007-03-03,3,2007,True,72.0,72.0,LANDSAT/LE07/C02/T1_L2,62,LANDSAT/LE07/C02/T1_L2/LE07_185057_20070303,2007,True,False,LE07_L2SP_185057_20070303_20200913_02_T1,LE71850572007062ASN00,0,LE07,supplemental,True,LE07_185057_20070303,99155802.13855104,28961985.3294527,0.12524297232972348,0.09996233246327965,185,57
2007,2007-03-03,3,2007,True,72.0,72.0,LANDSAT/LE07/C02/T1_L2,62,LANDSAT/LE07/C02/T1_L2/LE07_185058_20070303,2007,True,False,LE07_L2SP_185058_20070303_20200913_02_T1,LE71850582007062ASN00,0,LE07,supplemental,True,LE07_185058_20070303,95510375.97987446,26227857.84624503,0.12063846106891776,0.09052548766951289,185,58
2007,2007-03-19,3,2007,False,100.0,100.0,LANDSAT/LE07/C02/T1_L2,78,LANDSAT/LE07/C02/T1_L2/LE07_185057_20070319,2007,False,False,LE07_L2SP_185057_20070319_20200913_02_T1,LE71850572007078ASN00,0,LE07,supplemental,True,LE07_185057_20070319,0.0,0.0,0.0,0.0,185,57
2007,2007-05-22,5,2007,False,100.0,100.0,LANDSAT/LE07/C02/T1_L2,142,LANDSAT/LE07/C02/T1_L2/LE07_185058_20070522,2007,False,False,LE07_L2SP_185058_20070522_20200913_02_T1,LE71850582007142ASN00,0,LE07,supplemental,True,LE07_185058_20070522,0.0,0.0,0.0,0.0,185,58
2007,2007-09-27,9,2007,False,35.0,35.0,LANDSAT/LE07/C02/T1_L2,270,LANDSAT/LE07/C02/T1_L2/LE07_185057_20070927,2007,False,False,LE07_L2SP_185057_20070927_20200913_02_T1,LE71850572007270ASN00,0,LE07,supplemental,True,LE07_185057_20070927,6810436.854627424,0.0,0.008602213245631212,0.0,185,57
2007,2007-09-27,9,2007,False,28.0,28.0,LANDSAT/LE07/C02/T1_L2,270,LANDSAT/LE07/C02/T1_L2/LE07_185058_20070927,2007,False,False,LE07_L2SP_185058_20070927_20200913_02_T1,LE71850582007270ASN00,0,LE07,supplemental,True,LE07_185058_20070927,4447639.426733638,0.0,0.005617781003643527,0.0,185,58
2007,2007-10-29,10,2007,True,70.0,70.0,LANDSAT/LE07/C02/T1_L2,302,LANDSAT/LE07/C02/T1_L2/LE07_185057_20071029,2007,True,False,LE07_L2SP_185057_20071029_20200913_02_T1,LE71850572007302ASN00,0,LE07,supplemental,True,LE07_185057_20071029,44255556.9534711,24006102.395128198,0.05589887203186795,0.08285709565390097,185,57
2007,2007-10-29,10,2007,True,69.0,69.0,LANDSAT/LE07/C02/T1_L2,302,LANDSAT/LE07/C02/T1_L2/LE07_185058_20071029,2007,True,False,LE07_L2SP_185058_20071029_20200913_02_T1,LE71850582007302ASN00,0,LE07,supplemental,True,LE07_185058_20071029,2016646.8074951172,311964.3517599667,0.002547211911583523,0.0010767453920228407,185,58
2007,2007-11-30,11,2007,True,45.0,45.0,LANDSAT/LE07/C02/T1_L2,334,LANDSAT/LE07/C02/T1_L2/LE07_185057_20071130,2007,True,False,LE07_L2SP_185057_20071130_20200913_02_T1,LE71850572007334ASN00,0,LE07,supplemental,True,LE07_185057_20071130,451019301.02255476,194985405.73459858,0.5696791979879241,0.6729923978556807,185,57
2007,2007-11-30,11,2007,True,66.0,66.0,LANDSAT/LE07/C02/T1_L2,334,LANDSAT/LE07/C02/T1_L2/LE07_185058_20071130,2007,True,False,LE07_L2SP_185058_20071130_20200913_02_T1,LE71850582007334ASN00,0,LE07,supplemental,True,LE07_185058_20071130,110939394.79079117,20210306.124394447,0.14012674248396095,0.06975589957007798,185,58
2007,2007-12-16,12,2007,True,70.0,70.0,LANDSAT/LE07/C02/T1_L2,350,LANDSAT/LE07/C02/T1_L2/LE07_185057_20071216,2007,True,False,LE07_L2SP_185057_20071216_20200913_02_T1,LE71850572007350ASN00,0,LE07,supplemental,True,LE07_185057_20071216,269522593.40620625,95644511.87783824,0.3404320269734855,0.3301171651688437,185,57
2007,2007-12-16,12,2007,True,55.0,55.0,LANDSAT/LE07/C02/T1_L2,350,LANDSAT/LE07/C02/T1_L2/LE07_185058_20071216,2007,True,False,LE07_L2SP_185058_20071216_20200913_02_T1,LE71850582007350ASN00,0,LE07,supplemental,True,LE07_185058_20071216,51270168.360869996,5804334.568795957,0.06475897666974931,0.02003366880046178,185,58
2008,2008-01-17,1,2008,True,43.0,43.0,LANDSAT/LE07/C02/T1_L2,17,LANDSAT/LE07/C02/T1_L2/LE07_185057_20080117,2008,True,False,LE07_L2SP_185057_20080117_20200913_02_T1,LE71850572008017ASN00,0,LE07,supplemental,True,LE07_185057_20080117,37658870.49761196,5641881.868087227,0.04756664535990185,0.019472963079045322,185,57
2008,2008-01-17,1,2008,True,59.0,59.0,LANDSAT/LE07/C02/T1_L2,17,LANDSAT/LE07/C02/T1_L2/LE07_185058_20080117,2008,True,False,LE07_L2SP_185058_20080117_20200913_02_T1,LE71850582008017ASN00,0,LE07,supplemental,True,LE07_185058_20080117,53817788.42852472,7688326.089498603,0.06797685704344733,0.026536268142605585,185,58
2008,2008-02-02,2,2008,True,2.0,2.0,LANDSAT/LE07/C02/T1_L2,33,LANDSAT/LE07/C02/T1_L2/LE07_185057_20080202,2008,True,False,LE07_L2SP_185057_20080202_20200913_02_T1,LE71850572008033ASN00,0,LE07,supplemental,True,LE07_185057_20080202,606623557.423302,222727789.02098176,0.7662218022376966,0.7687452721787329,185,57
2008,2008-02-02,2,2008,True,23.0,23.0,LANDSAT/LE07/C02/T1_L2,33,LANDSAT/LE07/C02/T1_L2/LE07_185058_20080202,2008,True,False,LE07_L2SP_185058_20080202_20200913_02_T1,LE71850582008033ASN00,0,LE07,supplemental,True,LE07_185058_20080202,126546665.01156247,21493365.29717204,0.15984017195802502,0.07418438008135093,185,58
2008,2008-02-18,2,2008,True,5.0,5.0,LANDSAT/LE07/C02/T1_L2,49,LANDSAT/LE07/C02/T1_L2/LE07_185057_20080218,2008,True,False,LE07_L2SP_185057_20080218_20200913_02_T1,LE71850572008049ASN00,0,LE07,supplemental,True,LE07_185057_20080218,535330864.8507243,207566064.05264926,0.6761725208985935,0.7164145574587036,185,57
2008,2008-02-18,2,2008,True,30.0,30.0,LANDSAT/LE07/C02/T1_L2,49,LANDSAT/LE07/C02/T1_L2/LE07_185058_20080218,2008,True,False,LE07_L2SP_185058_20080218_20200913_02_T1,LE71850582008049ASN00,0,LE07,supplemental,True,LE07_185058_20080218,99656290.66951284,16419554.876413865,0.1258751357521625,0.056672116389272546,185,58
2008,2008-03-21,3,2008,False,57.0,57.0,LANDSAT/LE07/C02/T1_L2,81,LANDSAT/LE07/C02/T1_L2/LE07_185058_20080321,2008,False,False,LE07_L2SP_185058_20080321_20200912_02_T1,LE71850582008081ASN00,0,LE07,supplemental,True,LE07_185058_20080321,0.0,0.0,0.0,0.0,185,58
2008,2008-10-31,10,2008,True,69.0,69.0,LANDSAT/LE07/C02/T1_L2,305,LANDSAT/LE07/C02/T1_L2/LE07_185057_20081031,2008,True,False,LE07_L2SP_185057_20081031_20200913_02_T1,LE71850572008305ASN00,0,LE07,supplemental,True,LE07_185057_20081031,6468608.741394043,2165830.200173053,0.008170452642581589,0.007475365934549401,185,57
2008,2008-10-31,10,2008,False,86.0,86.0,LANDSAT/LE07/C02/T1_L2,305,LANDSAT/LE07/C02/T1_L2/LE07_185058_20081031,2008,False,False,LE07_L2SP_185058_20081031_20200912_02_T1,LE71850582008305ASN00,0,LE07,supplemental,True,LE07_185058_20081031,0.0,0.0,0.0,0.0,185,58
2008,2008-11-16,11,2008,False,46.0,46.0,LANDSAT/LE07/C02/T1_L2,321,LANDSAT/LE07/C02/T1_L2/LE07_185057_20081116,2008,False,False,LE07_L2SP_185057_20081116_20200913_02_T1,LE71850572008321ASN00,0,LE07,supplemental,True,LE07_185057_20081116,0.0,0.0,0.0,0.0,185,57
2008,2008-11-16,11,2008,False,52.0,52.0,LANDSAT/LE07/C02/T1_L2,321,LANDSAT/LE07/C02/T1_L2/LE07_185058_20081116,2008,False,False,LE07_L2SP_185058_20081116_20200912_02_T1,LE71850582008321ASN00,0,LE07,supplemental,True,LE07_185058_20081116,0.0,0.0,0.0,0.0,185,58
2008,2008-12-02,12,2008,True,85.0,85.0,LANDSAT/LE07/C02/T1_L2,337,LANDSAT/LE07/C02/T1_L2/LE07_185057_20081202,2008,True,False,LE07_L2SP_185057_20081202_20200912_02_T1,LE71850572008337ASN00,0,LE07,supplemental,True,LE07_185057_20081202,63823192.192047246,34712680.16309694,0.0806146097485446,0.11981086364359958,185,57
2008,2008-12-02,12,2008,True,84.0,84.0,LANDSAT/LE07/C02/T1_L2,337,LANDSAT/LE07/C02/T1_L2/LE07_185058_20081202,2008,True,False,LE07_L2SP_185058_20081202_20200912_02_T1,LE71850582008337ASN00,0,LE07,supplemental,True,LE07_185058_20081202,13182902.502094343,6075096.9603819605,0.01665122824570769,0.020968205569898927,185,58
2008,2008-12-18,12,2008,True,48.0,48.0,LANDSAT/LE07/C02/T1_L2,353,LANDSAT/LE07/C02/T1_L2/LE07_185057_20081218,2008,True,False,LE07_L2SP_185057_20081218_20200912_02_T1,LE71850572008353ASN00,0,LE07,supplemental,True,LE07_185057_20081218,422789791.2013373,177597313.8822261,0.5340227095004411,0.6129773747529206,185,57
2008,2008-12-18,12,2008,False,91.0,91.0,LANDSAT/LE07/C02/T1_L2,353,LANDSAT/LE07/C02/T1_L2/LE07_185058_20081218,2008,False,False,LE07_L2SP_185058_20081218_20200912_02_T1,LE71850582008353ASN00,0,LE07,supplemental,True,LE07_185058_20081218,0.0,0.0,0.0,0.0,185,58
2009,2009-01-03,1,2009,True,32.0,32.0,LANDSAT/LE07/C02/T1_L2,3,LANDSAT/LE07/C02/T1_L2/LE07_185057_20090103,2009,True,False,LE07_L2SP_185057_20090103_20200912_02_T1,LE71850572009003ASN00,0,LE07,supplemental,True,LE07_185057_20090103,187139254.42090583,67568346.10788791,0.23637423083414416,0.23321224014162828,185,57
2009,2009-02-20,2,2009,True,41.0,41.0,LANDSAT/LE07/C02/T1_L2,51,LANDSAT/LE07/C02/T1_L2/LE07_185057_20090220,2009,True,False,LE07_L2SP_185057_20090220_20200912_02_T1,LE71850572009051ASN00,0,LE07,supplemental,True,LE07_185057_20090220,579408116.9696485,213486239.89963263,0.7318461773911002,0.7368480525912148,185,57
2009,2009-02-20,2,2009,True,19.0,19.0,LANDSAT/LE07/C02/T1_L2,51,LANDSAT/LE07/C02/T1_L2/LE07_185058_20090220,2009,True,False,LE07_L2SP_185058_20090220_20200912_02_T1,LE71850582009051ASN00,0,LE07,supplemental,True,LE07_185058_20090220,132003831.81303233,24592792.98330175,0.1667330796444573,0.08488205903127141,185,58
2009,2009-03-08,3,2009,False,100.0,100.0,LANDSAT/LE07/C02/T1_L2,67,LANDSAT/LE07/C02/T1_L2/LE07_185057_20090308,2009,False,False,LE07_L2SP_185057_20090308_20200912_02_T1,LE71850572009067ASN01,0,LE07,supplemental,True,LE07_185057_20090308,0.0,0.0,0.0,0.0,185,57
2009,2009-03-08,3,2009,False,100.0,100.0,LANDSAT/LE07/C02/T1_L2,67,LANDSAT/LE07/C02/T1_L2/LE07_185058_20090308,2009,False,False,LE07_L2SP_185058_20090308_20200912_02_T1,LE71850582009067ASN00,0,LE07,supplemental,True,LE07_185058_20090308,0.0,0.0,0.0,0.0,185,58
2009,2009-03-24,3,2009,True,18.0,18.0,LANDSAT/LE07/C02/T1_L2,83,LANDSAT/LE07/C02/T1_L2/LE07_185057_20090324,2009,True,False,LE07_L2SP_185057_20090324_20200912_02_T1,LE71850572009083ASN00,0,LE07,supplemental,True,LE07_185057_20090324,264031932.50040802,112061126.28196949,0.3334968131275433,0.3867791325139616,185,57
2009,2009-03-24,3,2009,True,16.0,16.0,LANDSAT/LE07/C02/T1_L2,83,LANDSAT/LE07/C02/T1_L2/LE07_185058_20090324,2009,True,False,LE07_L2SP_185058_20090324_20200912_02_T1,LE71850582009083ASN00,0,LE07,supplemental,True,LE07_185058_20090324,5484731.604132439,1318823.6604714787,0.006927724588143369,0.004551921690065322,185,58
2009,2009-05-11,5,2009,True,44.0,44.0,LANDSAT/LE07/C02/T1_L2,131,LANDSAT/LE07/C02/T1_L2/LE07_185057_20090511,2009,True,False,LE07_L2SP_185057_20090511_20200912_02_T1,LE71850572009131ASN00,0,LE07,supplemental,True,LE07_185057_20090511,233950186.09920892,73030108.40126356,0.2955007780907762,0.25206352025917605,185,57
2009,2009-05-11,5,2009,True,84.0,84.0,LANDSAT/LE07/C02/T1_L2,131,LANDSAT/LE07/C02/T1_L2/LE07_185058_20090511,2009,True,False,LE07_L2SP_185058_20090511_20200912_02_T1,LE71850582009131ASN01,0,LE07,supplemental,True,LE07_185058_20090511,70666668.75908826,10435726.628604427,0.08925855521456384,0.03601892490718175,185,58
2009,2009-05-27,5,2009,True,84.0,84.0,LANDSAT/LE07/C02/T1_L2,147,LANDSAT/LE07/C02/T1_L2/LE07_185058_20090527,2009,True,False,LE07_L2SP_185058_20090527_20200912_02_T1,LE71850582009147ASN00,0,LE07,supplemental,True,LE07_185058_20090527,4026477.3457713407,34164.64892578125,0.005085814243104539,0.00011791933306923999,185,58
2009,2009-10-18,10,2009,False,95.0,95.0,LANDSAT/LE07/C02/T1_L2,291,LANDSAT/LE07/C02/T1_L2/LE07_185057_20091018,2009,False,False,LE07_L2SP_185057_20091018_20200911_02_T1,LE71850572009291ASN00,0,LE07,supplemental,True,LE07_185057_20091018,0.0,0.0,0.0,0.0,185,57
2009,2009-10-18,10,2009,True,76.0,76.0,LANDSAT/LE07/C02/T1_L2,291,LANDSAT/LE07/C02/T1_L2/LE07_185058_20091018,2009,True,False,LE07_L2SP_185058_20091018_20200911_02_T1,LE71850582009291ASN00,0,LE07,supplemental,True,LE07_185058_20091018,60395033.96090328,9631466.109183755,0.07628452802639646,0.033243018610880255,185,58
2009,2009-11-19,11,2009,False,92.0,92.0,LANDSAT/LE07/C02/T1_L2,323,LANDSAT/LE07/C02/T1_L2/LE07_185058_20091119,2009,False,False,LE07_L2SP_185058_20091119_20200911_02_T1,LE71850582009323ASN00,0,LE07,supplemental,True,LE07_185058_20091119,0.0,0.0,0.0,0.0,185,58
2009,2009-12-05,12,2009,False,67.0,67.0,LANDSAT/LE07/C02/T1_L2,339,LANDSAT/LE07/C02/T1_L2/LE07_185057_20091205,2009,False,False,LE07_L2SP_185057_20091205_20200911_02_T1,LE71850572009339ASN00,0,LE07,supplemental,True,LE07_185057_20091205,309860.3184443455,0.0,0.00039138231401504917,0.0,185,57
2009,2009-12-05,12,2009,False,81.0,81.0,LANDSAT/LE07/C02/T1_L2,339,LANDSAT/LE07/C02/T1_L2/LE07_185058_20091205,2009,False,False,LE07_L2SP_185058_20091205_20200911_02_T1,LE71850582009339ASN00,0,LE07,supplemental,True,LE07_185058_20091205,590522.818600404,0.0,0.0007458850761622356,0.0,185,58
2009,2009-12-21,12,2009,True,74.0,74.0,LANDSAT/LE07/C02/T1_L2,355,LANDSAT/LE07/C02/T1_L2/LE07_185057_20091221,2009,True,False,LE07_L2SP_185057_20091221_20200911_02_T1,LE71850572009355ASN00,0,LE07,supplemental,True,LE07_185057_20091221,335520097.98963857,124108830.93608162,0.423792994885619,0.4283618018080116,185,57
2009,2009-12-21,12,2009,True,65.0,65.0,LANDSAT/LE07/C02/T1_L2,355,LANDSAT/LE07/C02/T1_L2/LE07_185058_20091221,2009,True,False,LE07_L2SP_185058_20091221_20200911_02_T1,LE71850582009355ASN00,0,LE07,supplemental,True,LE07_185058_20091221,44918641.47252651,8376105.052926576,0.05673640926399364,0.028910138187126327,185,58
2010,2010-01-06,1,2010,False,61.0,61.0,LANDSAT/LE07/C02/T1_L2,6,LANDSAT/LE07/C02/T1_L2/LE07_185057_20100106,2010,False,False,LE07_L2SP_185057_20100106_20200911_02_T1,LE71850572010006ASN00,0,LE07,supplemental,True,LE07_185057_20100106,706001.7098723765,0.0,0.0008917456236270595,0.0,185,57
2010,2010-01-06,1,2010,False,87.0,87.0,LANDSAT/LE07/C02/T1_L2,6,LANDSAT/LE07/C02/T1_L2/LE07_185058_20100106,2010,False,False,LE07_L2SP_185058_20100106_20200911_02_T1,LE71850582010006ASN00,0,LE07,supplemental,True,LE07_185058_20100106,5151350.296429081,0.0,0.006506633083708802,0.0,185,58
2010,2010-01-22,1,2010,True,4.0,4.0,LANDSAT/LE07/C02/T1_L2,22,LANDSAT/LE07/C02/T1_L2/LE07_185057_20100122,2010,True,False,LE07_L2SP_185057_20100122_20200911_02_T1,LE71850572010022ASN00,0,LE07,supplemental,True,LE07_185057_20100122,542954747.865403,199853664.62063447,0.685802192071222,0.6897952001410732,185,57
2010,2010-01-22,1,2010,True,52.0,52.0,LANDSAT/LE07/C02/T1_L2,22,LANDSAT/LE07/C02/T1_L2/LE07_185058_20100122,2010,True,False,LE07_L2SP_185058_20100122_20200911_02_T1,LE71850582010022ASN00,0,LE07,supplemental,True,LE07_185058_20100122,123406698.00870913,20990587.63182039,0.15587410247975989,0.07244904227328006,185,58
2010,2010-02-07,2,2010,True,58.0,58.0,LANDSAT/LE07/C02/T1_L2,38,LANDSAT/LE07/C02/T1_L2/LE07_185057_20100207,2010,True,False,LE07_L2SP_185057_20100207_20200911_02_T1,LE71850572010038ASN00,0,LE07,supplemental,True,LE07_185057_20100207,744153.8129995308,590607.7086181641,0.0009399352675331036,0.002038483324008381,185,57
2010,2010-02-07,2,2010,False,100.0,100.0,LANDSAT/LE07/C02/T1_L2,38,LANDSAT/LE07/C02/T1_L2/LE07_185058_20100207,2010,False,False,LE07_L2SP_185058_20100207_20200911_02_T1,LE71850582010038ASN00,0,LE07,supplemental,True,LE07_185058_20100207,0.0,0.0,0.0,0.0,185,58
2010,2010-02-23,2,2010,False,96.0,96.0,LANDSAT/LE07/C02/T1_L2,54,LANDSAT/LE07/C02/T1_L2/LE07_185057_20100223,2010,False,False,LE07_L2SP_185057_20100223_20200911_02_T1,LE71850572010054ASN00,0,LE07,supplemental,True,LE07_185057_20100223,0.0,0.0,0.0,0.0,185,57
2010,2010-02-23,2,2010,False,96.0,96.0,LANDSAT/LE07/C02/T1_L2,54,LANDSAT/LE07/C02/T1_L2/LE07_185058_20100223,2010,False,False,LE07_L2SP_185058_20100223_20200911_02_T1,LE71850582010054ASN00,0,LE07,supplemental,True,LE07_185058_20100223,0.0,0.0,0.0,0.0,185,58
2010,2010-03-27,3,2010,True,82.0,82.0,LANDSAT/LE07/C02/T1_L2,86,LANDSAT/LE07/C02/T1_L2/LE07_185057_20100327,2010,True,False,LE07_L2SP_185057_20100327_20200911_02_T1,LE71850572010086ASN00,0,LE07,supplemental,True,LE07_185057_20100327,159615850.926731,73072813.81399573,0.20160962011147482,0.25221091805034795,185,57
2010,2010-03-27,3,2010,True,89.0,89.0,LANDSAT/LE07/C02/T1_L2,86,LANDSAT/LE07/C02/T1_L2/LE07_185058_20100327,2010,True,False,LE07_L2SP_185058_20100327_20200911_02_T1,LE71850582010086ASN00,0,LE07,supplemental,True,LE07_185058_20100327,4022844.8578711413,1345849.5363877239,0.005081226074063892,0.004645201538208318,185,58
2010,2010-05-14,5,2010,False,96.0,96.0,LANDSAT/LE07/C02/T1_L2,134,LANDSAT/LE07/C02/T1_L2/LE07_185057_20100514,2010,False,False,LE07_L2SP_185057_20100514_20200911_02_T1,LE71850572010134ASN00,0,LE07,supplemental,True,LE07_185057_20100514,0.0,0.0,0.0,0.0,185,57
2010,2010-07-01,7,2010,False,88.0,88.0,LANDSAT/LE07/C02/T1_L2,182,LANDSAT/LE07/C02/T1_L2/LE07_185057_20100701,2010,False,False,LE07_L2SP_185057_20100701_20200911_02_T1,LE71850572010182ASN00,0,LE07,supplemental,True,LE07_185057_20100701,0.0,0.0,0.0,0.0,185,57
2010,2010-09-19,9,2010,True,62.0,62.0,LANDSAT/LE07/C02/T1_L2,262,LANDSAT/LE07/C02/T1_L2/LE07_185057_20100919,2010,True,False,LE07_L2SP_185057_20100919_20200911_02_T1,LE71850572010262ASN00,0,LE07,supplemental,True,LE07_185057_20100919,193269507.92430633,78326915.7057634,0.24411730943712667,0.27034545800423415,185,57
2010,2010-11-06,11,2010,True,48.0,48.0,LANDSAT/LE07/C02/T1_L2,310,LANDSAT/LE07/C02/T1_L2/LE07_185057_20101106,2010,True,False,LE07_L2SP_185057_20101106_20200910_02_T1,LE71850572010310ASN00,0,LE07,supplemental,True,LE07_185057_20101106,18449140.234599274,3224151.582950845,0.02330297481412589,0.01112816365248232,185,57
2010,2010-11-06,11,2010,False,55.0,55.0,LANDSAT/LE07/C02/T1_L2,310,LANDSAT/LE07/C02/T1_L2/LE07_185058_20101106,2010,False,False,LE07_L2SP_185058_20101106_20200910_02_T1,LE71850582010310ASN00,0,LE07,supplemental,True,LE07_185058_20101106,2165968.7235313263,0.0,0.002735819337422431,0.0,185,58
2010,2010-11-22,11,2010,True,79.0,79.0,LANDSAT/LE07/C02/T1_L2,326,LANDSAT/LE07/C02/T1_L2/LE07_185058_20101122,2010,True,False,LE07_L2SP_185058_20101122_20200910_02_T1,LE71850582010326ASN00,0,LE07,supplemental,True,LE07_185058_20101122,28443330.497229483,18217926.136814967,0.0359265638278235,0.06287919728444194,185,58
2010,2010-12-08,12,2010,True,45.0,45.0,LANDSAT/LE07/C02/T1_L2,342,LANDSAT/LE07/C02/T1_L2/LE07_185057_20101208,2010,True,False,LE07_L2SP_185057_20101208_20200910_02_T1,LE71850572010342ASN00,0,LE07,supplemental,True,LE07_185057_20101208,83788070.41394307,22982989.305173628,0.10583210218753761,0.07932581940739425,185,57
2010,2010-12-08,12,2010,True,38.0,38.0,LANDSAT/LE07/C02/T1_L2,342,LANDSAT/LE07/C02/T1_L2/LE07_185058_20101208,2010,True,False,LE07_L2SP_185058_20101208_20200910_02_T1,LE71850582010342ASN00,0,LE07,supplemental,True,LE07_185058_20101208,21319239.909991335,3495541.9715260225,0.026928176834340508,0.01206486795439708,185,58
2010,2010-12-24,12,2010,True,42.0,42.0,LANDSAT/LE07/C02/T1_L2,358,LANDSAT/LE07/C02/T1_L2/LE07_185057_20101224,2010,True,False,LE07_L2SP_185057_20101224_20200910_02_T1,LE71850572010358ASN00,0,LE07,supplemental,True,LE07_185057_20101224,537384010.0502115,203841081.72612697,0.678765833663579,0.7035577758013704,185,57
2010,2010-12-24,12,2010,True,73.0,73.0,LANDSAT/LE07/C02/T1_L2,358,LANDSAT/LE07/C02/T1_L2/LE07_185058_20101224,2010,True,False,LE07_L2SP_185058_20101224_20200910_02_T1,LE71850582010358ASN00,0,LE07,supplemental,True,LE07_185058_20101224,115066831.98400638,23794275.893618844,0.14534007837589608,0.08212597619066175,185,58
2011,2011-01-09,1,2011,True,0.0,0.0,LANDSAT/LE07/C02/T1_L2,9,LANDSAT/LE07/C02/T1_L2/LE07_185057_20110109,2011,True,False,LE07_L2SP_185057_20110109_20200910_02_T1,LE71850572011009ASN00,0,LE07,supplemental,True,LE07_185057_20110109,593333244.5893337,217762524.43984544,0.7494349047832015,0.7516076546023941,185,57
2011,2011-01-09,1,2011,True,25.0,25.0,LANDSAT/LE07/C02/T1_L2,9,LANDSAT/LE07/C02/T1_L2/LE07_185058_20110109,2011,True,False,LE07_L2SP_185058_20110109_20200910_02_T1,LE71850582011009ASN01,0,LE07,supplemental,True,LE07_185058_20110109,133979073.8999471,25089791.610383656,0.16922799355469223,0.08659745048075301,185,58
2011,2011-03-30,3,2011,False,64.0,64.0,LANDSAT/LE07/C02/T1_L2,89,LANDSAT/LE07/C02/T1_L2/LE07_185058_20110330,2011,False,False,LE07_L2SP_185058_20110330_20200910_02_T1,LE71850582011089ASN00,0,LE07,supplemental,True,LE07_185058_20110330,0.0,0.0,0.0,0.0,185,58
2011,2011-05-17,5,2011,False,92.0,92.0,LANDSAT/LE07/C02/T1_L2,137,LANDSAT/LE07/C02/T1_L2/LE07_185058_20110517,2011,False,False,LE07_L2SP_185058_20110517_20200910_02_T1,LE71850582011137ASN00,0,LE07,supplemental,True,LE07_185058_20110517,0.0,0.0,0.0,0.0,185,58
2011,2011-09-06,9,2011,True,73.0,73.0,LANDSAT/LE07/C02/T1_L2,249,LANDSAT/LE07/C02/T1_L2/LE07_185057_20110906,2011,True,False,LE07_L2SP_185057_20110906_20200909_02_T1,LE71850572011249ASN00,0,LE07,supplemental,True,LE07_185057_20110906,1345349.1301183363,156373.70086191216,0.0016993006989322566,0.0005397240450286249,185,57
2011,2011-09-06,9,2011,True,42.0,42.0,LANDSAT/LE07/C02/T1_L2,249,LANDSAT/LE07/C02/T1_L2/LE07_185058_20110906,2011,True,False,LE07_L2SP_185058_20110906_20200909_02_T1,LE71850582011249ASN00,0,LE07,supplemental,True,LE07_185058_20110906,2031939.3818155923,120100.23422492533,0.002566527850955313,0.00041452612470944207,185,58
2011,2011-10-24,10,2011,False,100.0,100.0,LANDSAT/LE07/C02/T1_L2,297,LANDSAT/LE07/C02/T1_L2/LE07_185058_20111024,2011,False,False,LE07_L2SP_185058_20111024_20200909_02_T1,LE71850582011297ASN00,0,LE07,supplemental,True,LE07_185058_20111024,0.0,0.0,0.0,0.0,185,58
2011,2011-11-09,11,2011,True,79.0,79.0,LANDSAT/LE07/C02/T1_L2,313,LANDSAT/LE07/C02/T1_L2/LE07_185057_20111109,2011,True,False,LE07_L2SP_185057_20111109_20200909_02_T1,LE71850572011313ASN00,0,LE07,supplemental,True,LE07_185057_20111109,69775660.86777559,35454321.86638159,0.0881331296290665,0.1223706410093101,185,57
2011,2011-11-09,11,2011,True,58.0,58.0,LANDSAT/LE07/C02/T1_L2,313,LANDSAT/LE07/C02/T1_L2/LE07_185058_20111109,2011,True,False,LE07_L2SP_185058_20111109_20200909_02_T1,LE71850582011313ASN00,0,LE07,supplemental,True,LE07_185058_20111109,39834140.13909528,4801717.170633952,0.050314212619125914,0.016573133462553968,185,58
2011,2011-11-25,11,2011,True,46.0,46.0,LANDSAT/LE07/C02/T1_L2,329,LANDSAT/LE07/C02/T1_L2/LE07_185057_20111125,2011,True,False,LE07_L2SP_185057_20111125_20200909_02_T1,LE71850572011329ASN00,0,LE07,supplemental,True,LE07_185057_20111125,242246486.10822323,98820043.39271528,0.3059797742771636,0.34107751658905344,185,57
2011,2011-11-25,11,2011,True,68.0,68.0,LANDSAT/LE07/C02/T1_L2,329,LANDSAT/LE07/C02/T1_L2/LE07_185058_20111125,2011,True,False,LE07_L2SP_185058_20111125_20200909_02_T1,LE71850582011329ASN00,0,LE07,supplemental,True,LE07_185058_20111125,57025822.84627231,14923226.268129364,0.07202890197827977,0.05150753612607004,185,58
2011,2011-12-11,12,2011,True,0.0,0.0,LANDSAT/LE07/C02/T1_L2,345,LANDSAT/LE07/C02/T1_L2/LE07_185057_20111211,2011,True,False,LE07_L2SP_185057_20111211_20200909_02_T1,LE71850572011345ASN00,0,LE07,supplemental,True,LE07_185057_20111211,595830149.2912169,218663137.81239495,0.7525887269473442,0.7547161229046729,185,57
2011,2011-12-11,12,2011,True,18.0,18.0,LANDSAT/LE07/C02/T1_L2,345,LANDSAT/LE07/C02/T1_L2/LE07_185058_20111211,2011,True,False,LE07_L2SP_185058_20111211_20200909_02_T1,LE71850582011345ASN00,0,LE07,supplemental,True,LE07_185058_20111211,128764724.56098154,22854831.71647183,0.16264178683866917,0.07888348331255225,185,58
2011,2011-12-27,12,2011,True,41.0,41.0,LANDSAT/LE07/C02/T1_L2,361,LANDSAT/LE07/C02/T1_L2/LE07_185057_20111227,2011,True,False,LE07_L2SP_185057_20111227_20200909_02_T1,LE71850572011361ASN00,0,LE07,supplemental,True,LE07_185057_20111227,118859191.5802409,43081087.9854655,0.15013018019275082,0.14869443482879788,185,57
2011,2011-12-27,12,2011,True,51.0,51.0,LANDSAT/LE07/C02/T1_L2,361,LANDSAT/LE07/C02/T1_L2/LE07_185058_20111227,2011,True,False,LE07_L2SP_185058_20111227_20200909_02_T1,LE71850582011361ASN00,0,LE07,supplemental,True,LE07_185058_20111227,38897258.469707415,4479792.33029043,0.049130844198270296,0.015462009430394412,185,58
2012,2012-01-12,1,2012,True,33.0,33.0,LANDSAT/LE07/C02/T1_L2,12,LANDSAT/LE07/C02/T1_L2/LE07_185057_20120112,2012,True,False,LE07_L2SP_185057_20120112_20200909_02_T1,LE71850572012012ASN00,0,LE07,supplemental,True,LE07_185057_20120112,96175260.23584248,32168986.872802015,0.12147827153564482,0.11103130273033258,185,57
2012,2012-01-12,1,2012,True,56.0,56.0,LANDSAT/LE07/C02/T1_L2,12,LANDSAT/LE07/C02/T1_L2/LE07_185058_20120112,2012,True,False,LE07_L2SP_185058_20120112_20200909_02_T1,LE71850582012012ASN00,0,LE07,supplemental,True,LE07_185058_20120112,42270724.65727827,6902081.308882652,0.053391844798062006,0.02382254319373188,185,58
2012,2012-01-28,1,2012,True,76.0,76.0,LANDSAT/LE07/C02/T1_L2,28,LANDSAT/LE07/C02/T1_L2/LE07_185058_20120128,2012,True,False,LE07_L2SP_185058_20120128_20200909_02_T1,LE71850582012028ASN00,0,LE07,supplemental,True,LE07_185058_20120128,23436200.179945514,3582225.330655924,0.029602093950582695,0.012364055688449456,185,58
2012,2012-03-16,3,2012,False,100.0,100.0,LANDSAT/LE07/C02/T1_L2,76,LANDSAT/LE07/C02/T1_L2/LE07_185057_20120316,2012,False,False,LE07_L2SP_185057_20120316_20200909_02_T1,LE71850572012076ASN00,0,LE07,supplemental,True,LE07_185057_20120316,0.0,0.0,0.0,0.0,185,57
2012,2012-03-16,3,2012,False,100.0,100.0,LANDSAT/LE07/C02/T1_L2,76,LANDSAT/LE07/C02/T1_L2/LE07_185058_20120316,2012,False,False,LE07_L2SP_185058_20120316_20200909_02_T1,LE71850582012076ASN00,0,LE07,supplemental,True,LE07_185058_20120316,0.0,0.0,0.0,0.0,185,58
2012,2012-04-17,4,2012,False,100.0,100.0,LANDSAT/LE07/C02/T1_L2,108,LANDSAT/LE07/C02/T1_L2/LE07_185058_20120417,2012,False,False,LE07_L2SP_185058_20120417_20210519_02_T1,LE71850582012108ASN01,0,LE07,supplemental,True,LE07_185058_20120417,0.0,0.0,0.0,0.0,185,58
2012,2012-05-03,5,2012,False,93.0,93.0,LANDSAT/LE07/C02/T1_L2,124,LANDSAT/LE07/C02/T1_L2/LE07_185057_20120503,2012,False,False,LE07_L2SP_185057_20120503_20200909_02_T1,LE71850572012124ASN00,0,LE07,supplemental,True,LE07_185057_20120503,0.0,0.0,0.0,0.0,185,57
2012,2012-05-19,5,2012,True,67.0,67.0,LANDSAT/LE07/C02/T1_L2,140,LANDSAT/LE07/C02/T1_L2/LE07_185058_20120519,2012,True,False,LE07_L2SP_185058_20120519_20200909_02_T1,LE71850582012140ASN00,0,LE07,supplemental,True,LE07_185058_20120519,29596786.09844109,2129841.12610725,0.03738348520640558,0.0073511495955834085,185,58
2012,2012-07-06,7,2012,True,68.0,68.0,LANDSAT/LE07/C02/T1_L2,188,LANDSAT/LE07/C02/T1_L2/LE07_185058_20120706,2012,True,False,LE07_L2SP_185058_20120706_20200908_02_T1,LE71850582012188ASN00,0,LE07,supplemental,True,LE07_185058_20120706,986199.6996553309,439891.8235181621,0.0012456616661012583,0.0015182872379153926,185,58
2012,2012-07-22,7,2012,True,79.0,79.0,LANDSAT/LE07/C02/T1_L2,204,LANDSAT/LE07/C02/T1_L2/LE07_185058_20120722,2012,True,False,LE07_L2SP_185058_20120722_20200908_02_T1,LE71850582012204ASN00,0,LE07,supplemental,True,LE07_185058_20120722,11587979.118768908,532182.3840178845,0.01463669212318467,0.0018368282352590303,185,58
2012,2012-09-24,9,2012,True,56.0,56.0,LANDSAT/LE07/C02/T1_L2,268,LANDSAT/LE07/C02/T1_L2/LE07_185057_20120924,2012,True,False,LE07_L2SP_185057_20120924_20200908_02_T1,LE71850572012268EDC00,0,LE07,supplemental,True,LE07_185057_20120924,30048846.386298444,6916666.121085611,0.03795447926729144,0.02387288269324347,185,57
2012,2012-09-24,9,2012,True,61.0,61.0,LANDSAT/LE07/C02/T1_L2,268,LANDSAT/LE07/C02/T1_L2/LE07_185058_20120924,2012,True,False,LE07_L2SP_185058_20120924_20200908_02_T1,LE71850582012268EDC00,0,LE07,supplemental,True,LE07_185058_20120924,294865.63330078125,199529.07335635915,0.000372442636295492,0.0006886748729430214,185,58
2012,2012-10-10,10,2012,False,77.0,77.0,LANDSAT/LE07/C02/T1_L2,284,LANDSAT/LE07/C02/T1_L2/LE07_185057_20121010,2012,False,False,LE07_L2SP_185057_20121010_20200908_02_T1,LE71850572012284EDC00,0,LE07,supplemental,True,LE07_185057_20121010,133949.20025634766,0.0,0.0001691902603727904,0.0,185,57
2012,2012-10-26,10,2012,False,79.0,79.0,LANDSAT/LE07/C02/T1_L2,300,LANDSAT/LE07/C02/T1_L2/LE07_185057_20121026,2012,False,False,LE07_L2SP_185057_20121026_20200908_02_T1,LE71850572012300ASN00,0,LE07,supplemental,True,LE07_185057_20121026,91485.30907126034,0.0,0.00011555442833872568,0.0,185,57
2012,2012-10-26,10,2012,False,64.0,64.0,LANDSAT/LE07/C02/T1_L2,300,LANDSAT/LE07/C02/T1_L2/LE07_185058_20121026,2012,False,False,LE07_L2SP_185058_20121026_20200908_02_T1,LE71850582012300ASN00,0,LE07,supplemental,True,LE07_185058_20121026,0.0,0.0,0.0,0.0,185,58
2012,2012-11-11,11,2012,True,73.0,73.0,LANDSAT/LE07/C02/T1_L2,316,LANDSAT/LE07/C02/T1_L2/LE07_185058_20121111,2012,True,False,LE07_L2SP_185058_20121111_20200908_02_T1,LE71850582012316ASN00,0,LE07,supplemental,True,LE07_185058_20121111,4678029.956821337,435351.7066719803,0.0059087856061224115,0.001502617018334878,185,58
2012,2012-11-27,11,2012,True,77.0,77.0,LANDSAT/LE07/C02/T1_L2,332,LANDSAT/LE07/C02/T1_L2/LE07_185057_20121127,2012,True,False,LE07_L2SP_185057_20121127_20200908_02_T1,LE71850572012332ASN00,0,LE07,supplemental,True,LE07_185057_20121127,512703623.19189286,214419882.80191988,0.6475922165709137,0.7400705223611137,185,57
2012,2012-11-27,11,2012,True,40.0,40.0,LANDSAT/LE07/C02/T1_L2,332,LANDSAT/LE07/C02/T1_L2/LE07_185058_20121127,2012,True,False,LE07_L2SP_185058_20121127_20200908_02_T1,LE71850582012332ASN00,0,LE07,supplemental,True,LE07_185058_20121127,126450723.38856846,26618636.837383904,0.15971898879198984,0.09187426189847307,185,58
2012,2012-12-13,12,2012,True,19.0,19.0,LANDSAT/LE07/C02/T1_L2,348,LANDSAT/LE07/C02/T1_L2/LE07_185057_20121213,2012,True,False,LE07_L2SP_185057_20121213_20200908_02_T1,LE71850572012348ASN00,0,LE07,supplemental,True,LE07_185057_20121213,245007510.5307069,85632143.08616441,0.30946720413894446,0.2955594604219786,185,57
2012,2012-12-13,12,2012,True,82.0,82.0,LANDSAT/LE07/C02/T1_L2,348,LANDSAT/LE07/C02/T1_L2/LE07_185058_20121213,2012,True,False,LE07_L2SP_185058_20121213_20200908_02_T1,LE71850582012348ASN00,0,LE07,supplemental,True,LE07_185058_20121213,57378299.80727179,17402026.18452269,0.07247411306347314,0.06006311746946898,185,58
2012,2012-12-29,12,2012,True,53.0,53.0,LANDSAT/LE07/C02/T1_L2,364,LANDSAT/LE07/C02/T1_L2/LE07_185057_20121229,2012,True,False,LE07_L2SP_185057_20121229_20200908_02_T1,LE71850572012364ASN00,0,LE07,supplemental,True,LE07_185057_20121229,30973156.402447395,5633933.144709569,0.03912196852439888,0.019445528049302108,185,57
2012,2012-12-29,12,2012,True,59.0,59.0,LANDSAT/LE07/C02/T1_L2,364,LANDSAT/LE07/C02/T1_L2/LE07_185058_20121229,2012,True,False,LE07_L2SP_185058_20121229_20200908_02_T1,LE71850582012364ASN00,0,LE07,supplemental,True,LE07_185058_20121229,38002252.27575444,4653546.191547948,0.04800036838579535,0.016061721123091784,185,58
2013,2013-01-14,1,2013,True,48.0,48.0,LANDSAT/LE07/C02/T1_L2,14,LANDSAT/LE07/C02/T1_L2/LE07_185057_20130114,2013,True,False,LE07_L2SP_185057_20130114_20200908_02_T1,LE71850572013014ASN00,0,LE07,supplemental,True,LE07_185057_20130114,199783067.8428488,81589754.55449747,0.2523445395845478,0.28160715080813087,185,57
2013,2013-01-14,1,2013,True,54.0,54.0,LANDSAT/LE07/C02/T1_L2,14,LANDSAT/LE07/C02/T1_L2/LE07_185058_20130114,2013,True,False,LE07_L2SP_185058_20130114_20200908_02_T1,LE71850582013014ASN00,0,LE07,supplemental,True,LE07_185058_20130114,66042525.76824713,16749849.071065988,0.08341783384314715,0.05781212725941584,185,58
2013,2013-01-30,1,2013,False,63.0,63.0,LANDSAT/LE07/C02/T1_L2,30,LANDSAT/LE07/C02/T1_L2/LE07_185057_20130130,2013,False,False,LE07_L2SP_185057_20130130_20210519_02_T1,LE71850572013030ASN01,0,LE07,supplemental,True,LE07_185057_20130130,4002632.2362460266,0.0,0.005055695658734608,0.0,185,57
2013,2013-02-15,2,2013,True,49.0,49.0,LANDSAT/LE07/C02/T1_L2,46,LANDSAT/LE07/C02/T1_L2/LE07_185057_20130215,2013,True,False,LE07_L2SP_185057_20130215_20200908_02_T1,LE71850572013046ASN00,0,LE07,supplemental,True,LE07_185057_20130215,431029221.99758446,140888919.6286382,0.5444298745979018,0.48627830116286985,185,57
2013,2013-02-15,2,2013,True,49.0,49.0,LANDSAT/LE07/C02/T1_L2,46,LANDSAT/LE07/C02/T1_L2/LE07_185058_20130215,2013,True,False,LE07_L2SP_185058_20130215_20200908_02_T1,LE71850582013046ASN00,0,LE07,supplemental,True,LE07_185058_20130215,124117761.61630525,22423032.045486033,0.15677224174957685,0.07739312615030614,185,58
2013,2013-03-03,3,2013,True,0.0,0.0,LANDSAT/LE07/C02/T1_L2,62,LANDSAT/LE07/C02/T1_L2/LE07_185057_20130303,2013,True,False,LE07_L2SP_185057_20130303_20200908_02_T1,LE71850572013062ASN00,0,LE07,supplemental,True,LE07_185057_20130303,587625427.9759631,216931623.58242908,0.7422254031428173,0.7487397991426161,185,57
2013,2013-03-03,3,2013,True,1.0,1.0,LANDSAT/LE07/C02/T1_L2,62,LANDSAT/LE07/C02/T1_L2/LE07_185058_20130303,2013,True,False,LE07_L2SP_185058_20130303_20200908_02_T1,LE71850582013062ASN00,0,LE07,supplemental,True,LE07_185058_20130303,134503582.88297147,27091691.823814724,0.16989049703538436,0.09350701183909683,185,58
2013,2013-03-19,3,2013,False,100.0,100.0,LANDSAT/LE07/C02/T1_L2,78,LANDSAT/LE07/C02/T1_L2/LE07_185057_20130319,2013,False,False,LE07_L2SP_185057_20130319_20200908_02_T1,LE71850572013078ASN00,0,LE07,supplemental,True,LE07_185057_20130319,0.0,0.0,0.0,0.0,185,57
2013,2013-03-19,3,2013,False,100.0,100.0,LANDSAT/LE07/C02/T1_L2,78,LANDSAT/LE07/C02/T1_L2/LE07_185058_20130319,2013,False,False,LE07_L2SP_185058_20130319_20200908_02_T1,LE71850582013078ASN00,0,LE07,supplemental,True,LE07_185058_20130319,0.0,0.0,0.0,0.0,185,58
2013,2013-03-28,3,2013,False,94.01,94.01,LANDSAT/LC08/C02/T1_L2,87,LANDSAT/LC08/C02/T1_L2/LC08_185057_20130328,2013,False,False,LC08_L2SP_185057_20130328_20200912_02_T1,LC81850572013087LGN02,0,LC08,primary,False,LC08_185057_20130328,0.0,0.0,0.0,0.0,185,57
2013,2013-03-28,3,2013,False,100.0,100.0,LANDSAT/LC08/C02/T1_L2,87,LANDSAT/LC08/C02/T1_L2/LC08_185058_20130328,2013,False,False,LC08_L2SP_185058_20130328_20200913_02_T1,LC81850582013087LGN02,0,LC08,primary,False,LC08_185058_20130328,0.0,0.0,0.0,0.0,185,58
2013,2013-04-04,4,2013,True,66.0,66.0,LANDSAT/LE07/C02/T1_L2,94,LANDSAT/LE07/C02/T1_L2/LE07_185057_20130404,2013,True,False,LE07_L2SP_185057_20130404_20200907_02_T1,LE71850572013094ASN00,0,LE07,supplemental,True,LE07_185057_20130404,135486356.65744412,69907678.02130246,0.17113183144031074,0.24128644747964867,185,57
2013,2013-04-04,4,2013,False,72.0,72.0,LANDSAT/LE07/C02/T1_L2,94,LANDSAT/LE07/C02/T1_L2/LE07_185058_20130404,2013,False,False,LE07_L2SP_185058_20130404_20200907_02_T1,LE71850582013094ASN00,0,LE07,supplemental,True,LE07_185058_20130404,45357.59296037264,0.0,5.7290845694950906e-05,0.0,185,58
2013,2013-04-12,4,2013,True,79.08,79.08,LANDSAT/LC08/C02/T1_L2,102,LANDSAT/LC08/C02/T1_L2/LC08_185057_20130412,2013,True,False,LC08_L2SP_185057_20130412_20200913_02_T1,LC81850572013102LGN02,0,LC08,primary,False,LC08_185057_20130412,155538751.99535486,47533280.144944854,0.19645986611186134,0.16406118223142466,185,57
2013,2013-04-12,4,2013,True,61.07,61.07,LANDSAT/LC08/C02/T1_L2,102,LANDSAT/LC08/C02/T1_L2/LC08_185058_20130412,2013,True,False,LC08_L2SP_185058_20130412_20200912_02_T1,LC81850582013102LGN02,0,LC08,primary,False,LC08_185058_20130412,51153661.44615718,5409198.629564232,0.06461181763335515,0.018669856559126792,185,58
2013,2013-04-20,4,2013,True,53.0,53.0,LANDSAT/LE07/C02/T1_L2,110,LANDSAT/LE07/C02/T1_L2/LE07_185057_20130420,2013,True,False,LE07_L2SP_185057_20130420_20200907_02_T1,LE71850572013110ASN00,0,LE07,supplemental,True,LE07_185057_20130420,217379579.32625467,90683387.55066301,0.27457056522585543,0.3129938376847839,185,57
2013,2013-04-20,4,2013,True,44.0,44.0,LANDSAT/LE07/C02/T1_L2,110,LANDSAT/LE07/C02/T1_L2/LE07_185058_20130420,2013,True,False,LE07_L2SP_185058_20130420_20200907_02_T1,LE71850582013110ASN00,0,LE07,supplemental,True,LE07_185058_20130420,56647764.11556874,13114556.787347049,0.07155137874587873,0.04526491090899672,185,58
2013,2013-05-22,5,2013,True,59.0,59.0,LANDSAT/LE07/C02/T1_L2,142,LANDSAT/LE07/C02/T1_L2/LE07_185057_20130522,2013,True,False,LE07_L2SP_185057_20130522_20200907_02_T1,LE71850572013142EDC00,0,LE07,supplemental,True,LE07_185057_20130522,167065730.9790398,56051494.35875389,0.2110195094081931,0.19346181038409088,185,57
2013,2013-05-22,5,2013,True,76.0,76.0,LANDSAT/LE07/C02/T1_L2,142,LANDSAT/LE07/C02/T1_L2/LE07_185058_20130522,2013,True,False,LE07_L2SP_185058_20130522_20200907_02_T1,LE71850582013142EDC00,0,LE07,supplemental,True,LE07_185058_20130522,17975712.884728286,3183309.8374253213,0.022704992172654488,0.010987198311254442,185,58
2013,2013-05-30,5,2013,True,47.76,47.76,LANDSAT/LC08/C02/T1_L2,150,LANDSAT/LC08/C02/T1_L2/LC08_185057_20130530,2013,True,False,LC08_L2SP_185057_20130530_20200913_02_T1,LC81850572013150LGN01,0,LC08,primary,False,LC08_185057_20130530,262283976.81375682,111191510.44403723,0.3312889830159888,0.3837776522453311,185,57
2013,2013-05-30,5,2013,True,57.09,57.09,LANDSAT/LC08/C02/T1_L2,150,LANDSAT/LC08/C02/T1_L2/LC08_185058_20130530,2013,True,False,LC08_L2SP_185058_20130530_20200913_02_T1,LC81850582013150LGN01,0,LC08,primary,False,LC08_185058_20130530,57219064.0079542,16058323.45655781,0.07227298348378432,0.05542532564350443,185,58
2013,2013-06-15,6,2013,False,65.17,65.17,LANDSAT/LC08/C02/T1_L2,166,LANDSAT/LC08/C02/T1_L2/LC08_185058_20130615,2013,False,False,LC08_L2SP_185058_20130615_20200912_02_T1,LC81850582013166LGN01,0,LC08,primary,False,LC08_185058_20130615,0.0,0.0,0.0,0.0,185,58
2013,2013-07-09,7,2013,False,82.0,82.0,LANDSAT/LE07/C02/T1_L2,190,LANDSAT/LE07/C02/T1_L2/LE07_185057_20130709,2013,False,False,LE07_L2SP_185057_20130709_20200907_02_T1,LE71850572013190ASN00,0,LE07,supplemental,True,LE07_185057_20130709,165439.61151123047,0.0,0.00020896556973830783,0.0,185,57
2013,2013-07-17,7,2013,False,86.01,86.01,LANDSAT/LC08/C02/T1_L2,198,LANDSAT/LC08/C02/T1_L2/LC08_185057_20130717,2013,False,False,LC08_L2SP_185057_20130717_20200912_02_T1,LC81850572013198LGN01,0,LC08,primary,False,LC08_185057_20130717,0.0,0.0,0.0,0.0,185,57
2013,2013-09-19,9,2013,True,83.97,83.97,LANDSAT/LC08/C02/T1_L2,262,LANDSAT/LC08/C02/T1_L2/LC08_185057_20130919,2013,True,False,LC08_L2SP_185057_20130919_20200913_02_T1,LC81850572013262LGN01,0,LC08,primary,False,LC08_185057_20130919,220799786.30707625,95109553.87634614,0.27889060378156616,0.3282707568860295,185,57
2013,2013-09-27,9,2013,False,94.0,94.0,LANDSAT/LE07/C02/T1_L2,270,LANDSAT/LE07/C02/T1_L2/LE07_185057_20130927,2013,False,False,LE07_L2SP_185057_20130927_20200907_02_T1,LE71850572013270ASN00,0,LE07,supplemental,True,LE07_185057_20130927,0.0,0.0,0.0,0.0,185,57
2013,2013-09-27,9,2013,True,88.0,88.0,LANDSAT/LE07/C02/T1_L2,270,LANDSAT/LE07/C02/T1_L2/LE07_185058_20130927,2013,True,False,LE07_L2SP_185058_20130927_20200907_02_T1,LE71850582013270ASN00,0,LE07,supplemental,True,LE07_185058_20130927,21301422.967138436,3297574.1034622495,0.026905672383440018,0.011381581583682953,185,58
2013,2013-10-13,10,2013,False,79.0,79.0,LANDSAT/LE07/C02/T1_L2,286,LANDSAT/LE07/C02/T1_L2/LE07_185058_20131013,2013,False,False,LE07_L2SP_185058_20131013_20200907_02_T1,LE71850582013286ASN00,0,LE07,supplemental,True,LE07_185058_20131013,0.0,0.0,0.0,0.0,185,58
2013,2013-10-21,10,2013,True,67.82,67.82,LANDSAT/LC08/C02/T1_L2,294,LANDSAT/LC08/C02/T1_L2/LC08_185057_20131021,2013,True,False,LC08_L2SP_185057_20131021_20200912_02_T1,LC81850572013294LGN01,0,LC08,primary,False,LC08_185057_20131021,583203113.6108303,211917558.2834698,0.7366396100402437,0.7314337458211454,185,57
2013,2013-10-29,10,2013,True,77.0,77.0,LANDSAT/LE07/C02/T1_L2,302,LANDSAT/LE07/C02/T1_L2/LE07_185057_20131029,2013,True,False,LE07_L2SP_185057_20131029_20200907_02_T1,LE71850572013302ASN00,0,LE07,supplemental,True,LE07_185057_20131029,125788345.37597874,45836606.63326535,0.15888234394304118,0.1582051112567712,185,57
2013,2013-11-22,11,2013,True,70.55,70.55,LANDSAT/LC08/C02/T1_L2,326,LANDSAT/LC08/C02/T1_L2/LC08_185057_20131122,2013,True,False,LC08_L2SP_185057_20131122_20200912_02_T1,LC81850572013326LGN01,0,LC08,primary,False,LC08_185057_20131122,245817603.1121754,73690018.83777717,0.3104904261852308,0.2543412020444671,185,57
2013,2013-11-22,11,2013,True,74.59,74.59,LANDSAT/LC08/C02/T1_L2,326,LANDSAT/LC08/C02/T1_L2/LC08_185058_20131122,2013,True,False,LC08_L2SP_185058_20131122_20200912_02_T1,LC81850582013326LGN01,0,LC08,primary,False,LC08_185058_20131122,78212206.65855351,19465830.688395664,0.09878926924212136,0.06718634157198125,185,58
2013,2013-11-30,11,2013,False,95.0,95.0,LANDSAT/LE07/C02/T1_L2,334,LANDSAT/LE07/C02/T1_L2/LE07_185057_20131130,2013,False,False,LE07_L2SP_185057_20131130_20200907_02_T1,LE71850572013334SG100,0,LE07,supplemental,True,LE07_185057_20131130,0.0,0.0,0.0,0.0,185,57
2013,2013-11-30,11,2013,False,100.0,100.0,LANDSAT/LE07/C02/T1_L2,334,LANDSAT/LE07/C02/T1_L2/LE07_185058_20131130,2013,False,False,LE07_L2SP_185058_20131130_20200907_02_T1,LE71850582013334SG100,0,LE07,supplemental,True,LE07_185058_20131130,0.0,0.0,0.0,0.0,185,58
2013,2013-12-08,12,2013,True,63.6,63.6,LANDSAT/LC08/C02/T1_L2,342,LANDSAT/LC08/C02/T1_L2/LC08_185058_20131208,2013,True,False,LC08_L2SP_185058_20131208_20200912_02_T1,LC81850582013342LGN01,0,LC08,primary,False,LC08_185058_20131208,124108195.27726787,38692029.04778886,0.1567601585763332,0.13354559182863285,185,58
2013,2013-12-16,12,2013,True,0.0,0.0,LANDSAT/LE07/C02/T1_L2,350,LANDSAT/LE07/C02/T1_L2/LE07_185057_20131216,2013,True,False,LE07_L2SP_185057_20131216_20200907_02_T1,LE71850572013350SG100,0,LE07,supplemental,True,LE07_185057_20131216,592307198.059058,217594232.94909286,0.7481389128752265,0.7510267962890573,185,57
2013,2013-12-16,12,2013,True,2.0,2.0,LANDSAT/LE07/C02/T1_L2,350,LANDSAT/LE07/C02/T1_L2/LE07_185058_20131216,2013,True,False,LE07_L2SP_185058_20131216_20200907_02_T1,LE71850582013350SG100,0,LE07,supplemental,True,LE07_185058_20131216,135206467.45639053,25902372.692834012,0.1707783054266342,0.08940207521187152,185,58
2013,2013-12-24,12,2013,True,69.37,69.37,LANDSAT/LC08/C02/T1_L2,358,LANDSAT/LC08/C02/T1_L2/LC08_185057_20131224,2013,True,False,LC08_L2SP_185057_20131224_20200912_02_T1,LC81850572013358LGN01,0,LC08,primary,False,LC08_185057_20131224,378585742.4937552,187582168.2478322,0.4781888971592367,0.6474401134201184,185,57
2013,2013-12-24,12,2013,True,82.16,82.16,LANDSAT/LC08/C02/T1_L2,358,LANDSAT/LC08/C02/T1_L2/LC08_185058_20131224,2013,True,False,LC08_L2SP_185058_20131224_20200912_02_T1,LC81850582013358LGN01,0,LC08,primary,False,LC08_185058_20131224,208793950.8201459,89671823.29708637,0.26372612031963244,0.30950242226302527,185,58
2014,2014-01-01,1,2014,True,48.0,48.0,LANDSAT/LE07/C02/T1_L2,1,LANDSAT/LE07/C02/T1_L2/LE07_185057_20140101,2014,True,False,LE07_L2SP_185057_20140101_20200907_02_T1,LE71850572014001SG100,0,LE07,supplemental,True,LE07_185057_20140101,214518038.018198,84878778.0410843,0.27095617321716065,0.2929592199258298,185,57
2014,2014-01-01,1,2014,True,38.0,38.0,LANDSAT/LE07/C02/T1_L2,1,LANDSAT/LE07/C02/T1_L2/LE07_185058_20140101,2014,True,False,LE07_L2SP_185058_20140101_20200907_02_T1,LE71850582014001SG100,0,LE07,supplemental,True,LE07_185058_20140101,43357510.24589315,8082276.482257682,0.05476455576875281,0.027895988468648818,185,58
2014,2014-01-09,1,2014,True,35.63,35.63,LANDSAT/LC08/C02/T1_L2,9,LANDSAT/LC08/C02/T1_L2/LC08_185057_20140109,2014,True,False,LC08_L2SP_185057_20140109_20200912_02_T1,LC81850572014009LGN01,0,LC08,primary,False,LC08_185057_20140109,86574245.51559821,44755550.32854196,0.1093512996892105,0.1544738439242659,185,57
2014,2014-01-17,1,2014,True,71.0,71.0,LANDSAT/LE07/C02/T1_L2,17,LANDSAT/LE07/C02/T1_L2/LE07_185057_20140117,2014,True,False,LE07_L2SP_185057_20140117_20200907_02_T1,LE71850572014017SG100,0,LE07,supplemental,True,LE07_185057_20140117,107861784.07781981,21694686.438270237,0.1362394347818081,0.07487924027858607,185,57
2014,2014-01-17,1,2014,True,88.0,88.0,LANDSAT/LE07/C02/T1_L2,17,LANDSAT/LE07/C02/T1_L2/LE07_185058_20140117,2014,True,False,LE07_L2SP_185058_20140117_20200906_02_T1,LE71850582014017SG100,0,LE07,supplemental,True,LE07_185058_20140117,77572216.47025695,11740916.487327911,0.09798090229116754,0.04052378951163749,185,58
2014,2014-01-25,1,2014,True,60.52,60.52,LANDSAT/LC08/C02/T1_L2,25,LANDSAT/LC08/C02/T1_L2/LC08_185057_20140125,2014,True,False,LC08_L2SP_185057_20140125_20200912_02_T1,LC81850572014025LGN01,0,LC08,primary,False,LC08_185057_20140125,473742211.95904636,201323407.81613964,0.5983803414842293,0.6948680208152597,185,57
2014,2014-01-25,1,2014,True,60.38,60.38,LANDSAT/LC08/C02/T1_L2,25,LANDSAT/LC08/C02/T1_L2/LC08_185058_20140125,2014,True,False,LC08_L2SP_185058_20140125_20200912_02_T1,LC81850582014025LGN01,0,LC08,primary,False,LC08_185058_20140125,215361002.0167653,84512822.52079792,0.27202091491124725,0.29169612394088573,185,58
2014,2014-02-10,2,2014,False,95.0,95.0,LANDSAT/LC08/C02/T1_L2,41,LANDSAT/LC08/C02/T1_L2/LC08_185057_20140210,2014,False,False,LC08_L2SP_185057_20140210_20200912_02_T1,LC81850572014041LGN01,0,LC08,primary,False,LC08_185057_20140210,0.0,0.0,0.0,0.0,185,57
2014,2014-02-18,2,2014,True,17.0,17.0,LANDSAT/LE07/C02/T1_L2,49,LANDSAT/LE07/C02/T1_L2/LE07_185057_20140218,2014,True,False,LE07_L2SP_185057_20140218_20200906_02_T1,LE71850572014049SG100,0,LE07,supplemental,True,LE07_185057_20140218,242804679.65250626,98307487.6005261,0.30668482448212875,0.3393084295626647,185,57
2014,2014-02-18,2,2014,True,46.0,46.0,LANDSAT/LE07/C02/T1_L2,49,LANDSAT/LE07/C02/T1_L2/LE07_185058_20140218,2014,True,False,LE07_L2SP_185058_20140218_20200906_02_T1,LE71850582014049SG100,0,LE07,supplemental,True,LE07_185058_20140218,45765739.92962934,8089817.768983607,0.05780637316257858,0.02792201723022447,185,58
2014,2014-02-26,2,2014,False,100.0,100.0,LANDSAT/LC08/C02/T1_L2,57,LANDSAT/LC08/C02/T1_L2/LC08_185057_20140226,2014,False,False,LC08_L2SP_185057_20140226_20200911_02_T1,LC81850572014057LGN01,0,LC08,primary,False,LC08_185057_20140226,0.0,0.0,0.0,0.0,185,57
2014,2014-02-26,2,2014,False,100.0,100.0,LANDSAT/LC08/C02/T1_L2,57,LANDSAT/LC08/C02/T1_L2/LC08_185058_20140226,2014,False,False,LC08_L2SP_185058_20140226_20200911_02_T1,LC81850582014057LGN01,0,LC08,primary,False,LC08_185058_20140226,0.0,0.0,0.0,0.0,185,58
2014,2014-03-06,3,2014,True,65.0,65.0,LANDSAT/LE07/C02/T1_L2,65,LANDSAT/LE07/C02/T1_L2/LE07_185057_20140306,2014,True,False,LE07_L2SP_185057_20140306_20200906_02_T1,LE71850572014065SG100,0,LE07,supplemental,True,LE07_185057_20140306,192057119.85749897,87484521.1406317,0.2425859508899801,0.3019529458416414,185,57
2014,2014-03-06,3,2014,False,100.0,100.0,LANDSAT/LE07/C02/T1_L2,65,LANDSAT/LE07/C02/T1_L2/LE07_185058_20140306,2014,False,False,LE07_L2SP_185058_20140306_20200906_02_T1,LE71850582014065SG100,0,LE07,supplemental,True,LE07_185058_20140306,0.0,0.0,0.0,0.0,185,58
2014,2014-03-14,3,2014,True,42.66,42.66,LANDSAT/LC08/C02/T1_L2,73,LANDSAT/LC08/C02/T1_L2/LC08_185057_20140314,2014,True,False,LC08_L2SP_185057_20140314_20200911_02_T1,LC81850572014073LGN01,0,LC08,primary,False,LC08_185057_20140314,230849395.15520307,80675210.90426601,0.2915841916074382,0.27845060213314593,185,57
2014,2014-03-14,3,2014,True,71.01,71.01,LANDSAT/LC08/C02/T1_L2,73,LANDSAT/LC08/C02/T1_L2/LC08_185058_20140314,2014,True,False,LC08_L2SP_185058_20140314_20200911_02_T1,LC81850582014073LGN01,0,LC08,primary,False,LC08_185058_20140314,112163349.91018522,43250530.90315828,0.14167271129108025,0.14927926729381294,185,58
2014,2014-03-22,3,2014,True,59.0,59.0,LANDSAT/LE07/C02/T1_L2,81,LANDSAT/LE07/C02/T1_L2/LE07_185057_20140322,2014,True,False,LE07_L2SP_185057_20140322_20200906_02_T1,LE71850572014081ASN00,0,LE07,supplemental,True,LE07_185057_20140322,23685200.948368806,883901.8253023035,0.029916605009715092,0.0030507883738175447,185,57
2014,2014-03-22,3,2014,False,61.0,61.0,LANDSAT/LE07/C02/T1_L2,81,LANDSAT/LE07/C02/T1_L2/LE07_185058_20140322,2014,False,False,LE07_L2SP_185058_20140322_20200906_02_T1,LE71850582014081ASN00,0,LE07,supplemental,True,LE07_185058_20140322,2396840.492625517,0.0,0.0030274317893894355,0.0,185,58
2014,2014-03-30,3,2014,True,70.48,70.48,LANDSAT/LC08/C02/T1_L2,89,LANDSAT/LC08/C02/T1_L2/LC08_185057_20140330,2014,True,False,LC08_L2SP_185057_20140330_20200911_02_T1,LC81850572014089LGN01,0,LC08,primary,False,LC08_185057_20140330,121902669.5018131,43823045.50227458,0.153974375014401,0.1512553022253252,185,57
2014,2014-04-23,4,2014,True,86.0,86.0,LANDSAT/LE07/C02/T1_L2,113,LANDSAT/LE07/C02/T1_L2/LE07_185057_20140423,2014,True,False,LE07_L2SP_185057_20140423_20200906_02_T1,LE71850572014113ASN00,0,LE07,supplemental,True,LE07_185057_20140423,41689984.832872584,6414157.955539119,0.05265831655069653,0.022138475064123236,185,57
2014,2014-04-23,4,2014,False,100.0,100.0,LANDSAT/LE07/C02/T1_L2,113,LANDSAT/LE07/C02/T1_L2/LE07_185058_20140423,2014,False,False,LE07_L2SP_185058_20140423_20200906_02_T1,LE71850582014113ASN00,0,LE07,supplemental,True,LE07_185058_20140423,0.0,0.0,0.0,0.0,185,58
2014,2014-05-01,5,2014,True,32.44,32.44,LANDSAT/LC08/C02/T1_L2,121,LANDSAT/LC08/C02/T1_L2/LC08_185057_20140501,2014,True,False,LC08_L2SP_185057_20140501_20200911_02_T1,LC81850572014121LGN01,0,LC08,primary,False,LC08_185057_20140501,148186457.83175835,67797672.28171054,0.18717323684124504,0.23400375974808554,185,57
2014,2014-05-01,5,2014,True,38.61,38.61,LANDSAT/LC08/C02/T1_L2,121,LANDSAT/LC08/C02/T1_L2/LC08_185058_20140501,2014,True,False,LC08_L2SP_185058_20140501_20200911_02_T1,LC81850582014121LGN01,0,LC08,primary,False,LC08_185058_20140501,21589350.193083163,7186715.73896197,0.027269351167880502,0.024804959323234926,185,58
2014,2014-05-09,5,2014,True,21.0,21.0,LANDSAT/LE07/C02/T1_L2,129,LANDSAT/LE07/C02/T1_L2/LE07_185057_20140509,2014,True,False,LE07_L2SP_185057_20140509_20200906_02_T1,LE71850572014129SG100,0,LE07,supplemental,True,LE07_185057_20140509,514755979.84897983,193603545.0448946,0.65018453333373,0.6682229037719428,185,57
2014,2014-05-09,5,2014,True,41.0,41.0,LANDSAT/LE07/C02/T1_L2,129,LANDSAT/LE07/C02/T1_L2/LE07_185058_20140509,2014,True,False,LE07_L2SP_185058_20140509_20200906_02_T1,LE71850582014129SG100,0,LE07,supplemental,True,LE07_185058_20140509,133333347.42761087,24661028.04094264,0.16841238114509896,0.08511757242719227,185,58
2014,2014-05-17,5,2014,True,8.83,8.83,LANDSAT/LC08/C02/T1_L2,137,LANDSAT/LC08/C02/T1_L2/LC08_185057_20140517,2014,True,False,LC08_L2SP_185057_20140517_20200911_02_T1,LC81850572014137LGN02,0,LC08,primary,False,LC08_185057_20140517,741951814.7820418,274970166.1423738,0.9371539396039752,0.9490599091442407,185,57
2014,2014-05-17,5,2014,True,34.85,34.85,LANDSAT/LC08/C02/T1_L2,137,LANDSAT/LC08/C02/T1_L2/LC08_185058_20140517,2014,True,False,LC08_L2SP_185058_20140517_20200911_02_T1,LC81850582014137LGN02,0,LC08,primary,False,LC08_185058_20140517,373835659.97558063,120070631.49856201,0.47218910248704626,0.4144239508584133,185,58
2014,2014-05-25,5,2014,True,22.0,22.0,LANDSAT/LE07/C02/T1_L2,145,LANDSAT/LE07/C02/T1_L2/LE07_185057_20140525,2014,True,False,LE07_L2SP_185057_20140525_20210519_02_T1,LE71850572014145ASN01,0,LE07,supplemental,True,LE07_185057_20140525,320820671.43633294,121705909.39518158,0.40522625614343205,0.42006811478268347,185,57
2014,2014-05-25,5,2014,True,22.0,22.0,LANDSAT/LE07/C02/T1_L2,145,LANDSAT/LE07/C02/T1_L2/LE07_185058_20140525,2014,True,False,LE07_L2SP_185058_20140525_20210519_02_T1,LE71850582014145ASN01,0,LE07,supplemental,True,LE07_185058_20140525,90013530.17802472,9549437.760540891,0.11369543512576762,0.032959897651968884,185,58
2014,2014-06-02,6,2014,True,72.13,72.13,LANDSAT/LC08/C02/T1_L2,153,LANDSAT/LC08/C02/T1_L2/LC08_185057_20140602,2014,True,False,LC08_L2SP_185057_20140602_20200911_02_T1,LC81850572014153LGN01,0,LC08,primary,False,LC08_185057_20140602,10210763.922859697,107806.81542083141,0.012897141628375346,0.00037209537268653194,185,57
2014,2014-06-02,6,2014,True,57.76,57.76,LANDSAT/LC08/C02/T1_L2,153,LANDSAT/LC08/C02/T1_L2/LC08_185058_20140602,2014,True,False,LC08_L2SP_185058_20140602_20200911_02_T1,LC81850582014153LGN01,0,LC08,primary,False,LC08_185058_20140602,24376752.987425324,1000726.1386639762,0.030790099359254978,0.003454007653131867,185,58
2014,2014-06-10,6,2014,False,72.0,72.0,LANDSAT/LE07/C02/T1_L2,161,LANDSAT/LE07/C02/T1_L2/LE07_185058_20140610,2014,False,False,LE07_L2SP_185058_20140610_20200906_02_T1,LE71850582014161ASN00,0,LE07,supplemental,True,LE07_185058_20140610,0.0,0.0,0.0,0.0,185,58
2014,2014-06-26,6,2014,True,66.0,66.0,LANDSAT/LE07/C02/T1_L2,177,LANDSAT/LE07/C02/T1_L2/LE07_185057_20140626,2014,True,False,LE07_L2SP_185057_20140626_20200906_02_T1,LE71850572014177ASN00,0,LE07,supplemental,True,LE07_185057_20140626,153682670.0271489,40346043.5032102,0.19411546248068604,0.1392544250115486,185,57
2014,2014-06-26,6,2014,True,70.0,70.0,LANDSAT/LE07/C02/T1_L2,177,LANDSAT/LE07/C02/T1_L2/LE07_185058_20140626,2014,True,False,LE07_L2SP_185058_20140626_20200906_02_T1,LE71850582014177ASN00,0,LE07,supplemental,True,LE07_185058_20140626,34699883.163714,7316722.515271951,0.04382916998487989,0.025253677891666822,185,58
2014,2014-07-20,7,2014,True,70.19,70.19,LANDSAT/LC08/C02/T1_L2,201,LANDSAT/LC08/C02/T1_L2/LC08_185057_20140720,2014,True,False,LC08_L2SP_185057_20140720_20200911_02_T1,LC81850572014201LGN01,0,LC08,primary,False,LC08_185057_20140720,281706581.0373004,107511100.93721084,0.35582153311266823,0.3710747137368906,185,57
2014,2014-08-05,8,2014,False,88.35,88.35,LANDSAT/LC08/C02/T1_L2,217,LANDSAT/LC08/C02/T1_L2/LC08_185057_20140805,2014,False,False,LC08_L2SP_185057_20140805_20200911_02_T1,LC81850572014217LGN01,0,LC08,primary,False,LC08_185057_20140805,3526720.3954896214,0.0,0.004454574874900332,0.0,185,57
2014,2014-08-05,8,2014,False,81.61,81.61,LANDSAT/LC08/C02/T1_L2,217,LANDSAT/LC08/C02/T1_L2/LC08_185058_20140805,2014,False,False,LC08_L2SP_185058_20140805_20200911_02_T1,LC81850582014217LGN01,0,LC08,primary,False,LC08_185058_20140805,4096203.426650821,0.0,0.005173884748611081,0.0,185,58
2014,2014-08-13,8,2014,True,85.0,85.0,LANDSAT/LE07/C02/T1_L2,225,LANDSAT/LE07/C02/T1_L2/LE07_185057_20140813,2014,True,False,LE07_L2SP_185057_20140813_20200905_02_T1,LE71850572014225ASN00,0,LE07,supplemental,True,LE07_185057_20140813,5027457.943166217,2836485.044435748,0.006350145553610627,0.009790132058062364,185,57
2014,2014-08-13,8,2014,True,34.0,34.0,LANDSAT/LE07/C02/T1_L2,225,LANDSAT/LE07/C02/T1_L2/LE07_185058_20140813,2014,True,False,LE07_L2SP_185058_20140813_20200905_02_T1,LE71850582014225ASN00,0,LE07,supplemental,True,LE07_185058_20140813,899.0662231445312,899.0662231445312,1.135604005810375e-06,3.103128313965524e-06,185,58
2014,2014-09-14,9,2014,False,50.0,50.0,LANDSAT/LE07/C02/T1_L2,257,LANDSAT/LE07/C02/T1_L2/LE07_185057_20140914,2014,False,False,LE07_L2SP_185057_20140914_20200905_02_T1,LE71850572014257ASN00,0,LE07,supplemental,True,LE07_185057_20140914,0.0,0.0,0.0,0.0,185,57
2014,2014-09-30,9,2014,False,89.0,89.0,LANDSAT/LE07/C02/T1_L2,273,LANDSAT/LE07/C02/T1_L2/LE07_185058_20140930,2014,False,False,LE07_L2SP_185058_20140930_20200905_02_T1,LE71850582014273ASN00,0,LE07,supplemental,True,LE07_185058_20140930,3166999.766639619,0.0,0.004000214365542146,0.0,185,58
2014,2014-10-08,10,2014,True,77.08,77.08,LANDSAT/LC08/C02/T1_L2,281,LANDSAT/LC08/C02/T1_L2/LC08_185057_20141008,2014,True,False,LC08_L2SP_185057_20141008_20200910_02_T1,LC81850572014281LGN01,0,LC08,primary,False,LC08_185057_20141008,134542855.79697263,63417701.56426859,0.16994010236735155,0.21888628475264346,185,57
2014,2014-10-08,10,2014,True,71.44,71.44,LANDSAT/LC08/C02/T1_L2,281,LANDSAT/LC08/C02/T1_L2/LC08_185058_20141008,2014,True,False,LC08_L2SP_185058_20141008_20200910_02_T1,LC81850582014281LGN01,0,LC08,primary,False,LC08_185058_20141008,78126070.09003164,34349185.24637619,0.09868047076905885,0.11855626043526908,185,58
2014,2014-10-16,10,2014,True,80.0,80.0,LANDSAT/LE07/C02/T1_L2,289,LANDSAT/LE07/C02/T1_L2/LE07_185057_20141016,2014,True,False,LE07_L2SP_185057_20141016_20200905_02_T1,LE71850572014289ASN00,0,LE07,supplemental,True,LE07_185057_20141016,170598992.84414542,54328154.93906106,0.21548234676577668,0.18751370199100975,185,57
2014,2014-10-16,10,2014,True,78.0,78.0,LANDSAT/LE07/C02/T1_L2,289,LANDSAT/LE07/C02/T1_L2/LE07_185058_20141016,2014,True,False,LE07_L2SP_185058_20141016_20200905_02_T1,LE71850582014289ASN01,0,LE07,supplemental,True,LE07_185058_20141016,42084446.40600946,7183062.303909602,0.053156558094045535,0.024792349487093395,185,58
2014,2014-10-24,10,2014,True,43.34,43.34,LANDSAT/LC08/C02/T1_L2,297,LANDSAT/LC08/C02/T1_L2/LC08_185057_20141024,2014,True,False,LC08_L2SP_185057_20141024_20200910_02_T1,LC81850572014297LGN01,0,LC08,primary,False,LC08_185057_20141024,119416321.33126555,21937161.492657594,0.15083388672819031,0.07571614326451749,185,57
2014,2014-10-24,10,2014,True,76.47,76.47,LANDSAT/LC08/C02/T1_L2,297,LANDSAT/LC08/C02/T1_L2/LC08_185058_20141024,2014,True,False,LC08_L2SP_185058_20141024_20200910_02_T1,LC81850582014297LGN01,0,LC08,primary,False,LC08_185058_20141024,44488000.33142713,6024206.010200291,0.05619246957155499,0.02079255538488696,185,58
2014,2014-11-01,11,2014,True,86.0,86.0,LANDSAT/LE07/C02/T1_L2,305,LANDSAT/LE07/C02/T1_L2/LE07_185057_20141101,2014,True,False,LE07_L2SP_185057_20141101_20200905_02_T1,LE71850572014305ASN00,0,LE07,supplemental,True,LE07_185057_20141101,63692319.3288725,11869723.854960121,0.08044930518715945,0.04096836831935744,185,57
2014,2014-11-09,11,2014,True,34.29,34.29,LANDSAT/LC08/C02/T1_L2,313,LANDSAT/LC08/C02/T1_L2/LC08_185057_20141109,2014,True,False,LC08_L2SP_185057_20141109_20200910_02_T1,LC81850572014313LGN01,0,LC08,primary,False,LC08_185057_20141109,415925772.02149194,179184418.96520162,0.5253528168096347,0.6184552701442017,185,57
2014,2014-11-09,11,2014,True,64.54,64.54,LANDSAT/LC08/C02/T1_L2,313,LANDSAT/LC08/C02/T1_L2/LC08_185058_20141109,2014,True,False,LC08_L2SP_185058_20141109_20200910_02_T1,LC81850582014313LGN01,0,LC08,primary,False,LC08_185058_20141109,189412453.08434075,75441415.05562985,0.23924549152856858,0.2603861485152424,185,58
2014,2014-12-03,12,2014,True,41.0,41.0,LANDSAT/LE07/C02/T1_L2,337,LANDSAT/LE07/C02/T1_L2/LE07_185057_20141203,2014,True,False,LE07_L2SP_185057_20141203_20200905_02_T1,LE71850572014337SG100,0,LE07,supplemental,True,LE07_185057_20141203,196545739.55062497,75275348.15740392,0.24825549376997527,0.2598129683860913,185,57
2014,2014-12-03,12,2014,True,42.0,42.0,LANDSAT/LE07/C02/T1_L2,337,LANDSAT/LE07/C02/T1_L2/LE07_185058_20141203,2014,True,False,LE07_L2SP_185058_20141203_20200905_02_T1,LE71850582014337SG100,0,LE07,supplemental,True,LE07_185058_20141203,41780082.05965743,8400937.09373516,0.05277211770239749,0.028995846010357807,185,58
2014,2014-12-11,12,2014,True,68.42,68.42,LANDSAT/LC08/C02/T1_L2,345,LANDSAT/LC08/C02/T1_L2/LC08_185057_20141211,2014,True,False,LC08_L2SP_185057_20141211_20200910_02_T1,LC81850572014345LGN01,0,LC08,primary,False,LC08_185057_20141211,626000981.0798454,227092336.88660705,0.7906972850888836,0.7838095151797764,185,57
2014,2014-12-11,12,2014,False,93.81,93.81,LANDSAT/LC08/C02/T1_L2,345,LANDSAT/LC08/C02/T1_L2/LC08_185058_20141211,2014,False,False,LC08_L2SP_185058_20141211_20200910_02_T1,LC81850582014345LGN01,0,LC08,primary,False,LC08_185058_20141211,0.0,0.0,0.0,0.0,185,58
2014,2014-12-19,12,2014,True,43.0,43.0,LANDSAT/LE07/C02/T1_L2,353,LANDSAT/LE07/C02/T1_L2/LE07_185057_20141219,2014,True,False,LE07_L2SP_185057_20141219_20200905_02_T1,LE71850572014353SG100,0,LE07,supplemental,True,LE07_185057_20141219,27317836.515873447,7610838.407713646,0.034504960567862175,0.026268819301640958,185,57
2014,2014-12-19,12,2014,False,72.0,72.0,LANDSAT/LE07/C02/T1_L2,353,LANDSAT/LE07/C02/T1_L2/LE07_185058_20141219,2014,False,False,LE07_L2SP_185058_20141219_20200905_02_T1,LE71850582014353SG100,0,LE07,supplemental,True,LE07_185058_20141219,0.0,0.0,0.0,0.0,185,58
2014,2014-12-27,12,2014,True,66.65,66.65,LANDSAT/LC08/C02/T1_L2,361,LANDSAT/LC08/C02/T1_L2/LC08_185057_20141227,2014,True,False,LC08_L2SP_185057_20141227_20200910_02_T1,LC81850572014361LGN01,0,LC08,primary,False,LC08_185057_20141227,22738952.08421918,3011212.257244035,0.028721404953301576,0.010393203274984851,185,57
2014,2014-12-27,12,2014,False,82.77,82.77,LANDSAT/LC08/C02/T1_L2,361,LANDSAT/LC08/C02/T1_L2/LC08_185058_20141227,2014,False,False,LC08_L2SP_185058_20141227_20200910_02_T1,LC81850582014361LGN01,0,LC08,primary,False,LC08_185058_20141227,150173.60770694507,0.0,0.00018968319139221794,0.0,185,58
2015,2015-01-04,1,2015,True,4.0,4.0,LANDSAT/LE07/C02/T1_L2,4,LANDSAT/LE07/C02/T1_L2/LE07_185057_20150104,2015,True,False,LE07_L2SP_185057_20150104_20200905_02_T1,LE71850572015004SG100,0,LE07,supplemental,True,LE07_185057_20150104,574911737.45032,213113326.716447,0.726166833131081,0.7355609422231408,185,57
2015,2015-01-04,1,2015,True,14.0,14.0,LANDSAT/LE07/C02/T1_L2,4,LANDSAT/LE07/C02/T1_L2/LE07_185058_20150104,2015,True,False,LE07_L2SP_185058_20150104_20200905_02_T1,LE71850582015004SG100,0,LE07,supplemental,True,LE07_185058_20150104,133421237.28756511,27432781.59137204,0.16852339418781462,0.09468428364406917,185,58
2015,2015-01-12,1,2015,True,0.0,0.0,LANDSAT/LC08/C02/T1_L2,12,LANDSAT/LC08/C02/T1_L2/LC08_185057_20150112,2015,True,False,LC08_L2SP_185057_20150112_20200910_02_T1,LC81850572015012LGN01,0,LC08,primary,False,LC08_185057_20150112,790831781.2489959,289403308.95108145,0.9988938696500699,0.9988759215315826,185,57
2015,2015-01-12,1,2015,True,0.0,0.0,LANDSAT/LC08/C02/T1_L2,12,LANDSAT/LC08/C02/T1_L2/LC08_185058_20150112,2015,True,False,LC08_L2SP_185058_20150112_20200910_02_T1,LC81850582015012LGN01,0,LC08,primary,False,LC08_185058_20150112,399002331.63038856,128469669.1910183,0.5039769423684695,0.4434132410826273,185,58
2015,2015-01-20,1,2015,True,15.0,15.0,LANDSAT/LE07/C02/T1_L2,20,LANDSAT/LE07/C02/T1_L2/LE07_185057_20150120,2015,True,False,LE07_L2SP_185057_20150120_20200905_02_T1,LE71850572015020SG101,0,LE07,supplemental,True,LE07_185057_20150120,354504257.7626074,145723673.14266887,0.44777174898643,0.5029654596103973,185,57
2015,2015-01-20,1,2015,True,46.0,46.0,LANDSAT/LE07/C02/T1_L2,20,LANDSAT/LE07/C02/T1_L2/LE07_185058_20150120,2015,True,False,LE07_L2SP_185058_20150120_20200905_02_T1,LE71850582015020SG101,0,LE07,supplemental,True,LE07_185058_20150120,12155296.920492733,3013342.862563907,0.015353267111344963,0.010400557062196272,185,58
2015,2015-01-28,1,2015,False,99.99,99.99,LANDSAT/LC08/C02/T1_L2,28,LANDSAT/LC08/C02/T1_L2/LC08_185057_20150128,2015,False,False,LC08_L2SP_185057_20150128_20200910_02_T1,LC81850572015028LGN01,0,LC08,primary,False,LC08_185057_20150128,0.0,0.0,0.0,0.0,185,57
2015,2015-02-05,2,2015,False,100.0,100.0,LANDSAT/LE07/C02/T1_L2,36,LANDSAT/LE07/C02/T1_L2/LE07_185057_20150205,2015,False,False,LE07_L2SP_185057_20150205_20210519_02_T1,LE71850572015036ASN01,0,LE07,supplemental,True,LE07_185057_20150205,0.0,0.0,0.0,0.0,185,57
2015,2015-02-05,2,2015,False,100.0,100.0,LANDSAT/LE07/C02/T1_L2,36,LANDSAT/LE07/C02/T1_L2/LE07_185058_20150205,2015,False,False,LE07_L2SP_185058_20150205_20210519_02_T1,LE71850582015036ASN01,0,LE07,supplemental,True,LE07_185058_20150205,0.0,0.0,0.0,0.0,185,58
2015,2015-02-13,2,2015,False,99.91,99.91,LANDSAT/LC08/C02/T1_L2,44,LANDSAT/LC08/C02/T1_L2/LC08_185057_20150213,2015,False,False,LC08_L2SP_185057_20150213_20200910_02_T1,LC81850572015044LGN01,0,LC08,primary,False,LC08_185057_20150213,0.0,0.0,0.0,0.0,185,57
2015,2015-02-13,2,2015,False,99.98,99.98,LANDSAT/LC08/C02/T1_L2,44,LANDSAT/LC08/C02/T1_L2/LC08_185058_20150213,2015,False,False,LC08_L2SP_185058_20150213_20200909_02_T1,LC81850582015044LGN01,0,LC08,primary,False,LC08_185058_20150213,0.0,0.0,0.0,0.0,185,58
2015,2015-02-21,2,2015,True,88.0,88.0,LANDSAT/LE07/C02/T1_L2,52,LANDSAT/LE07/C02/T1_L2/LE07_185057_20150221,2015,True,False,LE07_L2SP_185057_20150221_20200905_02_T1,LE71850572015052ASN00,0,LE07,supplemental,True,LE07_185057_20150221,159299744.6137992,62985716.321836695,0.20121034852726186,0.2173952870902942,185,57
2015,2015-02-21,2,2015,True,50.0,50.0,LANDSAT/LE07/C02/T1_L2,52,LANDSAT/LE07/C02/T1_L2/LE07_185058_20150221,2015,True,False,LE07_L2SP_185058_20150221_20200905_02_T1,LE71850582015052ASN00,0,LE07,supplemental,True,LE07_185058_20150221,61398069.90194045,13567901.12019785,0.07755145542650466,0.04682962950149908,185,58
2015,2015-03-01,3,2015,True,61.29,61.29,LANDSAT/LC08/C02/T1_L2,60,LANDSAT/LC08/C02/T1_L2/LC08_185057_20150301,2015,True,False,LC08_L2SP_185057_20150301_20200909_02_T1,LC81850572015060LGN01,0,LC08,primary,False,LC08_185057_20150301,156613577.627603,67482319.03880209,0.19781747054867313,0.2329153175935717,185,57
2015,2015-03-09,3,2015,True,35.0,35.0,LANDSAT/LE07/C02/T1_L2,68,LANDSAT/LE07/C02/T1_L2/LE07_185057_20150309,2015,True,False,LE07_L2SP_185057_20150309_20200905_02_T1,LE71850572015068ASN00,0,LE07,supplemental,True,LE07_185057_20150309,412824836.73068416,174746268.86061198,0.5214360480029013,0.6031369889134683,185,57
2015,2015-03-09,3,2015,True,76.0,76.0,LANDSAT/LE07/C02/T1_L2,68,LANDSAT/LE07/C02/T1_L2/LE07_185058_20150309,2015,True,False,LE07_L2SP_185058_20150309_20200905_02_T1,LE71850582015068ASN00,0,LE07,supplemental,True,LE07_185058_20150309,39774092.24024157,4665453.652727675,0.050238366554928034,0.016102819741839823,185,58
2015,2015-03-17,3,2015,False,100.0,100.0,LANDSAT/LC08/C02/T1_L2,76,LANDSAT/LC08/C02/T1_L2/LC08_185057_20150317,2015,False,False,LC08_L2SP_185057_20150317_20200909_02_T1,LC81850572015076LGN01,0,LC08,primary,False,LC08_185057_20150317,0.0,0.0,0.0,0.0,185,57
2015,2015-03-17,3,2015,False,100.0,100.0,LANDSAT/LC08/C02/T1_L2,76,LANDSAT/LC08/C02/T1_L2/LC08_185058_20150317,2015,False,False,LC08_L2SP_185058_20150317_20200909_02_T1,LC81850582015076LGN01,0,LC08,primary,False,LC08_185058_20150317,0.0,0.0,0.0,0.0,185,58
2015,2015-03-25,3,2015,False,100.0,100.0,LANDSAT/LE07/C02/T1_L2,84,LANDSAT/LE07/C02/T1_L2/LE07_185057_20150325,2015,False,False,LE07_L2SP_185057_20150325_20200905_02_T1,LE71850572015084ASN00,0,LE07,supplemental,True,LE07_185057_20150325,0.0,0.0,0.0,0.0,185,57
2015,2015-03-25,3,2015,True,26.0,26.0,LANDSAT/LE07/C02/T1_L2,84,LANDSAT/LE07/C02/T1_L2/LE07_185058_20150325,2015,True,False,LE07_L2SP_185058_20150325_20200905_02_T1,LE71850582015084ASN00,0,LE07,supplemental,True,LE07_185058_20150325,26419893.800292253,6646362.891173838,0.03337077565628162,0.022939930720960653,185,58
2015,2015-04-02,4,2015,False,100.0,100.0,LANDSAT/LC08/C02/T1_L2,92,LANDSAT/LC08/C02/T1_L2/LC08_185058_20150402,2015,False,False,LC08_L2SP_185058_20150402_20200909_02_T1,LC81850582015092LGN01,0,LC08,primary,False,LC08_185058_20150402,0.0,0.0,0.0,0.0,185,58
2015,2015-04-10,4,2015,True,37.0,37.0,LANDSAT/LE07/C02/T1_L2,100,LANDSAT/LE07/C02/T1_L2/LE07_185057_20150410,2015,True,False,LE07_L2SP_185057_20150410_20200905_02_T1,LE71850572015100ASN00,0,LE07,supplemental,True,LE07_185057_20150410,493193114.511161,174425929.38565487,0.6229486349938584,0.6020313367721349,185,57
2015,2015-04-10,4,2015,True,41.0,41.0,LANDSAT/LE07/C02/T1_L2,100,LANDSAT/LE07/C02/T1_L2/LE07_185058_20150410,2015,True,False,LE07_L2SP_185058_20150410_20200905_02_T1,LE71850582015100ASN00,0,LE07,supplemental,True,LE07_185058_20150410,138660492.71091217,27574310.90307857,0.17514105959782988,0.09517277225937552,185,58
2015,2015-04-18,4,2015,True,66.63,66.63,LANDSAT/LC08/C02/T1_L2,108,LANDSAT/LC08/C02/T1_L2/LC08_185057_20150418,2015,True,False,LC08_L2SP_185057_20150418_20200909_02_T1,LC81850572015108LGN01,0,LC08,primary,False,LC08_185057_20150418,313178190.4369861,109076677.09141606,0.39557309399166835,0.37647830200071364,185,57
2015,2015-04-18,4,2015,True,71.43,71.43,LANDSAT/LC08/C02/T1_L2,108,LANDSAT/LC08/C02/T1_L2/LC08_185058_20150418,2015,True,False,LC08_L2SP_185058_20150418_20200909_02_T1,LC81850582015108LGN01,0,LC08,primary,False,LC08_185058_20150418,203792217.67523837,87440160.3683704,0.2574084675715562,0.3017998345747628,185,58
2015,2015-04-26,4,2015,True,82.0,82.0,LANDSAT/LE07/C02/T1_L2,116,LANDSAT/LE07/C02/T1_L2/LE07_185057_20150426,2015,True,False,LE07_L2SP_185057_20150426_20200904_02_T1,LE71850572015116ASN00,0,LE07,supplemental,True,LE07_185057_20150426,11822924.374623017,2900950.9243336394,0.0149334497666438,0.01001263613178474,185,57
2015,2015-04-26,4,2015,False,97.0,97.0,LANDSAT/LE07/C02/T1_L2,116,LANDSAT/LE07/C02/T1_L2/LE07_185058_20150426,2015,False,False,LE07_L2SP_185058_20150426_20200904_02_T1,LE71850582015116ASN00,0,LE07,supplemental,True,LE07_185058_20150426,0.0,0.0,0.0,0.0,185,58
2015,2015-05-04,5,2015,True,2.48,2.48,LANDSAT/LC08/C02/T1_L2,124,LANDSAT/LC08/C02/T1_L2/LC08_185057_20150504,2015,True,False,LC08_L2SP_185057_20150504_20200909_02_T1,LC81850572015124LGN02,0,LC08,primary,False,LC08_185057_20150504,647894996.3019259,258819355.45268154,0.818351456438474,0.8933153636875215,185,57
2015,2015-05-04,5,2015,True,21.49,21.49,LANDSAT/LC08/C02/T1_L2,124,LANDSAT/LC08/C02/T1_L2/LC08_185058_20150504,2015,True,False,LC08_L2SP_185058_20150504_20200909_02_T1,LC81850582015124LGN02,0,LC08,primary,False,LC08_185058_20150504,318199453.4281925,117962449.31925316,0.40191541474652637,0.407147557147692,185,58
2015,2015-05-12,5,2015,True,75.0,75.0,LANDSAT/LE07/C02/T1_L2,132,LANDSAT/LE07/C02/T1_L2/LE07_185057_20150512,2015,True,False,LE07_L2SP_185057_20150512_20200905_02_T1,LE71850572015132ASN02,0,LE07,supplemental,True,LE07_185057_20150512,172159430.44814694,56870751.96961958,0.2174533241513173,0.19628947916227873,185,57
2015,2015-05-12,5,2015,True,54.0,54.0,LANDSAT/LE07/C02/T1_L2,132,LANDSAT/LE07/C02/T1_L2/LE07_185058_20150512,2015,True,False,LE07_L2SP_185058_20150512_20200905_02_T1,LE71850582015132ASN01,0,LE07,supplemental,True,LE07_185058_20150512,30351059.280266494,5509236.790191769,0.03833620217508495,0.01901513840903835,185,58
2015,2015-05-20,5,2015,True,79.52,79.52,LANDSAT/LC08/C02/T1_L2,140,LANDSAT/LC08/C02/T1_L2/LC08_185057_20150520,2015,True,False,LC08_L2SP_185057_20150520_20200909_02_T1,LC81850572015140LGN01,0,LC08,primary,False,LC08_185057_20150520,34716370.29037799,21522757.849600516,0.04384999475462648,0.07428582851675262,185,57
2015,2015-05-20,5,2015,True,60.54,60.54,LANDSAT/LC08/C02/T1_L2,140,LANDSAT/LC08/C02/T1_L2/LC08_185058_20150520,2015,True,False,LC08_L2SP_185058_20150520_20200909_02_T1,LC81850582015140LGN01,0,LC08,primary,False,LC08_185058_20150520,18684327.43527928,10406220.319681324,0.023600038056334476,0.03591708384108135,185,58
2015,2015-05-28,5,2015,True,73.0,73.0,LANDSAT/LE07/C02/T1_L2,148,LANDSAT/LE07/C02/T1_L2/LE07_185057_20150528,2015,True,False,LE07_L2SP_185057_20150528_20200904_02_T1,LE71850572015148ASN00,0,LE07,supplemental,True,LE07_185057_20150528,86130627.01525353,38993389.05406254,0.10879096838871849,0.13458573630752776,185,57
2015,2015-05-28,5,2015,False,100.0,100.0,LANDSAT/LE07/C02/T1_L2,148,LANDSAT/LE07/C02/T1_L2/LE07_185058_20150528,2015,False,False,LE07_L2SP_185058_20150528_20200904_02_T1,LE71850582015148ASN00,0,LE07,supplemental,True,LE07_185058_20150528,0.0,0.0,0.0,0.0,185,58
2015,2015-06-13,6,2015,False,100.0,100.0,LANDSAT/LE07/C02/T1_L2,164,LANDSAT/LE07/C02/T1_L2/LE07_185057_20150613,2015,False,False,LE07_L2SP_185057_20150613_20200904_02_T1,LE71850572015164SG100,0,LE07,supplemental,True,LE07_185057_20150613,0.0,0.0,0.0,0.0,185,57
2015,2015-07-07,7,2015,True,53.41,53.41,LANDSAT/LC08/C02/T1_L2,188,LANDSAT/LC08/C02/T1_L2/LC08_185057_20150707,2015,True,False,LC08_L2SP_185057_20150707_20200909_02_T1,LC81850572015188LGN01,0,LC08,primary,False,LC08_185057_20150707,387275078.1617487,171946881.15267697,0.48916433382717395,0.5934748983637006,185,57
2015,2015-07-07,7,2015,True,59.16,59.16,LANDSAT/LC08/C02/T1_L2,188,LANDSAT/LC08/C02/T1_L2/LC08_185058_20150707,2015,True,False,LC08_L2SP_185058_20150707_20200909_02_T1,LC81850582015188LGN01,0,LC08,primary,False,LC08_185058_20150707,182123123.62682793,76347146.40389764,0.2300383925201428,0.2635122815177989,185,58
2015,2015-09-01,9,2015,True,83.0,83.0,LANDSAT/LE07/C02/T1_L2,244,LANDSAT/LE07/C02/T1_L2/LE07_185058_20150901,2015,True,False,LE07_L2SP_185058_20150901_20200904_02_T1,LE71850582015244SG100,0,LE07,supplemental,True,LE07_185058_20150901,1068743.7923966947,1798.126220703125,0.0013499225091404112,6.206235140312565e-06,185,58
2015,2015-10-03,10,2015,False,98.0,98.0,LANDSAT/LE07/C02/T1_L2,276,LANDSAT/LE07/C02/T1_L2/LE07_185057_20151003,2015,False,False,LE07_L2SP_185057_20151003_20210519_02_T1,LE71850572015276ASN01,0,LE07,supplemental,True,LE07_185057_20151003,0.0,0.0,0.0,0.0,185,57
2015,2015-10-03,10,2015,False,92.0,92.0,LANDSAT/LE07/C02/T1_L2,276,LANDSAT/LE07/C02/T1_L2/LE07_185058_20151003,2015,False,False,LE07_L2SP_185058_20151003_20210519_02_T1,LE71850582015276ASN01,0,LE07,supplemental,True,LE07_185058_20151003,0.0,0.0,0.0,0.0,185,58
2015,2015-10-19,10,2015,True,83.0,83.0,LANDSAT/LE07/C02/T1_L2,292,LANDSAT/LE07/C02/T1_L2/LE07_185057_20151019,2015,True,False,LE07_L2SP_185057_20151019_20200903_02_T1,LE71850572015292SG100,0,LE07,supplemental,True,LE07_185057_20151019,56075209.15180855,18691868.996064544,0.0708281887364503,0.06451501171932891,185,57
2015,2015-10-19,10,2015,True,84.0,84.0,LANDSAT/LE07/C02/T1_L2,292,LANDSAT/LE07/C02/T1_L2/LE07_185058_20151019,2015,True,False,LE07_L2SP_185058_20151019_20200903_02_T1,LE71850582015292SG100,0,LE07,supplemental,True,LE07_185058_20151019,36439047.24524069,6822902.5063273115,0.04602589548395998,0.02354925744708687,185,58
2015,2015-11-04,11,2015,True,84.0,84.0,LANDSAT/LE07/C02/T1_L2,308,LANDSAT/LE07/C02/T1_L2/LE07_185057_20151104,2015,True,False,LE07_L2SP_185057_20151104_20200903_02_T1,LE71850572015308SG100,0,LE07,supplemental,True,LE07_185057_20151104,8251999.700378418,4230639.696287866,0.010423040788831071,0.014602058769175814,185,57
2015,2015-11-04,11,2015,True,83.0,83.0,LANDSAT/LE07/C02/T1_L2,308,LANDSAT/LE07/C02/T1_L2/LE07_185058_20151104,2015,True,False,LE07_L2SP_185058_20151104_20200903_02_T1,LE71850582015308SG100,0,LE07,supplemental,True,LE07_185058_20151104,191488.50219726562,95293.10858154297,0.00024186773405999282,0.00032890429620515294,185,58
2015,2015-11-12,11,2015,True,26.68,26.68,LANDSAT/LC08/C02/T1_L2,316,LANDSAT/LC08/C02/T1_L2/LC08_185057_20151112,2015,True,False,LC08_L2SP_185057_20151112_20200908_02_T1,LC81850572015316LGN02,0,LC08,primary,False,LC08_185057_20151112,220998617.31566396,79187569.61724254,0.2791417457820317,0.2733160061713037,185,57
2015,2015-11-12,11,2015,True,26.8,26.8,LANDSAT/LC08/C02/T1_L2,316,LANDSAT/LC08/C02/T1_L2/LC08_185058_20151112,2015,True,False,LC08_L2SP_185058_20151112_20200908_02_T1,LC81850582015316LGN02,0,LC08,primary,False,LC08_185058_20151112,56087384.52687558,17093860.067813646,0.07084356736412246,0.058999481690983166,185,58
2015,2015-11-28,11,2015,True,12.62,12.62,LANDSAT/LC08/C02/T1_L2,332,LANDSAT/LC08/C02/T1_L2/LC08_185057_20151128,2015,True,False,LC08_L2SP_185057_20151128_20200908_02_T1,LC81850572015332LGN01,0,LC08,primary,False,LC08_185057_20151128,386319908.9743312,145495722.69145915,0.4879578665753355,0.5021786883124432,185,57
2015,2015-11-28,11,2015,True,61.88,61.88,LANDSAT/LC08/C02/T1_L2,332,LANDSAT/LC08/C02/T1_L2/LC08_185058_20151128,2015,True,False,LC08_L2SP_185058_20151128_20200908_02_T1,LC81850582015332LGN01,0,LC08,primary,False,LC08_185058_20151128,227452995.4284287,78467036.95724474,0.28729422382111847,0.27082908669772376,185,58
2015,2015-12-06,12,2015,True,1.0,1.0,LANDSAT/LE07/C02/T1_L2,340,LANDSAT/LE07/C02/T1_L2/LE07_185057_20151206,2015,True,False,LE07_L2SP_185057_20151206_20200903_02_T1,LE71850572015340ASN00,0,LE07,supplemental,True,LE07_185057_20151206,539343426.2001932,202878075.25120854,0.6812407579480062,0.7002339576198803,185,57
2015,2015-12-06,12,2015,True,49.0,49.0,LANDSAT/LE07/C02/T1_L2,340,LANDSAT/LE07/C02/T1_L2/LE07_185058_20151206,2015,True,False,LE07_L2SP_185058_20151206_20200903_02_T1,LE71850582015340ASN00,0,LE07,supplemental,True,LE07_185058_20151206,116098376.35848632,21470539.16088173,0.146643014570889,0.07410559564034151,185,58
2015,2015-12-14,12,2015,True,21.91,21.91,LANDSAT/LC08/C02/T1_L2,348,LANDSAT/LC08/C02/T1_L2/LC08_185057_20151214,2015,True,False,LC08_L2SP_185057_20151214_20200908_02_T1,LC81850572015348LGN01,0,LC08,primary,False,LC08_185057_20151214,296315871.1237005,112486164.44877501,0.37427442113924325,0.388246152335168,185,57
2015,2015-12-14,12,2015,True,41.78,41.78,LANDSAT/LC08/C02/T1_L2,348,LANDSAT/LC08/C02/T1_L2/LC08_185058_20151214,2015,True,False,LC08_L2SP_185058_20151214_20200908_02_T1,LC81850582015348LGN01,0,LC08,primary,False,LC08_185058_20151214,157528204.1886214,46091201.69375002,0.19897272870405164,0.15908384646052798,185,58
2015,2015-12-22,12,2015,True,0.0,0.0,LANDSAT/LE07/C02/T1_L2,356,LANDSAT/LE07/C02/T1_L2/LE07_185057_20151222,2015,True,False,LE07_L2SP_185057_20151222_20200903_02_T1,LE71850572015356SG100,0,LE07,supplemental,True,LE07_185057_20151222,597727754.4167818,219327449.8774206,0.7549855781765016,0.7570089969168675,185,57
2015,2015-12-22,12,2015,True,7.0,7.0,LANDSAT/LE07/C02/T1_L2,356,LANDSAT/LE07/C02/T1_L2/LE07_185058_20151222,2015,True,False,LE07_L2SP_185058_20151222_20200903_02_T1,LE71850582015356SG100,0,LE07,supplemental,True,LE07_185058_20151222,129189613.16880459,22806415.619407527,0.16317846054817575,0.07871637508650138,185,58
2015,2015-12-30,12,2015,True,1.94,1.94,LANDSAT/LC08/C02/T1_L2,364,LANDSAT/LC08/C02/T1_L2/LC08_185057_20151230,2015,True,False,LC08_L2SP_185057_20151230_20200908_02_T1,LC81850572015364LGN01,0,LC08,primary,False,LC08_185057_20151230,778783426.8027081,287267820.57335615,0.9836756807998942,0.9915052804392206,185,57
2015,2015-12-30,12,2015,True,21.58,21.58,LANDSAT/LC08/C02/T1_L2,364,LANDSAT/LC08/C02/T1_L2/LC08_185058_20151230,2015,True,False,LC08_L2SP_185058_20151230_20200908_02_T1,LC81850582015364LGN01,0,LC08,primary,False,LC08_185058_20151230,393338762.51036763,127966586.50796214,0.49682332941503776,0.441676850505527,185,58
2016,2016-01-07,1,2016,True,14.0,14.0,LANDSAT/LE07/C02/T1_L2,7,LANDSAT/LE07/C02/T1_L2/LE07_185057_20160107,2016,True,False,LE07_L2SP_185057_20160107_20200903_02_T1,LE71850572016007SG100,0,LE07,supplemental,True,LE07_185057_20160107,565667020.7978292,209635419.85804355,0.7144898987819827,0.7235569418861026,185,57
2016,2016-01-07,1,2016,True,25.0,25.0,LANDSAT/LE07/C02/T1_L2,7,LANDSAT/LE07/C02/T1_L2/LE07_185058_20160107,2016,True,False,LE07_L2SP_185058_20160107_20200903_02_T1,LE71850582016007SG100,0,LE07,supplemental,True,LE07_185058_20160107,132592273.90700091,24293093.352589093,0.1674763365724742,0.0838476453409242,185,58
2016,2016-01-15,1,2016,True,33.1,33.1,LANDSAT/LC08/C02/T1_L2,15,LANDSAT/LC08/C02/T1_L2/LC08_185057_20160115,2016,True,False,LC08_L2SP_185057_20160115_20200907_02_T1,LC81850572016015LGN02,0,LC08,primary,False,LC08_185057_20160115,280847585.5459485,108972064.93943232,0.3547365421566734,0.3761172330133033,185,57
2016,2016-01-15,1,2016,True,77.69,77.69,LANDSAT/LC08/C02/T1_L2,15,LANDSAT/LC08/C02/T1_L2/LC08_185058_20160115,2016,True,False,LC08_L2SP_185058_20160115_20200907_02_T1,LC81850582016015LGN02,0,LC08,primary,False,LC08_185058_20160115,80253632.43982723,34763064.57057628,0.10136777929521935,0.11998476549577312,185,58
2016,2016-01-23,1,2016,False,79.0,79.0,LANDSAT/LE07/C02/T1_L2,23,LANDSAT/LE07/C02/T1_L2/LE07_185057_20160123,2016,False,False,LE07_L2SP_185057_20160123_20200903_02_T1,LE71850572016023SG100,0,LE07,supplemental,True,LE07_185057_20160123,0.0,0.0,0.0,0.0,185,57
2016,2016-01-31,1,2016,True,9.01,9.01,LANDSAT/LC08/C02/T1_L2,31,LANDSAT/LC08/C02/T1_L2/LC08_185057_20160131,2016,True,False,LC08_L2SP_185057_20160131_20200907_02_T1,LC81850572016031LGN01,0,LC08,primary,False,LC08_185057_20160131,632378788.8221947,253548756.1229893,0.7987530476501427,0.8751238828037975,185,57
2016,2016-01-31,1,2016,True,54.17,54.17,LANDSAT/LC08/C02/T1_L2,31,LANDSAT/LC08/C02/T1_L2/LC08_185058_20160131,2016,True,False,LC08_L2SP_185058_20160131_20200907_02_T1,LC81850582016031LGN01,0,LC08,primary,False,LC08_185058_20160131,281075846.17127514,107036981.96484786,0.3550248564919435,0.3694382914473489,185,58
2016,2016-02-08,2,2016,True,71.0,71.0,LANDSAT/LE07/C02/T1_L2,39,LANDSAT/LE07/C02/T1_L2/LE07_185057_20160208,2016,True,False,LE07_L2SP_185057_20160208_20200903_02_T1,LE71850572016039SG100,0,LE07,supplemental,True,LE07_185057_20160208,26972693.60314918,11960185.320076257,0.034069013065690545,0.0412805961914522,185,57
2016,2016-02-08,2,2016,True,71.0,71.0,LANDSAT/LE07/C02/T1_L2,39,LANDSAT/LE07/C02/T1_L2/LE07_185058_20160208,2016,True,False,LE07_L2SP_185058_20160208_20200903_02_T1,LE71850582016039SG100,0,LE07,supplemental,True,LE07_185058_20160208,27799070.853108965,6159298.238380102,0.03511280415827843,0.021258826397488526,185,58
2016,2016-02-16,2,2016,True,53.97,53.97,LANDSAT/LC08/C02/T1_L2,47,LANDSAT/LC08/C02/T1_L2/LC08_185057_20160216,2016,True,False,LC08_L2SP_185057_20160216_20200907_02_T1,LC81850572016047LGN01,0,LC08,primary,False,LC08_185057_20160216,92784726.56725097,32810994.221384324,0.11719571312474063,0.11324719198284143,185,57
2016,2016-02-16,2,2016,False,99.97,99.97,LANDSAT/LC08/C02/T1_L2,47,LANDSAT/LC08/C02/T1_L2/LC08_185058_20160216,2016,False,False,LC08_L2SP_185058_20160216_20200907_02_T1,LC81850582016047LGN01,0,LC08,primary,False,LC08_185058_20160216,0.0,0.0,0.0,0.0,185,58
2016,2016-02-24,2,2016,False,100.0,100.0,LANDSAT/LE07/C02/T1_L2,55,LANDSAT/LE07/C02/T1_L2/LE07_185057_20160224,2016,False,False,LE07_L2SP_185057_20160224_20200903_02_T1,LE71850572016055SG100,0,LE07,supplemental,True,LE07_185057_20160224,0.0,0.0,0.0,0.0,185,57
2016,2016-02-24,2,2016,False,100.0,100.0,LANDSAT/LE07/C02/T1_L2,55,LANDSAT/LE07/C02/T1_L2/LE07_185058_20160224,2016,False,False,LE07_L2SP_185058_20160224_20200903_02_T1,LE71850582016055SG100,0,LE07,supplemental,True,LE07_185058_20160224,0.0,0.0,0.0,0.0,185,58
2016,2016-03-11,3,2016,False,100.0,100.0,LANDSAT/LE07/C02/T1_L2,71,LANDSAT/LE07/C02/T1_L2/LE07_185057_20160311,2016,False,False,LE07_L2SP_185057_20160311_20200902_02_T1,LE71850572016071ASN00,0,LE07,supplemental,True,LE07_185057_20160311,0.0,0.0,0.0,0.0,185,57
2016,2016-03-11,3,2016,False,100.0,100.0,LANDSAT/LE07/C02/T1_L2,71,LANDSAT/LE07/C02/T1_L2/LE07_185058_20160311,2016,False,False,LE07_L2SP_185058_20160311_20200902_02_T1,LE71850582016071ASN00,0,LE07,supplemental,True,LE07_185058_20160311,0.0,0.0,0.0,0.0,185,58
2016,2016-03-27,3,2016,True,55.0,55.0,LANDSAT/LE07/C02/T1_L2,87,LANDSAT/LE07/C02/T1_L2/LE07_185057_20160327,2016,True,False,LE07_L2SP_185057_20160327_20200902_02_T1,LE71850572016087ASN00,0,LE07,supplemental,True,LE07_185057_20160327,104461007.76697567,34280115.4268423,0.13194393896398915,0.11831786585751879,185,57
2016,2016-03-27,3,2016,True,74.0,74.0,LANDSAT/LE07/C02/T1_L2,87,LANDSAT/LE07/C02/T1_L2/LE07_185058_20160327,2016,True,False,LE07_L2SP_185058_20160327_20200903_02_T1,LE71850582016087ASN00,0,LE07,supplemental,True,LE07_185058_20160327,13056673.801383223,546476.8577184341,0.016491789692144387,0.0018861656310275733,185,58
2016,2016-04-04,4,2016,False,99.99,99.99,LANDSAT/LC08/C02/T1_L2,95,LANDSAT/LC08/C02/T1_L2/LC08_185057_20160404,2016,False,False,LC08_L2SP_185057_20160404_20200907_02_T1,LC81850572016095LGN01,0,LC08,primary,False,LC08_185057_20160404,0.0,0.0,0.0,0.0,185,57
2016,2016-04-04,4,2016,False,99.91,99.91,LANDSAT/LC08/C02/T1_L2,95,LANDSAT/LC08/C02/T1_L2/LC08_185058_20160404,2016,False,False,LC08_L2SP_185058_20160404_20200907_02_T1,LC81850582016095LGN01,0,LC08,primary,False,LC08_185058_20160404,0.0,0.0,0.0,0.0,185,58
2016,2016-04-12,4,2016,False,94.0,94.0,LANDSAT/LE07/C02/T1_L2,103,LANDSAT/LE07/C02/T1_L2/LE07_185057_20160412,2016,False,False,LE07_L2SP_185057_20160412_20200902_02_T1,LE71850572016103ASN00,0,LE07,supplemental,True,LE07_185057_20160412,0.0,0.0,0.0,0.0,185,57
2016,2016-04-12,4,2016,False,95.0,95.0,LANDSAT/LE07/C02/T1_L2,103,LANDSAT/LE07/C02/T1_L2/LE07_185058_20160412,2016,False,False,LE07_L2SP_185058_20160412_20200902_02_T1,LE71850582016103ASN00,0,LE07,supplemental,True,LE07_185058_20160412,0.0,0.0,0.0,0.0,185,58
2016,2016-04-20,4,2016,True,34.3,34.3,LANDSAT/LC08/C02/T1_L2,111,LANDSAT/LC08/C02/T1_L2/LC08_185057_20160420,2016,True,False,LC08_L2SP_185057_20160420_20200907_02_T1,LC81850572016111LGN01,0,LC08,primary,False,LC08_185057_20160420,443977912.9191811,201016323.27646175,0.5607852719001556,0.6938081181013943,185,57
2016,2016-04-20,4,2016,True,67.78,67.78,LANDSAT/LC08/C02/T1_L2,111,LANDSAT/LC08/C02/T1_L2/LC08_185058_20160420,2016,True,False,LC08_L2SP_185058_20160420_20200907_02_T1,LC81850582016111LGN01,0,LC08,primary,False,LC08_185058_20160420,291394724.6457802,104831959.71969093,0.3680585568239763,0.3618276541152752,185,58
2016,2016-04-28,4,2016,True,59.0,59.0,LANDSAT/LE07/C02/T1_L2,119,LANDSAT/LE07/C02/T1_L2/LE07_185057_20160428,2016,True,False,LE07_L2SP_185057_20160428_20200902_02_T1,LE71850572016119EDC00,0,LE07,supplemental,True,LE07_185057_20160428,213145979.8113655,69779772.03070882,0.2692231364777373,0.24084497977602531,185,57
2016,2016-04-28,4,2016,True,49.0,49.0,LANDSAT/LE07/C02/T1_L2,119,LANDSAT/LE07/C02/T1_L2/LE07_185058_20160428,2016,True,False,LE07_L2SP_185058_20160428_20200902_02_T1,LE71850582016119EDC00,0,LE07,supplemental,True,LE07_185058_20160428,6518093.711815926,153724.74188232422,0.008232956748721794,0.0005305811594430198,185,58
2016,2016-05-06,5,2016,True,78.35,78.35,LANDSAT/LC08/C02/T1_L2,127,LANDSAT/LC08/C02/T1_L2/LC08_185057_20160506,2016,True,False,LC08_L2SP_185057_20160506_20200907_02_T1,LC81850572016127LGN01,0,LC08,primary,False,LC08_185057_20160506,245126624.91118902,98475401.44716366,0.30961765664638263,0.33988798443681567,185,57
2016,2016-05-06,5,2016,False,85.67,85.67,LANDSAT/LC08/C02/T1_L2,127,LANDSAT/LC08/C02/T1_L2/LC08_185058_20160506,2016,False,False,LC08_L2SP_185058_20160506_20200907_02_T1,LC81850582016127LGN01,0,LC08,primary,False,LC08_185058_20160506,10866301.74320475,0.0,0.013725146680261686,0.0,185,58
2016,2016-05-14,5,2016,True,21.0,21.0,LANDSAT/LE07/C02/T1_L2,135,LANDSAT/LE07/C02/T1_L2/LE07_185057_20160514,2016,True,False,LE07_L2SP_185057_20160514_20200902_02_T1,LE71850572016135EDC00,0,LE07,supplemental,True,LE07_185057_20160514,298372188.59371954,82484067.4997583,0.37687174077605945,0.28469387317689976,185,57
2016,2016-05-14,5,2016,True,45.0,45.0,LANDSAT/LE07/C02/T1_L2,135,LANDSAT/LE07/C02/T1_L2/LE07_185058_20160514,2016,True,False,LE07_L2SP_185058_20160514_20200902_02_T1,LE71850582016135EDC00,0,LE07,supplemental,True,LE07_185058_20160514,100824897.48888874,14141570.36285377,0.12735119452418384,0.048809649686787,185,58
2016,2016-06-07,6,2016,True,68.28,68.28,LANDSAT/LC08/C02/T1_L2,159,LANDSAT/LC08/C02/T1_L2/LC08_185058_20160607,2016,True,False,LC08_L2SP_185058_20160607_20200906_02_T1,LC81850582016159LGN01,0,LC08,primary,False,LC08_185058_20160607,5812323.5904327985,3329006.5822753906,0.007341503642830714,0.01149007082782565,185,58
2016,2016-09-03,9,2016,True,60.0,60.0,LANDSAT/LE07/C02/T1_L2,247,LANDSAT/LE07/C02/T1_L2/LE07_185057_20160903,2016,True,False,LE07_L2SP_185057_20160903_20200902_02_T1,LE71850572016247SG100,0,LE07,supplemental,True,LE07_185057_20160903,78479307.89942051,25183045.723706774,0.09912664287631774,0.08691931718200067,185,57
2016,2016-09-03,9,2016,False,58.0,58.0,LANDSAT/LE07/C02/T1_L2,247,LANDSAT/LE07/C02/T1_L2/LE07_185058_20160903,2016,False,False,LE07_L2SP_185058_20160903_20200902_02_T1,LE71850582016247ASN00,0,LE07,supplemental,True,LE07_185058_20160903,196887.5771484375,0.0,0.0002486872663529278,0.0,185,58
2016,2016-10-05,10,2016,False,78.0,78.0,LANDSAT/LE07/C02/T1_L2,279,LANDSAT/LE07/C02/T1_L2/LE07_185058_20161005,2016,False,False,LE07_L2SP_185058_20161005_20200901_02_T1,LE71850582016279ASN00,0,LE07,supplemental,True,LE07_185058_20161005,0.0,0.0,0.0,0.0,185,58
2016,2016-10-13,10,2016,True,77.0,77.0,LANDSAT/LC08/C02/T1_L2,287,LANDSAT/LC08/C02/T1_L2/LC08_185057_20161013,2016,True,False,LC08_L2SP_185057_20161013_20200905_02_T1,LC81850572016287LGN01,0,LC08,primary,False,LC08_185057_20161013,249034.58618164062,249034.58618164062,0.00031455377409694694,0.0008595432190012388,185,57
2016,2016-10-21,10,2016,False,93.0,93.0,LANDSAT/LE07/C02/T1_L2,295,LANDSAT/LE07/C02/T1_L2/LE07_185058_20161021,2016,False,False,LE07_L2SP_185058_20161021_20200901_02_T1,LE71850582016295SG100,0,LE07,supplemental,True,LE07_185058_20161021,0.0,0.0,0.0,0.0,185,58
2016,2016-10-29,10,2016,True,52.98,52.98,LANDSAT/LC08/C02/T1_L2,303,LANDSAT/LC08/C02/T1_L2/LC08_185057_20161029,2016,True,False,LC08_L2SP_185057_20161029_20200905_02_T1,LC81850572016303LGN01,0,LC08,primary,False,LC08_185057_20161029,163087572.20763373,11224456.122607661,0.20599472600485513,0.03874122584775182,185,57
2016,2016-10-29,10,2016,True,59.03,59.03,LANDSAT/LC08/C02/T1_L2,303,LANDSAT/LC08/C02/T1_L2/LC08_185058_20161029,2016,True,False,LC08_L2SP_185058_20161029_20200905_02_T1,LC81850582016303LGN01,0,LC08,primary,False,LC08_185058_20161029,99428582.12357537,3007060.736984194,0.12558751874435253,0.010378874297060112,185,58
2016,2016-11-06,11,2016,False,78.0,78.0,LANDSAT/LE07/C02/T1_L2,311,LANDSAT/LE07/C02/T1_L2/LE07_185057_20161106,2016,False,False,LE07_L2SP_185057_20161106_20200901_02_T1,LE71850572016311SG100,0,LE07,supplemental,True,LE07_185057_20161106,0.0,0.0,0.0,0.0,185,57
2016,2016-11-06,11,2016,False,73.0,73.0,LANDSAT/LE07/C02/T1_L2,311,LANDSAT/LE07/C02/T1_L2/LE07_185058_20161106,2016,False,False,LE07_L2SP_185058_20161106_20200901_02_T1,LE71850582016311SG100,0,LE07,supplemental,True,LE07_185058_20161106,0.0,0.0,0.0,0.0,185,58
2016,2016-11-14,11,2016,True,33.71,33.71,LANDSAT/LC08/C02/T1_L2,319,LANDSAT/LC08/C02/T1_L2/LC08_185057_20161114,2016,True,False,LC08_L2SP_185057_20161114_20200905_02_T1,LC81850572016319LGN01,0,LC08,primary,False,LC08_185057_20161114,281339395.50712126,105328092.77751562,0.35535774374074786,0.3635400580512671,185,57
2016,2016-11-14,11,2016,True,57.58,57.58,LANDSAT/LC08/C02/T1_L2,319,LANDSAT/LC08/C02/T1_L2/LC08_185058_20161114,2016,True,False,LC08_L2SP_185058_20161114_20200905_02_T1,LC81850582016319LGN01,0,LC08,primary,False,LC08_185058_20161114,63485008.11388969,14277824.127602492,0.08018745189968915,0.04927992974446434,185,58
2016,2016-11-22,11,2016,True,86.0,86.0,LANDSAT/LE07/C02/T1_L2,327,LANDSAT/LE07/C02/T1_L2/LE07_185057_20161122,2016,True,False,LE07_L2SP_185057_20161122_20200901_02_T1,LE71850572016327SG100,0,LE07,supplemental,True,LE07_185057_20161122,176912771.97451678,59104971.10117692,0.22345723525305006,0.20400088958818738,185,57
2016,2016-12-08,12,2016,True,87.0,87.0,LANDSAT/LE07/C02/T1_L2,343,LANDSAT/LE07/C02/T1_L2/LE07_185057_20161208,2016,True,False,LE07_L2SP_185057_20161208_20201008_02_T1,LE71850572016343SG100,0,LE07,supplemental,True,LE07_185057_20161208,66599118.12673459,22049669.7255182,0.08412086160198243,0.07610446558600664,185,57
2016,2016-12-16,12,2016,True,67.54,67.54,LANDSAT/LC08/C02/T1_L2,351,LANDSAT/LC08/C02/T1_L2/LC08_185057_20161216,2016,True,False,LC08_L2SP_185057_20161216_20200905_02_T1,LC81850572016351LGN01,0,LC08,primary,False,LC08_185057_20161216,6532421.897369744,1203493.1156915405,0.00825105457565828,0.004153858155079021,185,57
2016,2016-12-24,12,2016,True,40.0,40.0,LANDSAT/LE07/C02/T1_L2,359,LANDSAT/LE07/C02/T1_L2/LE07_185057_20161224,2016,True,False,LE07_L2SP_185057_20161224_20201008_02_T1,LE71850572016359SG100,0,LE07,supplemental,True,LE07_185057_20161224,26102076.609928623,26069.62091064453,0.032969343075231,8.997933266720433e-05,185,57
2016,2016-12-24,12,2016,False,42.0,42.0,LANDSAT/LE07/C02/T1_L2,359,LANDSAT/LE07/C02/T1_L2/LE07_185058_20161224,2016,False,False,LE07_L2SP_185058_20161224_20201008_02_T1,LE71850582016359SG100,0,LE07,supplemental,True,LE07_185058_20161224,0.0,0.0,0.0,0.0,185,58
2017,2017-01-01,1,2017,True,39.43,39.43,LANDSAT/LC08/C02/T1_L2,1,LANDSAT/LC08/C02/T1_L2/LC08_185057_20170101,2017,True,False,LC08_L2SP_185057_20170101_20200905_02_T1,LC81850572017001LGN01,0,LC08,primary,False,LC08_185057_20170101,410568797.03674483,155679503.82610992,0.5185864606780165,0.5373280229984183,185,57
2017,2017-01-01,1,2017,True,33.24,33.24,LANDSAT/LC08/C02/T1_L2,1,LANDSAT/LC08/C02/T1_L2/LC08_185058_20170101,2017,True,False,LC08_L2SP_185058_20170101_20200905_02_T1,LC81850582017001LGN01,0,LC08,primary,False,LC08_185058_20170101,236398760.78777504,77028881.14208147,0.29859355496669554,0.26586528991052105,185,58
2017,2017-01-09,1,2017,True,11.0,11.0,LANDSAT/LE07/C02/T1_L2,9,LANDSAT/LE07/C02/T1_L2/LE07_185057_20170109,2017,True,False,LE07_L2SP_185057_20170109_20201008_02_T1,LE71850572017009SG100,0,LE07,supplemental,True,LE07_185057_20170109,465554147.0252472,161914840.81600463,0.5880380562339435,0.5588492972520374,185,57
2017,2017-01-09,1,2017,True,25.0,25.0,LANDSAT/LE07/C02/T1_L2,9,LANDSAT/LE07/C02/T1_L2/LE07_185058_20170109,2017,True,False,LE07_L2SP_185058_20170109_20201008_02_T1,LE71850582017009SG100,0,LE07,supplemental,True,LE07_185058_20170109,111108880.37970236,18764767.689068723,0.14034081849831895,0.06476662165916311,185,58
2017,2017-01-17,1,2017,True,65.88,65.88,LANDSAT/LC08/C02/T1_L2,17,LANDSAT/LC08/C02/T1_L2/LC08_185057_20170117,2017,True,False,LC08_L2SP_185057_20170117_20200905_02_T1,LC81850572017017LGN01,0,LC08,primary,False,LC08_185057_20170117,50456271.662249155,7177459.952806899,0.06373094967076251,0.024773012964505806,185,57
2017,2017-01-17,1,2017,True,79.75,79.75,LANDSAT/LC08/C02/T1_L2,17,LANDSAT/LC08/C02/T1_L2/LC08_185058_20170117,2017,True,False,LC08_L2SP_185058_20170117_20200905_02_T1,LC81850582017017LGN01,0,LC08,primary,False,LC08_185058_20170117,2037318.7497558594,2035520.4780273438,0.0025733224914661415,0.007025601748146054,185,58
2017,2017-01-25,1,2017,False,100.0,100.0,LANDSAT/LE07/C02/T1_L2,25,LANDSAT/LE07/C02/T1_L2/LE07_185057_20170125,2017,False,False,LE07_L2SP_185057_20170125_20200901_02_T1,LE71850572017025SG100,0,LE07,supplemental,True,LE07_185057_20170125,0.0,0.0,0.0,0.0,185,57
2017,2017-01-25,1,2017,True,62.0,62.0,LANDSAT/LE07/C02/T1_L2,25,LANDSAT/LE07/C02/T1_L2/LE07_185058_20170125,2017,True,False,LE07_L2SP_185058_20170125_20200901_02_T1,LE71850582017025SG100,0,LE07,supplemental,True,LE07_185058_20170125,20898049.034986548,2850095.9129229365,0.026396173704255926,0.009837109989490521,185,58
2017,2017-02-02,2,2017,False,86.37,86.37,LANDSAT/LC08/C02/T1_L2,33,LANDSAT/LC08/C02/T1_L2/LC08_185057_20170202,2017,False,False,LC08_L2SP_185057_20170202_20200905_02_T1,LC81850572017033LGN00,0,LC08,primary,False,LC08_185057_20170202,0.0,0.0,0.0,0.0,185,57
2017,2017-02-02,2,2017,False,99.96,99.96,LANDSAT/LC08/C02/T1_L2,33,LANDSAT/LC08/C02/T1_L2/LC08_185058_20170202,2017,False,False,LC08_L2SP_185058_20170202_20200905_02_T1,LC81850582017033LGN00,0,LC08,primary,False,LC08_185058_20170202,0.0,0.0,0.0,0.0,185,58
2017,2017-02-10,2,2017,True,23.0,23.0,LANDSAT/LE07/C02/T1_L2,41,LANDSAT/LE07/C02/T1_L2/LE07_185057_20170210,2017,True,True,LE07_L2SP_185057_20170210_20200901_02_T1,LE71850572017041SG100,0,LE07,supplemental,True,LE07_185057_20170210,292061682.17895174,120675707.2028141,0.3689009860320562,0.41651237048938355,185,57
2017,2017-02-10,2,2017,False,100.0,100.0,LANDSAT/LE07/C02/T1_L2,41,LANDSAT/LE07/C02/T1_L2/LE07_185058_20170210,2017,False,True,LE07_L2SP_185058_20170210_20200901_02_T1,LE71850582017041SG100,0,LE07,supplemental,True,LE07_185058_20170210,0.0,0.0,0.0,0.0,185,58
2017,2017-02-18,2,2017,True,88.43,88.43,LANDSAT/LC08/C02/T1_L2,49,LANDSAT/LC08/C02/T1_L2/LC08_185057_20170218,2017,True,False,LC08_L2SP_185057_20170218_20200905_02_T1,LC81850572017049LGN00,0,LC08,primary,False,LC08_185057_20170218,3496789.936706543,3086176.342614746,0.004416769930153407,0.01065194191943172,185,57
2017,2017-02-18,2,2017,False,99.9,99.9,LANDSAT/LC08/C02/T1_L2,49,LANDSAT/LC08/C02/T1_L2/LC08_185058_20170218,2017,False,False,LC08_L2SP_185058_20170218_20200905_02_T1,LC81850582017049LGN00,0,LC08,primary,False,LC08_185058_20170218,0.0,0.0,0.0,0.0,185,58
2017,2017-02-26,2,2017,True,44.0,44.0,LANDSAT/LE07/C02/T1_L2,57,LANDSAT/LE07/C02/T1_L2/LE07_185057_20170226,2017,True,True,LE07_L2SP_185057_20170226_20201008_02_T1,LE71850572017057SG100,0,LE07,supplemental,True,LE07_185057_20170226,49151260.252396174,15003708.343192546,0.062082599252843346,0.051785320119580286,185,57
2017,2017-02-26,2,2017,True,39.0,39.0,LANDSAT/LE07/C02/T1_L2,57,LANDSAT/LE07/C02/T1_L2/LE07_185058_20170226,2017,True,True,LE07_L2SP_185058_20170226_20200901_02_T1,LE71850582017057SG100,0,LE07,supplemental,True,LE07_185058_20170226,65396495.49447237,15636214.95593118,0.08260183770416701,0.05396841756917066,185,58
2017,2017-03-06,3,2017,True,50.83,50.83,LANDSAT/LC08/C02/T1_L2,65,LANDSAT/LC08/C02/T1_L2/LC08_185057_20170306,2017,True,False,LC08_L2SP_185057_20170306_20200905_02_T1,LC81850572017065LGN00,0,LC08,primary,False,LC08_185057_20170306,1977605.9404907227,1179390.8704833984,0.002497899676489831,0.00407066922237289,185,57
2017,2017-03-06,3,2017,False,73.77,73.77,LANDSAT/LC08/C02/T1_L2,65,LANDSAT/LC08/C02/T1_L2/LC08_185058_20170306,2017,False,False,LC08_L2SP_185058_20170306_20200905_02_T1,LC81850582017065LGN00,0,LC08,primary,False,LC08_185058_20170306,0.0,0.0,0.0,0.0,185,58
2017,2017-03-30,3,2017,True,50.0,50.0,LANDSAT/LE07/C02/T1_L2,89,LANDSAT/LE07/C02/T1_L2/LE07_185057_20170330,2017,True,True,LE07_L2SP_185057_20170330_20200831_02_T1,LE71850572017089ASN00,0,LE07,supplemental,True,LE07_185057_20170330,93657960.1909048,27664321.07704671,0.11829868816206464,0.09548344249944815,185,57
2017,2017-03-30,3,2017,True,62.0,62.0,LANDSAT/LE07/C02/T1_L2,89,LANDSAT/LE07/C02/T1_L2/LE07_185058_20170330,2017,True,True,LE07_L2SP_185058_20170330_20200831_02_T1,LE71850582017089ASN00,0,LE07,supplemental,True,LE07_185058_20170330,32694473.00391366,1728114.4215638405,0.04129615100125381,0.005964589318650043,185,58
2017,2017-04-07,4,2017,False,89.84,89.84,LANDSAT/LC08/C02/T1_L2,97,LANDSAT/LC08/C02/T1_L2/LC08_185057_20170407,2017,False,False,LC08_L2SP_185057_20170407_20200904_02_T1,LC81850572017097LGN00,0,LC08,primary,False,LC08_185057_20170407,0.0,0.0,0.0,0.0,185,57
2017,2017-04-15,4,2017,False,100.0,100.0,LANDSAT/LE07/C02/T1_L2,105,LANDSAT/LE07/C02/T1_L2/LE07_185057_20170415,2017,False,True,LE07_L2SP_185057_20170415_20200831_02_T1,LE71850572017105SG100,0,LE07,supplemental,True,LE07_185057_20170415,0.0,0.0,0.0,0.0,185,57
2017,2017-04-15,4,2017,True,55.0,55.0,LANDSAT/LE07/C02/T1_L2,105,LANDSAT/LE07/C02/T1_L2/LE07_185058_20170415,2017,True,True,LE07_L2SP_185058_20170415_20200831_02_T1,LE71850582017105ASN00,0,LE07,supplemental,True,LE07_185058_20170415,5646761.031256702,118972.87184986788,0.00713238277879135,0.0004106350319110668,185,58
2017,2017-04-23,4,2017,False,63.39,63.39,LANDSAT/LC08/C02/T1_L2,113,LANDSAT/LC08/C02/T1_L2/LC08_185057_20170423,2017,False,False,LC08_L2SP_185057_20170423_20200904_02_T1,LC81850572017113LGN00,0,LC08,primary,False,LC08_185057_20170423,0.0,0.0,0.0,0.0,185,57
2017,2017-04-23,4,2017,False,100.0,100.0,LANDSAT/LC08/C02/T1_L2,113,LANDSAT/LC08/C02/T1_L2/LC08_185058_20170423,2017,False,False,LC08_L2SP_185058_20170423_20200904_02_T1,LC81850582017113LGN00,0,LC08,primary,False,LC08_185058_20170423,0.0,0.0,0.0,0.0,185,58
2017,2017-05-01,5,2017,True,44.0,44.0,LANDSAT/LE07/C02/T1_L2,121,LANDSAT/LE07/C02/T1_L2/LE07_185057_20170501,2017,True,True,LE07_L2SP_185057_20170501_20200831_02_T1,LE71850572017121ASN00,0,LE07,supplemental,True,LE07_185057_20170501,171050694.42551008,78839775.89104891,0.21605288774710119,0.27211559564381627,185,57
2017,2017-05-01,5,2017,True,51.0,51.0,LANDSAT/LE07/C02/T1_L2,121,LANDSAT/LE07/C02/T1_L2/LE07_185058_20170501,2017,True,True,LE07_L2SP_185058_20170501_20200831_02_T1,LE71850582017121ASN00,0,LE07,supplemental,True,LE07_185058_20170501,47429243.9361819,3041578.479118079,0.05990753297138057,0.010498012331825991,185,58
2017,2017-05-17,5,2017,True,28.0,28.0,LANDSAT/LE07/C02/T1_L2,137,LANDSAT/LE07/C02/T1_L2/LE07_185057_20170517,2017,True,True,LE07_L2SP_185057_20170517_20200831_02_T1,LE71850572017137ASN00,0,LE07,supplemental,True,LE07_185057_20170517,597694442.9781592,219655616.4770791,0.7549435027407158,0.7581416643899446,185,57
2017,2017-05-17,5,2017,True,32.0,32.0,LANDSAT/LE07/C02/T1_L2,137,LANDSAT/LE07/C02/T1_L2/LE07_185058_20170517,2017,True,True,LE07_L2SP_185058_20170517_20200831_02_T1,LE71850582017137ASN00,0,LE07,supplemental,True,LE07_185058_20170517,132584268.0519338,24487391.28776833,0.16746622443518097,0.08451826493320623,185,58
2017,2017-06-02,6,2017,False,91.0,91.0,LANDSAT/LE07/C02/T1_L2,153,LANDSAT/LE07/C02/T1_L2/LE07_185057_20170602,2017,False,True,LE07_L2SP_185057_20170602_20200831_02_T1,LE71850572017153ASN00,0,LE07,supplemental,True,LE07_185057_20170602,0.0,0.0,0.0,0.0,185,57
2017,2017-06-10,6,2017,True,80.85,80.85,LANDSAT/LC08/C02/T1_L2,161,LANDSAT/LC08/C02/T1_L2/LC08_185057_20170610,2017,True,False,LC08_L2SP_185057_20170610_20200903_02_T1,LC81850572017161LGN01,0,LC08,primary,False,LC08_185057_20170610,203787588.9926265,68838222.74324498,0.25740262111622253,0.2375952211067427,185,57
2017,2017-06-10,6,2017,True,56.29,56.29,LANDSAT/LC08/C02/T1_L2,161,LANDSAT/LC08/C02/T1_L2/LC08_185058_20170610,2017,True,False,LC08_L2SP_185058_20170610_20200903_02_T1,LC81850582017161LGN01,0,LC08,primary,False,LC08_185058_20170610,156321462.46688643,51154670.72394565,0.1974485020142893,0.1765604168287618,185,58
2017,2017-07-20,7,2017,True,58.0,58.0,LANDSAT/LE07/C02/T1_L2,201,LANDSAT/LE07/C02/T1_L2/LE07_185057_20170720,2017,True,True,LE07_L2SP_185057_20170720_20200831_02_T1,LE71850572017201ASN00,0,LE07,supplemental,True,LE07_185057_20170720,122092422.98873888,32493838.417096306,0.1542140512632937,0.11215252828523031,185,57
2017,2017-09-30,9,2017,True,71.39,71.39,LANDSAT/LC08/C02/T1_L2,273,LANDSAT/LC08/C02/T1_L2/LC08_185057_20170930,2017,True,False,LC08_L2SP_185057_20170930_20200903_02_T1,LC81850572017273LGN00,0,LC08,primary,False,LC08_185057_20170930,104763687.42101932,44256557.44547621,0.1323262514330385,0.15275156929749498,185,57
2017,2017-10-16,10,2017,True,62.63,62.63,LANDSAT/LC08/C02/T1_L2,289,LANDSAT/LC08/C02/T1_L2/LC08_185057_20171016,2017,True,False,LC08_L2SP_185057_20171016_20200902_02_T1,LC81850572017289LGN00,0,LC08,primary,False,LC08_185057_20171016,90999407.33770944,49927199.178464636,0.11494068939397845,0.17232379709006562,185,57
2017,2017-10-24,10,2017,False,96.0,96.0,LANDSAT/LE07/C02/T1_L2,297,LANDSAT/LE07/C02/T1_L2/LE07_185057_20171024,2017,False,True,LE07_L2SP_185057_20171024_20200830_02_T1,LE71850572017297SG100,0,LE07,supplemental,True,LE07_185057_20171024,0.0,0.0,0.0,0.0,185,57
2017,2017-11-01,11,2017,True,60.1,60.1,LANDSAT/LC08/C02/T1_L2,305,LANDSAT/LC08/C02/T1_L2/LC08_185057_20171101,2017,True,False,LC08_L2SP_185057_20171101_20200902_02_T1,LC81850572017305LGN00,0,LC08,primary,False,LC08_185057_20171101,141628865.0354614,46334799.403602526,0.1788903890862683,0.15992462429335172,185,57
2017,2017-11-01,11,2017,True,74.39,74.39,LANDSAT/LC08/C02/T1_L2,305,LANDSAT/LC08/C02/T1_L2/LC08_185058_20171101,2017,True,False,LC08_L2SP_185058_20171101_20200902_02_T1,LC81850582017305LGN00,0,LC08,primary,False,LC08_185058_20171101,86302227.20920266,25518122.514203236,0.10900771534531631,0.08807583518832234,185,58
2017,2017-11-25,11,2017,True,37.0,37.0,LANDSAT/LE07/C02/T1_L2,329,LANDSAT/LE07/C02/T1_L2/LE07_185057_20171125,2017,True,True,LE07_L2SP_185057_20171125_20200830_02_T1,LE71850572017329SG100,0,LE07,supplemental,True,LE07_185057_20171125,14034023.832835479,219372.61887398513,0.017726273406719055,0.0007571648977710478,185,57
2017,2017-12-03,12,2017,True,66.02,66.02,LANDSAT/LC08/C02/T1_L2,337,LANDSAT/LC08/C02/T1_L2/LC08_185057_20171203,2017,True,False,LC08_L2SP_185057_20171203_20200902_02_T1,LC81850572017337LGN00,0,LC08,primary,False,LC08_185057_20171203,135587389.4208982,61078520.70350703,0.17125944518882336,0.21081259877306402,185,57
2017,2017-12-11,12,2017,True,49.0,49.0,LANDSAT/LE07/C02/T1_L2,345,LANDSAT/LE07/C02/T1_L2/LE07_185057_20171211,2017,True,True,LE07_L2SP_185057_20171211_20200830_02_T1,LE71850572017345SG100,0,LE07,supplemental,True,LE07_185057_20171211,227292296.90636346,81557101.2072675,0.2870912466869683,0.28149444773495713,185,57
2017,2017-12-11,12,2017,True,74.0,74.0,LANDSAT/LE07/C02/T1_L2,345,LANDSAT/LE07/C02/T1_L2/LE07_185058_20171211,2017,True,True,LE07_L2SP_185058_20171211_20200830_02_T1,LE71850582017345SG100,0,LE07,supplemental,True,LE07_185058_20171211,44250336.76978113,6465429.620094927,0.05589227845582561,0.02231543928532465,185,58
2017,2017-12-19,12,2017,True,59.33,59.33,LANDSAT/LC08/C02/T1_L2,353,LANDSAT/LC08/C02/T1_L2/LC08_185057_20171219,2017,True,False,LC08_L2SP_185057_20171219_20200902_02_T1,LC81850572017353LGN00,0,LC08,primary,False,LC08_185057_20171219,206790842.40285525,90357603.44066472,0.2611960086502253,0.3118693933780676,185,57
2017,2017-12-19,12,2017,True,40.88,40.88,LANDSAT/LC08/C02/T1_L2,353,LANDSAT/LC08/C02/T1_L2/LC08_185058_20171219,2017,True,False,LC08_L2SP_185058_20171219_20200902_02_T1,LC81850582017353LGN00,0,LC08,primary,False,LC08_185058_20171219,88222851.7270484,29004261.38325818,0.11143364220139909,0.10010824832152163,185,58
2017,2017-12-27,12,2017,True,31.0,31.0,LANDSAT/LE07/C02/T1_L2,361,LANDSAT/LE07/C02/T1_L2/LE07_185057_20171227,2017,True,True,LE07_L2SP_185057_20171227_20200830_02_T1,LE71850572017361SG100,0,LE07,supplemental,True,LE07_185057_20171227,415142666.36902916,206359470.86571765,0.5243636817570475,0.7122499994034474,185,57
2017,2017-12-27,12,2017,True,34.0,34.0,LANDSAT/LE07/C02/T1_L2,361,LANDSAT/LE07/C02/T1_L2/LE07_185058_20171227,2017,True,True,LE07_L2SP_185058_20171227_20200830_02_T1,LE71850582017361SG100,0,LE07,supplemental,True,LE07_185058_20171227,54747162.37492534,10425429.07503949,0.06915074251401591,0.03598338288679511,185,58
2018,2018-01-04,1,2018,True,0.0,0.0,LANDSAT/LC08/C02/T1_L2,4,LANDSAT/LC08/C02/T1_L2/LC08_185057_20180104,2018,True,False,LC08_L2SP_185057_20180104_20200902_02_T1,LC81850572018004LGN00,0,LC08,primary,False,LC08_185057_20180104,790827286.2265959,289404208.0026561,0.9988881920199774,0.9988790246093372,185,57
2018,2018-01-04,1,2018,True,3.01,3.01,LANDSAT/LC08/C02/T1_L2,4,LANDSAT/LC08/C02/T1_L2/LC08_185058_20180104,2018,True,False,LC08_L2SP_185058_20180104_20200902_02_T1,LC81850582018004LGN00,0,LC08,primary,False,LC08_185058_20180104,393326499.22959536,124899499.10080832,0.4968078397543088,0.43109079407326784,185,58
2018,2018-01-12,1,2018,True,33.0,33.0,LANDSAT/LE07/C02/T1_L2,12,LANDSAT/LE07/C02/T1_L2/LE07_185057_20180112,2018,True,True,LE07_L2SP_185057_20180112_20200830_02_T1,LE71850572018012SG100,0,LE07,supplemental,True,LE07_185057_20180112,292360584.25704247,92104723.17991298,0.369278527072401,0.31789957957701886,185,57
2018,2018-01-12,1,2018,True,57.0,57.0,LANDSAT/LE07/C02/T1_L2,12,LANDSAT/LE07/C02/T1_L2/LE07_185058_20180112,2018,True,True,LE07_L2SP_185058_20180112_20200830_02_T1,LE71850582018012SG100,0,LE07,supplemental,True,LE07_185058_20180112,78042067.60989848,12552000.102420582,0.09857436784751479,0.04332324573209765,185,58
2018,2018-01-20,1,2018,True,46.62,46.62,LANDSAT/LC08/C02/T1_L2,20,LANDSAT/LC08/C02/T1_L2/LC08_185057_20180120,2018,True,False,LC08_L2SP_185057_20180120_20200902_02_T1,LC81850572018020LGN00,0,LC08,primary,False,LC08_185057_20180120,54969187.201969646,15093257.599931784,0.0694311804578406,0.0520943995031992,185,57
2018,2018-01-20,1,2018,True,88.76,88.76,LANDSAT/LC08/C02/T1_L2,20,LANDSAT/LC08/C02/T1_L2/LC08_185058_20180120,2018,True,False,LC08_L2SP_185058_20180120_20200902_02_T1,LC81850582018020LGN00,0,LC08,primary,False,LC08_185058_20180120,123932409.44396685,31123628.171636604,0.1565381247691202,0.10742324572593198,185,58
2018,2018-01-28,1,2018,True,3.0,3.0,LANDSAT/LE07/C02/T1_L2,28,LANDSAT/LE07/C02/T1_L2/LE07_185057_20180128,2018,True,True,LE07_L2SP_185057_20180128_20200830_02_T1,LE71850572018028SG100,0,LE07,supplemental,True,LE07_185057_20180128,487649060.27745944,190618235.0224143,0.6159459804238743,0.6579191020961074,185,57
2018,2018-01-28,1,2018,True,35.0,35.0,LANDSAT/LE07/C02/T1_L2,28,LANDSAT/LE07/C02/T1_L2/LE07_185058_20180128,2018,True,True,LE07_L2SP_185058_20180128_20200830_02_T1,LE71850582018028SG100,0,LE07,supplemental,True,LE07_185058_20180128,116667912.14250587,21707699.90818063,0.14736239107635132,0.07492415628799931,185,58
2018,2018-02-05,2,2018,True,49.4,49.4,LANDSAT/LC08/C02/T1_L2,36,LANDSAT/LC08/C02/T1_L2/LC08_185057_20180205,2018,True,False,LC08_L2SP_185057_20180205_20200902_02_T1,LC81850572018036LGN00,0,LC08,primary,False,LC08_185057_20180205,274492565.8835126,107765494.1926868,0.3467095630533713,0.3719527524103804,185,57
2018,2018-02-05,2,2018,True,44.91,44.91,LANDSAT/LC08/C02/T1_L2,36,LANDSAT/LC08/C02/T1_L2/LC08_185058_20180205,2018,True,False,LC08_L2SP_185058_20180205_20200902_02_T1,LC81850582018036LGN00,0,LC08,primary,False,LC08_185058_20180205,213240097.095864,77522043.2425456,0.2693420153350908,0.26756743958306967,185,58
2018,2018-02-13,2,2018,True,46.0,46.0,LANDSAT/LE07/C02/T1_L2,44,LANDSAT/LE07/C02/T1_L2/LE07_185057_20180213,2018,True,True,LE07_L2SP_185057_20180213_20200830_02_T1,LE71850572018044SG100,0,LE07,supplemental,True,LE07_185057_20180213,234682910.71264908,98610806.70133704,0.29642627721949244,0.34035533585906746,185,57
2018,2018-02-13,2,2018,False,100.0,100.0,LANDSAT/LE07/C02/T1_L2,44,LANDSAT/LE07/C02/T1_L2/LE07_185058_20180213,2018,False,True,LE07_L2SP_185058_20180213_20200829_02_T1,LE71850582018044SG100,0,LE07,supplemental,True,LE07_185058_20180213,0.0,0.0,0.0,0.0,185,58
2018,2018-02-21,2,2018,True,51.06,51.06,LANDSAT/LC08/C02/T1_L2,52,LANDSAT/LC08/C02/T1_L2/LC08_185058_20180221,2018,True,False,LC08_L2SP_185058_20180221_20200902_02_T1,LC81850582018052LGN00,0,LC08,primary,False,LC08_185058_20180221,474494.95613439236,4494.661376953125,0.0005993311271759479,1.551332996553731e-05,185,58
2018,2018-03-01,3,2018,True,71.0,71.0,LANDSAT/LE07/C02/T1_L2,60,LANDSAT/LE07/C02/T1_L2/LE07_185057_20180301,2018,True,True,LE07_L2SP_185057_20180301_20200829_02_T1,LE71850572018060ASN00,0,LE07,supplemental,True,LE07_185057_20180301,20268942.63783222,5147372.176979932,0.025601553990715047,0.01776616219552608,185,57
2018,2018-03-01,3,2018,True,80.0,80.0,LANDSAT/LE07/C02/T1_L2,60,LANDSAT/LE07/C02/T1_L2/LE07_185058_20180301,2018,True,True,LE07_L2SP_185058_20180301_20200830_02_T1,LE71850582018060ASN00,0,LE07,supplemental,True,LE07_185058_20180301,8617809.799621582,3365990.011437988,0.01088509286394239,0.01161771918478494,185,58
2018,2018-03-09,3,2018,False,98.46,98.46,LANDSAT/LC08/C02/T1_L2,68,LANDSAT/LC08/C02/T1_L2/LC08_185057_20180309,2018,False,False,LC08_L2SP_185057_20180309_20200901_02_T1,LC81850572018068LGN00,0,LC08,primary,False,LC08_185057_20180309,0.0,0.0,0.0,0.0,185,57
2018,2018-03-09,3,2018,False,100.0,100.0,LANDSAT/LC08/C02/T1_L2,68,LANDSAT/LC08/C02/T1_L2/LC08_185058_20180309,2018,False,False,LC08_L2SP_185058_20180309_20200901_02_T1,LC81850582018068LGN00,0,LC08,primary,False,LC08_185058_20180309,0.0,0.0,0.0,0.0,185,58
2018,2018-03-17,3,2018,True,61.0,61.0,LANDSAT/LE07/C02/T1_L2,76,LANDSAT/LE07/C02/T1_L2/LE07_185057_20180317,2018,True,True,LE07_L2SP_185057_20180317_20210519_02_T1,LE71850572018076ASN01,0,LE07,supplemental,True,LE07_185057_20180317,198591470.335533,80636072.24022384,0.25083944144184517,0.2783155149800158,185,57
2018,2018-03-17,3,2018,True,83.0,83.0,LANDSAT/LE07/C02/T1_L2,76,LANDSAT/LE07/C02/T1_L2/LE07_185058_20180317,2018,True,True,LE07_L2SP_185058_20180317_20210519_02_T1,LE71850582018076ASN01,0,LE07,supplemental,True,LE07_185058_20180317,31376971.798640944,6876967.603578095,0.03963202481360237,0.02373586320510258,185,58
2018,2018-03-25,3,2018,False,93.15,93.15,LANDSAT/LC08/C02/T1_L2,84,LANDSAT/LC08/C02/T1_L2/LC08_185057_20180325,2018,False,False,LC08_L2SP_185057_20180325_20200901_02_T1,LC81850572018084LGN00,0,LC08,primary,False,LC08_185057_20180325,0.0,0.0,0.0,0.0,185,57
2018,2018-04-18,4,2018,True,82.0,82.0,LANDSAT/LE07/C02/T1_L2,108,LANDSAT/LE07/C02/T1_L2/LE07_185057_20180418,2018,True,True,LE07_L2SP_185057_20180418_20200829_02_T1,LE71850572018108ASN01,0,LE07,supplemental,True,LE07_185057_20180418,161261525.69887048,65201754.44364828,0.2036882599439961,0.22504394573589326,185,57
2018,2018-04-18,4,2018,True,71.0,71.0,LANDSAT/LE07/C02/T1_L2,108,LANDSAT/LE07/C02/T1_L2/LE07_185058_20180418,2018,True,True,LE07_L2SP_185058_20180418_20200829_02_T1,LE71850582018108ASN01,0,LE07,supplemental,True,LE07_185058_20180418,8682419.21605105,796002.6153849282,0.010966700547805495,0.0027474041290888244,185,58
2018,2018-04-26,4,2018,True,9.59,9.59,LANDSAT/LC08/C02/T1_L2,116,LANDSAT/LC08/C02/T1_L2/LC08_185057_20180426,2018,True,False,LC08_L2SP_185057_20180426_20200901_02_T1,LC81850572018116LGN00,0,LC08,primary,False,LC08_185057_20180426,370752691.1135864,129305663.69445562,0.46829502694584285,0.4462986772686989,185,57
2018,2018-04-26,4,2018,True,37.15,37.15,LANDSAT/LC08/C02/T1_L2,116,LANDSAT/LC08/C02/T1_L2/LC08_185058_20180426,2018,True,False,LC08_L2SP_185058_20180426_20201015_02_T1,LC81850582018116LGN00,0,LC08,primary,False,LC08_185058_20180426,205030365.74308917,72648734.3417842,0.25897236338861856,0.25074720716486004,185,58
2018,2018-05-04,5,2018,True,75.0,75.0,LANDSAT/LE07/C02/T1_L2,124,LANDSAT/LE07/C02/T1_L2/LE07_185057_20180504,2018,True,True,LE07_L2SP_185057_20180504_20200829_02_T1,LE71850572018124ASN00,0,LE07,supplemental,True,LE07_185057_20180504,39402140.19878983,26251311.719013765,0.04976855663729526,0.0906064387438467,185,57
2018,2018-06-05,6,2018,False,92.0,92.0,LANDSAT/LE07/C02/T1_L2,156,LANDSAT/LE07/C02/T1_L2/LE07_185057_20180605,2018,False,True,LE07_L2SP_185057_20180605_20200829_02_T1,LE71850572018156SG100,0,LE07,supplemental,True,LE07_185057_20180605,0.0,0.0,0.0,0.0,185,57
2018,2018-06-13,6,2018,True,64.56,64.56,LANDSAT/LC08/C02/T1_L2,164,LANDSAT/LC08/C02/T1_L2/LC08_185057_20180613,2018,True,False,LC08_L2SP_185057_20180613_20200831_02_T1,LC81850572018164LGN00,0,LC08,primary,False,LC08_185057_20180613,214926102.60686487,36802807.957426906,0.2714715966304646,0.12702494261956948,185,57
2018,2018-06-13,6,2018,True,65.77,65.77,LANDSAT/LC08/C02/T1_L2,164,LANDSAT/LC08/C02/T1_L2/LC08_185058_20180613,2018,True,False,LC08_L2SP_185058_20180613_20200831_02_T1,LC81850582018164LGN00,0,LC08,primary,False,LC08_185058_20180613,112691691.78370146,21280622.94913617,0.14234005606786868,0.07345009957255744,185,58
2018,2018-06-21,6,2018,True,52.0,52.0,LANDSAT/LE07/C02/T1_L2,172,LANDSAT/LE07/C02/T1_L2/LE07_185057_20180621,2018,True,True,LE07_L2SP_185057_20180621_20200829_02_T1,LE71850572018172ASN00,0,LE07,supplemental,True,LE07_185057_20180621,187956331.23399708,80641928.34898537,0.23740627461258343,0.27833572734751416,185,57
2018,2018-06-21,6,2018,True,58.0,58.0,LANDSAT/LE07/C02/T1_L2,172,LANDSAT/LE07/C02/T1_L2/LE07_185058_20180621,2018,True,True,LE07_L2SP_185058_20180621_20200829_02_T1,LE71850582018172ASN00,0,LE07,supplemental,True,LE07_185058_20180621,48013272.73926738,8092372.9140929,0.06064521550378941,0.027930836317106862,185,58
2018,2018-07-07,7,2018,False,66.0,66.0,LANDSAT/LE07/C02/T1_L2,188,LANDSAT/LE07/C02/T1_L2/LE07_185057_20180707,2018,False,True,LE07_L2SP_185057_20180707_20210519_02_T1,LE71850572018188ASN01,0,LE07,supplemental,True,LE07_185057_20180707,0.0,0.0,0.0,0.0,185,57
2018,2018-09-17,9,2018,False,90.72,90.72,LANDSAT/LC08/C02/T1_L2,260,LANDSAT/LC08/C02/T1_L2/LC08_185058_20180917,2018,False,False,LC08_L2SP_185058_20180917_20200830_02_T1,LC81850582018260LGN00,0,LC08,primary,False,LC08_185058_20180917,0.0,0.0,0.0,0.0,185,58
2018,2018-10-03,10,2018,True,77.38,77.38,LANDSAT/LC08/C02/T1_L2,276,LANDSAT/LC08/C02/T1_L2/LC08_185057_20181003,2018,True,False,LC08_L2SP_185057_20181003_20200830_02_T1,LC81850572018276LGN00,0,LC08,primary,False,LC08_185057_20181003,146058094.4950449,60345831.34532447,0.18448491659433572,0.20828372043886814,185,57
2018,2018-10-03,10,2018,True,54.34,54.34,LANDSAT/LC08/C02/T1_L2,276,LANDSAT/LC08/C02/T1_L2/LC08_185058_20181003,2018,True,False,LC08_L2SP_185058_20181003_20200830_02_T1,LC81850582018276LGN00,0,LC08,primary,False,LC08_185058_20181003,100382749.13469693,39771824.97866212,0.12679272015460233,0.13727250897904938,185,58
2018,2018-10-19,10,2018,True,43.16,43.16,LANDSAT/LC08/C02/T1_L2,292,LANDSAT/LC08/C02/T1_L2/LC08_185057_20181019,2018,True,False,LC08_L2SP_185057_20181019_20200830_02_T1,LC81850572018292LGN00,0,LC08,primary,False,LC08_185057_20181019,331171009.3073893,144847302.19813138,0.41829969261038397,0.4999406640819662,185,57
2018,2018-10-19,10,2018,True,51.34,51.34,LANDSAT/LC08/C02/T1_L2,292,LANDSAT/LC08/C02/T1_L2/LC08_185058_20181019,2018,True,False,LC08_L2SP_185058_20181019_20200830_02_T1,LC81850582018292LGN00,0,LC08,primary,False,LC08_185058_20181019,159392499.3513844,59629391.38797273,0.20132750636152152,0.20581092693413758,185,58
2018,2018-10-27,10,2018,True,28.0,28.0,LANDSAT/LE07/C02/T1_L2,300,LANDSAT/LE07/C02/T1_L2/LE07_185057_20181027,2018,True,True,LE07_L2SP_185057_20181027_20200827_02_T1,LE71850572018300SG100,0,LE07,supplemental,True,LE07_185057_20181027,171400353.26624417,56241093.43124067,0.21649453928508897,0.1941162118452842,185,57
2018,2018-10-27,10,2018,False,38.0,38.0,LANDSAT/LE07/C02/T1_L2,300,LANDSAT/LE07/C02/T1_L2/LE07_185058_20181027,2018,False,True,LE07_L2SP_185058_20181027_20200827_02_T1,LE71850582018300SG100,0,LE07,supplemental,True,LE07_185058_20181027,1112433.2838017482,0.0,0.0014051063878961598,0.0,185,58
2018,2018-11-12,11,2018,True,51.0,51.0,LANDSAT/LE07/C02/T1_L2,316,LANDSAT/LE07/C02/T1_L2/LE07_185057_20181112,2018,True,True,LE07_L2SP_185057_20181112_20200827_02_T1,LE71850572018316SG100,0,LE07,supplemental,True,LE07_185057_20181112,114020273.27983639,53127345.1758272,0.14401817769029984,0.18336910543065357,185,57
2018,2018-11-12,11,2018,True,61.0,61.0,LANDSAT/LE07/C02/T1_L2,316,LANDSAT/LE07/C02/T1_L2/LE07_185058_20181112,2018,True,True,LE07_L2SP_185058_20181112_20200827_02_T1,LE71850582018316SG100,0,LE07,supplemental,True,LE07_185058_20181112,23692592.29815483,1460743.22622932,0.02992594096985827,0.005041757267770094,185,58
2018,2018-11-20,11,2018,True,18.99,18.99,LANDSAT/LC08/C02/T1_L2,324,LANDSAT/LC08/C02/T1_L2/LC08_185057_20181120,2018,True,False,LC08_L2SP_185057_20181120_20200830_02_T1,LC81850572018324LGN00,0,LC08,primary,False,LC08_185057_20181120,745245937.9774334,272576165.65137947,0.94131472264756,0.9407970131350135,185,57
2018,2018-11-20,11,2018,True,51.06,51.06,LANDSAT/LC08/C02/T1_L2,324,LANDSAT/LC08/C02/T1_L2/LC08_185058_20181120,2018,True,False,LC08_L2SP_185058_20181120_20200830_02_T1,LC81850582018324LGN00,0,LC08,primary,False,LC08_185058_20181120,362028261.64205277,115520501.34921616,0.4572752635499589,0.39871917034816445,185,58
2018,2018-11-28,11,2018,True,74.0,74.0,LANDSAT/LE07/C02/T1_L2,332,LANDSAT/LE07/C02/T1_L2/LE07_185057_20181128,2018,True,True,LE07_L2SP_185057_20181128_20200827_02_T1,LE71850572018332SG100,0,LE07,supplemental,True,LE07_185057_20181128,41996051.07992733,11514269.451949054,0.05304490660074098,0.03974151695522824,185,57
2018,2018-11-28,11,2018,True,74.0,74.0,LANDSAT/LE07/C02/T1_L2,332,LANDSAT/LE07/C02/T1_L2/LE07_185058_20181128,2018,True,True,LE07_L2SP_185058_20181128_20200827_02_T1,LE71850582018332SG100,0,LE07,supplemental,True,LE07_185058_20181128,30625893.153784163,5493200.620344095,0.03868334284132804,0.01895978954660658,185,58
2018,2018-12-06,12,2018,True,60.05,60.05,LANDSAT/LC08/C02/T1_L2,340,LANDSAT/LC08/C02/T1_L2/LC08_185057_20181206,2018,True,False,LC08_L2SP_185057_20181206_20200830_02_T1,LC81850572018340LGN00,0,LC08,primary,False,LC08_185057_20181206,302521411.4413164,97099721.19720364,0.382112593969555,0.3351398221494111,185,57
2018,2018-12-06,12,2018,True,87.25,87.25,LANDSAT/LC08/C02/T1_L2,340,LANDSAT/LC08/C02/T1_L2/LC08_185058_20181206,2018,True,False,LC08_L2SP_185058_20181206_20200830_02_T1,LC81850582018340LGN00,0,LC08,primary,False,LC08_185058_20181206,203290486.4719693,57775400.04744442,0.25677473453876626,0.19941187325540158,185,58
2018,2018-12-14,12,2018,True,34.0,34.0,LANDSAT/LE07/C02/T1_L2,348,LANDSAT/LE07/C02/T1_L2/LE07_185057_20181214,2018,True,True,LE07_L2SP_185057_20181214_20200827_02_T1,LE71850572018348SG100,0,LE07,supplemental,True,LE07_185057_20181214,379987725.7789538,159435543.20848724,0.47995973204744125,0.5502919981270347,185,57
2018,2018-12-14,12,2018,True,68.0,68.0,LANDSAT/LE07/C02/T1_L2,348,LANDSAT/LE07/C02/T1_L2/LE07_185058_20181214,2018,True,True,LE07_L2SP_185058_20181214_20200827_02_T1,LE71850582018348SG100,0,LE07,supplemental,True,LE07_185058_20181214,69472513.63016886,14920286.641129319,0.08775022655862023,0.051497389999409386,185,58
2018,2018-12-22,12,2018,True,11.27,11.27,LANDSAT/LC08/C02/T1_L2,356,LANDSAT/LC08/C02/T1_L2/LC08_185057_20181222,2018,True,False,LC08_L2SP_185057_20181222_20200830_02_T1,LC81850572018356LGN00,0,LC08,primary,False,LC08_185057_20181222,548030888.3425462,218190957.30746713,0.6922138281793369,0.7530863912381676,185,57
2018,2018-12-22,12,2018,True,33.39,33.39,LANDSAT/LC08/C02/T1_L2,356,LANDSAT/LC08/C02/T1_L2/LC08_185058_20181222,2018,True,False,LC08_L2SP_185058_20181222_20200830_02_T1,LC81850582018356LGN00,0,LC08,primary,False,LC08_185058_20181222,283967800.2099118,102872582.67479253,0.35867766259938344,0.35506486153199635,185,58
2018,2018-12-30,12,2018,True,29.0,29.0,LANDSAT/LE07/C02/T1_L2,364,LANDSAT/LE07/C02/T1_L2/LE07_185057_20181230,2018,True,True,LE07_L2SP_185057_20181230_20200827_02_T1,LE71850572018364SG100,0,LE07,supplemental,True,LE07_185057_20181230,286260006.9982221,95711249.05230927,0.3615729323180551,0.33034750861893,185,57
2018,2018-12-30,12,2018,True,52.0,52.0,LANDSAT/LE07/C02/T1_L2,364,LANDSAT/LE07/C02/T1_L2/LE07_185058_20181230,2018,True,True,LE07_L2SP_185058_20181230_20200827_02_T1,LE71850582018364SG100,0,LE07,supplemental,True,LE07_185058_20181230,61263930.26824688,10083210.636283847,0.0773820246310427,0.034802215471619075,185,58
2019,2019-01-07,1,2019,False,75.99,75.99,LANDSAT/LC08/C02/T1_L2,7,LANDSAT/LC08/C02/T1_L2/LC08_185057_20190107,2019,False,False,LC08_L2SP_185057_20190107_20200829_02_T1,LC81850572019007LGN00,0,LC08,primary,False,LC08_185057_20190107,0.0,0.0,0.0,0.0,185,57
2019,2019-01-15,1,2019,True,62.0,62.0,LANDSAT/LE07/C02/T1_L2,15,LANDSAT/LE07/C02/T1_L2/LE07_185057_20190115,2019,True,True,LE07_L2SP_185057_20190115_20200827_02_T1,LE71850572019015ASN00,0,LE07,supplemental,True,LE07_185057_20190115,550504566.9943033,202189314.2568618,0.6953383136885333,0.6978566980942837,185,57
2019,2019-01-15,1,2019,True,42.0,42.0,LANDSAT/LE07/C02/T1_L2,15,LANDSAT/LE07/C02/T1_L2/LE07_185058_20190115,2019,True,True,LE07_L2SP_185058_20190115_20200827_02_T1,LE71850582019015ASN00,0,LE07,supplemental,True,LE07_185058_20190115,130745106.73972242,25535626.076465562,0.16514319316149584,0.08813624875770493,185,58
2019,2019-01-23,1,2019,True,45.95,45.95,LANDSAT/LC08/C02/T1_L2,23,LANDSAT/LC08/C02/T1_L2/LC08_185057_20190123,2019,True,False,LC08_L2SP_185057_20190123_20200829_02_T1,LC81850572019023LGN00,0,LC08,primary,False,LC08_185057_20190123,610445816.9302142,226135077.22443315,0.7710496704142086,0.7805055321304306,185,57
2019,2019-01-23,1,2019,True,31.65,31.65,LANDSAT/LC08/C02/T1_L2,23,LANDSAT/LC08/C02/T1_L2/LC08_185058_20190123,2019,True,False,LC08_L2SP_185058_20190123_20200830_02_T1,LC81850582019023LGN00,0,LC08,primary,False,LC08_185058_20190123,291970257.8889735,100077938.20979102,0.3687855086764899,0.3454191422917807,185,58
2019,2019-02-08,2,2019,False,75.06,75.06,LANDSAT/LC08/C02/T1_L2,39,LANDSAT/LC08/C02/T1_L2/LC08_185057_20190208,2019,False,False,LC08_L2SP_185057_20190208_20200829_02_T1,LC81850572019039LGN00,0,LC08,primary,False,LC08_185057_20190208,276043.65545654297,0.0,0.00034866873300899845,0.0,185,57
2019,2019-02-08,2,2019,False,75.89,75.89,LANDSAT/LC08/C02/T1_L2,39,LANDSAT/LC08/C02/T1_L2/LC08_185058_20190208,2019,False,False,LC08_L2SP_185058_20190208_20200829_02_T1,LC81850582019039LGN00,0,LC08,primary,False,LC08_185058_20190208,851503.258972168,0.0,0.001075527571781479,0.0,185,58
2019,2019-02-16,2,2019,False,94.0,94.0,LANDSAT/LE07/C02/T1_L2,47,LANDSAT/LE07/C02/T1_L2/LE07_185057_20190216,2019,False,True,LE07_L2SP_185057_20190216_20200827_02_T1,LE71850572019047SG100,0,LE07,supplemental,True,LE07_185057_20190216,0.0,0.0,0.0,0.0,185,57
2019,2019-02-16,2,2019,False,100.0,100.0,LANDSAT/LE07/C02/T1_L2,47,LANDSAT/LE07/C02/T1_L2/LE07_185058_20190216,2019,False,True,LE07_L2SP_185058_20190216_20200827_02_T1,LE71850582019047SG100,0,LE07,supplemental,True,LE07_185058_20190216,0.0,0.0,0.0,0.0,185,58
2019,2019-02-24,2,2019,True,51.46,51.46,LANDSAT/LC08/C02/T1_L2,55,LANDSAT/LC08/C02/T1_L2/LC08_185057_20190224,2019,True,False,LC08_L2SP_185057_20190224_20200829_02_T1,LC81850572019055LGN00,0,LC08,primary,False,LC08_185057_20190224,266607742.34646088,123757417.02178356,0.3367502998052574,0.4271488961962695,185,57
2019,2019-02-24,2,2019,True,45.04,45.04,LANDSAT/LC08/C02/T1_L2,55,LANDSAT/LC08/C02/T1_L2/LC08_185058_20190224,2019,True,False,LC08_L2SP_185058_20190224_20200829_02_T1,LC81850582019055LGN00,0,LC08,primary,False,LC08_185058_20190224,61895106.34590777,32220761.158197142,0.07817925854297464,0.1112100017480568,185,58
2019,2019-03-20,3,2019,True,36.0,36.0,LANDSAT/LE07/C02/T1_L2,79,LANDSAT/LE07/C02/T1_L2/LE07_185057_20190320,2019,True,True,LE07_L2SP_185057_20190320_20200827_02_T1,LE71850572019079ASN00,0,LE07,supplemental,True,LE07_185057_20190320,127494144.66022183,65871924.183186844,0.16103692660939892,0.22735703751977926,185,57
2019,2019-03-28,3,2019,True,51.4,51.4,LANDSAT/LC08/C02/T1_L2,87,LANDSAT/LC08/C02/T1_L2/LC08_185057_20190328,2019,True,False,LC08_L2SP_185057_20190328_20200829_02_T1,LC81850572019087LGN00,0,LC08,primary,False,LC08_185057_20190328,37401029.95868614,18968707.678419646,0.04724096885095642,0.0654705208147684,185,57
2019,2019-03-28,3,2019,False,94.26,94.26,LANDSAT/LC08/C02/T1_L2,87,LANDSAT/LC08/C02/T1_L2/LC08_185058_20190328,2019,False,False,LC08_L2SP_185058_20190328_20200829_02_T1,LC81850582019087LGN00,0,LC08,primary,False,LC08_185058_20190328,0.0,0.0,0.0,0.0,185,58
2019,2019-04-05,4,2019,True,81.0,81.0,LANDSAT/LE07/C02/T1_L2,95,LANDSAT/LE07/C02/T1_L2/LE07_185057_20190405,2019,True,True,LE07_L2SP_185057_20190405_20200827_02_T1,LE71850572019095SG100,0,LE07,supplemental,True,LE07_185057_20190405,9245039.99221335,6275359.412395163,0.011677342757149557,0.02165941170029143,185,57
2019,2019-04-05,4,2019,True,76.0,76.0,LANDSAT/LE07/C02/T1_L2,95,LANDSAT/LE07/C02/T1_L2/LE07_185058_20190405,2019,True,True,LE07_L2SP_185058_20190405_20200827_02_T1,LE71850582019095ASN00,0,LE07,supplemental,True,LE07_185058_20190405,448331.18218300014,156439.2719116211,0.000566283854637558,0.0005399503635974802,185,58
2019,2019-04-13,4,2019,False,88.61,88.61,LANDSAT/LC08/C02/T1_L2,103,LANDSAT/LC08/C02/T1_L2/LC08_185057_20190413,2019,False,False,LC08_L2SP_185057_20190413_20200829_02_T1,LC81850572019103LGN00,0,LC08,primary,False,LC08_185057_20190413,0.0,0.0,0.0,0.0,185,57
2019,2019-04-13,4,2019,False,78.91,78.91,LANDSAT/LC08/C02/T1_L2,103,LANDSAT/LC08/C02/T1_L2/LC08_185058_20190413,2019,False,False,LC08_L2SP_185058_20190413_20200829_02_T1,LC81850582019103LGN00,0,LC08,primary,False,LC08_185058_20190413,0.0,0.0,0.0,0.0,185,58
2019,2019-04-21,4,2019,True,41.0,41.0,LANDSAT/LE07/C02/T1_L2,111,LANDSAT/LE07/C02/T1_L2/LE07_185057_20190421,2019,True,True,LE07_L2SP_185057_20190421_20200825_02_T1,LE71850572019111SG100,0,LE07,supplemental,True,LE07_185057_20190421,385711990.4162667,127615339.82479848,0.4871900090672089,0.4404645220922769,185,57
2019,2019-04-21,4,2019,True,82.0,82.0,LANDSAT/LE07/C02/T1_L2,111,LANDSAT/LE07/C02/T1_L2/LE07_185058_20190421,2019,True,True,LE07_L2SP_185058_20190421_20200825_02_T1,LE71850582019111ASN00,0,LE07,supplemental,True,LE07_185058_20190421,39514497.09384598,6293724.274889655,0.04991047381405218,0.02172279804861783,185,58
2019,2019-05-07,5,2019,True,35.0,35.0,LANDSAT/LE07/C02/T1_L2,127,LANDSAT/LE07/C02/T1_L2/LE07_185057_20190507,2019,True,True,LE07_L2SP_185057_20190507_20200825_02_T1,LE71850572019127ASN00,0,LE07,supplemental,True,LE07_185057_20190507,539854666.9426132,211264774.05292946,0.6818865024105166,0.7291806601456375,185,57
2019,2019-05-07,5,2019,True,35.0,35.0,LANDSAT/LE07/C02/T1_L2,127,LANDSAT/LE07/C02/T1_L2/LE07_185058_20190507,2019,True,True,LE07_L2SP_185058_20190507_20200825_02_T1,LE71850582019127ASN00,0,LE07,supplemental,True,LE07_185058_20190507,135127760.07241428,25789162.343075983,0.17067889070252446,0.0890113295329388,185,58
2019,2019-05-15,5,2019,True,60.25,60.25,LANDSAT/LC08/C02/T1_L2,135,LANDSAT/LC08/C02/T1_L2/LC08_185057_20190515,2019,True,False,LC08_L2SP_185057_20190515_20200828_02_T1,LC81850572019135LGN00,0,LC08,primary,False,LC08_185057_20190515,54910982.62732149,27247304.406808175,0.0693576626830367,0.09404410888474868,185,57
2019,2019-05-15,5,2019,True,62.96,62.96,LANDSAT/LC08/C02/T1_L2,135,LANDSAT/LC08/C02/T1_L2/LC08_185058_20190515,2019,True,False,LC08_L2SP_185058_20190515_20200828_02_T1,LC81850582019135LGN00,0,LC08,primary,False,LC08_185058_20190515,24683202.546325684,17901177.17988257,0.031177173567703057,0.06178593782104204,185,58
2019,2019-05-23,5,2019,False,63.0,63.0,LANDSAT/LE07/C02/T1_L2,143,LANDSAT/LE07/C02/T1_L2/LE07_185057_20190523,2019,False,True,LE07_L2SP_185057_20190523_20200825_02_T1,LE71850572019143ASN00,0,LE07,supplemental,True,LE07_185057_20190523,0.0,0.0,0.0,0.0,185,57
2019,2019-05-31,5,2019,False,84.74,84.74,LANDSAT/LC08/C02/T1_L2,151,LANDSAT/LC08/C02/T1_L2/LC08_185058_20190531,2019,False,False,LC08_L2SP_185058_20190531_20200828_02_T1,LC81850582019151LGN00,0,LC08,primary,False,LC08_185058_20190531,0.0,0.0,0.0,0.0,185,58
2019,2019-06-08,6,2019,True,62.0,62.0,LANDSAT/LE07/C02/T1_L2,159,LANDSAT/LE07/C02/T1_L2/LE07_185057_20190608,2019,True,True,LE07_L2SP_185057_20190608_20200825_02_T1,LE71850572019159ASN00,0,LE07,supplemental,True,LE07_185057_20190608,176207.9765625,119567.56750488281,0.00022256701329546866,0.00041268762478772347,185,57
2019,2019-06-08,6,2019,False,60.0,60.0,LANDSAT/LE07/C02/T1_L2,159,LANDSAT/LE07/C02/T1_L2/LE07_185058_20190608,2019,False,True,LE07_L2SP_185058_20190608_20200825_02_T1,LE71850582019159ASN00,0,LE07,supplemental,True,LE07_185058_20190608,0.0,0.0,0.0,0.0,185,58
2019,2019-08-27,8,2019,False,93.0,93.0,LANDSAT/LE07/C02/T1_L2,239,LANDSAT/LE07/C02/T1_L2/LE07_185057_20190827,2019,False,True,LE07_L2SP_185057_20190827_20200825_02_T1,LE71850572019239ASN00,0,LE07,supplemental,True,LE07_185057_20190827,0.0,0.0,0.0,0.0,185,57
2019,2019-08-27,8,2019,True,79.0,79.0,LANDSAT/LE07/C02/T1_L2,239,LANDSAT/LE07/C02/T1_L2/LE07_185058_20190827,2019,True,True,LE07_L2SP_185058_20190827_20200824_02_T1,LE71850582019239ASN00,0,LE07,supplemental,True,LE07_185058_20190827,36774858.856396005,7123464.868467082,0.04645005668700443,0.024586648856149234,185,58
2019,2019-09-04,9,2019,False,96.25,96.25,LANDSAT/LC08/C02/T1_L2,247,LANDSAT/LC08/C02/T1_L2/LC08_185057_20190904,2019,False,False,LC08_L2SP_185057_20190904_20200826_02_T1,LC81850572019247LGN00,0,LC08,primary,False,LC08_185057_20190904,0.0,0.0,0.0,0.0,185,57
2019,2019-09-04,9,2019,False,95.7,95.7,LANDSAT/LC08/C02/T1_L2,247,LANDSAT/LC08/C02/T1_L2/LC08_185058_20190904,2019,False,False,LC08_L2SP_185058_20190904_20200826_02_T1,LC81850582019247LGN00,0,LC08,primary,False,LC08_185058_20190904,0.0,0.0,0.0,0.0,185,58
2019,2019-09-20,9,2019,True,81.07,81.07,LANDSAT/LC08/C02/T1_L2,263,LANDSAT/LC08/C02/T1_L2/LC08_185057_20190920,2019,True,False,LC08_L2SP_185057_20190920_20200826_02_T1,LC81850572019263LGN00,0,LC08,primary,False,LC08_185057_20190920,199592686.9071047,48771880.75503049,0.25210407080961733,0.1683362139520122,185,57
2019,2019-09-28,9,2019,False,67.0,67.0,LANDSAT/LE07/C02/T1_L2,271,LANDSAT/LE07/C02/T1_L2/LE07_185058_20190928,2019,False,True,LE07_L2SP_185058_20190928_20200823_02_T1,LE71850582019271ASN00,0,LE07,supplemental,True,LE07_185058_20190928,0.0,0.0,0.0,0.0,185,58
2019,2019-10-30,10,2019,True,56.0,56.0,LANDSAT/LE07/C02/T1_L2,303,LANDSAT/LE07/C02/T1_L2/LE07_185057_20191030,2019,True,True,LE07_L2SP_185057_20191030_20200823_02_T1,LE71850572019303SG100,0,LE07,supplemental,True,LE07_185057_20191030,67918018.87361869,11151572.171230897,0.08578675554046165,0.038489666788665056,185,57
2019,2019-10-30,10,2019,True,60.0,60.0,LANDSAT/LE07/C02/T1_L2,303,LANDSAT/LE07/C02/T1_L2/LE07_185058_20191030,2019,True,True,LE07_L2SP_185058_20191030_20200823_02_T1,LE71850582019303SG100,0,LE07,supplemental,True,LE07_185058_20191030,21907349.007757448,5671612.723683552,0.0276710131572766,0.01957557916829923,185,58
2019,2019-11-07,11,2019,True,46.51,46.51,LANDSAT/LC08/C02/T1_L2,311,LANDSAT/LC08/C02/T1_L2/LC08_185057_20191107,2019,True,False,LC08_L2SP_185057_20191107_20200825_02_T1,LC81850572019311LGN00,0,LC08,primary,False,LC08_185057_20191107,27282705.73357173,10565959.41478032,0.034460587132310844,0.03646842354897875,185,57
2019,2019-11-07,11,2019,True,41.48,41.48,LANDSAT/LC08/C02/T1_L2,311,LANDSAT/LC08/C02/T1_L2/LC08_185058_20191107,2019,True,False,LC08_L2SP_185058_20191107_20200825_02_T1,LC81850582019311LGN00,0,LC08,primary,False,LC08_185058_20191107,538524.5594482422,538524.5594482422,0.0006802064533108149,0.0018587182625378282,185,58
2019,2019-11-15,11,2019,False,83.0,83.0,LANDSAT/LE07/C02/T1_L2,319,LANDSAT/LE07/C02/T1_L2/LE07_185057_20191115,2019,False,True,LE07_L2SP_185057_20191115_20200823_02_T1,LE71850572019319SG100,0,LE07,supplemental,True,LE07_185057_20191115,0.0,0.0,0.0,0.0,185,57
2019,2019-11-15,11,2019,False,70.0,70.0,LANDSAT/LE07/C02/T1_L2,319,LANDSAT/LE07/C02/T1_L2/LE07_185058_20191115,2019,False,True,LE07_L2SP_185058_20191115_20200823_02_T1,LE71850582019319SG100,0,LE07,supplemental,True,LE07_185058_20191115,0.0,0.0,0.0,0.0,185,58
2019,2019-11-23,11,2019,True,66.49,66.49,LANDSAT/LC08/C02/T1_L2,327,LANDSAT/LC08/C02/T1_L2/LC08_185057_20191123,2019,True,False,LC08_L2SP_185057_20191123_20200825_02_T1,LC81850572019327LGN00,0,LC08,primary,False,LC08_185057_20191123,246934262.88428882,84738178.52740599,0.311900871019766,0.29247394050970515,185,57
2019,2019-11-23,11,2019,True,58.55,58.55,LANDSAT/LC08/C02/T1_L2,327,LANDSAT/LC08/C02/T1_L2/LC08_185058_20191123,2019,True,False,LC08_L2SP_185058_20191123_20200825_02_T1,LC81850582019327LGN00,0,LC08,primary,False,LC08_185058_20191123,154601968.46234345,52407377.84890976,0.19527662164634887,0.18088413720498325,185,58
2019,2019-12-01,12,2019,True,78.0,78.0,LANDSAT/LE07/C02/T1_L2,335,LANDSAT/LE07/C02/T1_L2/LE07_185057_20191201,2019,True,True,LE07_L2SP_185057_20191201_20200823_02_T1,LE71850572019335SG100,0,LE07,supplemental,True,LE07_185057_20191201,7404842.353723863,1683957.230145862,0.009353002507281763,0.005812180711334032,185,57
2019,2019-12-09,12,2019,True,20.24,20.24,LANDSAT/LC08/C02/T1_L2,343,LANDSAT/LC08/C02/T1_L2/LC08_185057_20191209,2019,True,False,LC08_L2SP_185057_20191209_20200824_02_T1,LC81850572019343LGN00,0,LC08,primary,False,LC08_185057_20191209,613639562.6472151,232155113.3879397,0.7750836673950772,0.8012836952836808,185,57
2019,2019-12-09,12,2019,True,34.28,34.28,LANDSAT/LC08/C02/T1_L2,343,LANDSAT/LC08/C02/T1_L2/LC08_185058_20191209,2019,True,False,LC08_L2SP_185058_20191209_20200824_02_T1,LC81850582019343LGN00,0,LC08,primary,False,LC08_185058_20191209,326663605.4106521,105909141.25364897,0.41260642353946125,0.3655455476711191,185,58
2019,2019-12-25,12,2019,True,19.97,19.97,LANDSAT/LC08/C02/T1_L2,359,LANDSAT/LC08/C02/T1_L2/LC08_185057_20191225,2019,True,False,LC08_L2SP_185057_20191225_20200824_02_T1,LC81850572019359LGN00,0,LC08,primary,False,LC08_185057_20191225,352546331.14373946,142777385.12629732,0.4452987061179162,0.49279634244267323,185,57
2019,2019-12-25,12,2019,True,45.5,45.5,LANDSAT/LC08/C02/T1_L2,359,LANDSAT/LC08/C02/T1_L2/LC08_185058_20191225,2019,True,False,LC08_L2SP_185058_20191225_20200824_02_T1,LC81850582019359LGN00,0,LC08,primary,False,LC08_185058_20191225,200661449.374623,70570195.5395563,0.25345401690716796,0.2435731276111757,185,58
2020,2020-01-02,1,2020,True,71.0,71.0,LANDSAT/LE07/C02/T1_L2,2,LANDSAT/LE07/C02/T1_L2/LE07_185057_20200102,2020,True,True,LE07_L2SP_185057_20200102_20200822_02_T1,LE71850572020002SG100,0,LE07,supplemental,True,LE07_185057_20200102,345904540.7336421,159291671.79828745,0.43690950896947994,0.5497954257555361,185,57
2020,2020-01-02,1,2020,True,51.0,51.0,LANDSAT/LE07/C02/T1_L2,2,LANDSAT/LE07/C02/T1_L2/LE07_185058_20200102,2020,True,True,LE07_L2SP_185058_20200102_20200822_02_T1,LE71850582020002SG100,0,LE07,supplemental,True,LE07_185058_20200102,138700429.6760553,27203888.61777272,0.17519150368796357,0.09389425922878243,185,58
2020,2020-01-10,1,2020,True,80.78,80.78,LANDSAT/LC08/C02/T1_L2,10,LANDSAT/LC08/C02/T1_L2/LC08_185057_20200110,2020,True,False,LC08_L2SP_185057_20200110_20200824_02_T1,LC81850572020010LGN00,0,LC08,primary,False,LC08_185057_20200110,205681128.51098153,86162527.13779393,0.2597943371064901,0.29739008171050935,185,57
2020,2020-01-10,1,2020,True,70.12,70.12,LANDSAT/LC08/C02/T1_L2,10,LANDSAT/LC08/C02/T1_L2/LC08_185058_20200110,2020,True,False,LC08_L2SP_185058_20200110_20200823_02_T1,LC81850582020010LGN00,0,LC08,primary,False,LC08_185058_20200110,87625040.40674284,20882777.630576216,0.1106785510717564,0.07207693590471985,185,58
2020,2020-01-18,1,2020,True,51.0,51.0,LANDSAT/LE07/C02/T1_L2,18,LANDSAT/LE07/C02/T1_L2/LE07_185057_20200118,2020,True,True,LE07_L2SP_185057_20200118_20200822_02_T1,LE71850572020018SG100,0,LE07,supplemental,True,LE07_185057_20200118,71870345.40418294,20031767.226575665,0.09077891042832008,0.06913967231706439,185,57
2020,2020-01-18,1,2020,False,100.0,100.0,LANDSAT/LE07/C02/T1_L2,18,LANDSAT/LE07/C02/T1_L2/LE07_185058_20200118,2020,False,True,LE07_L2SP_185058_20200118_20200822_02_T1,LE71850582020018SG100,0,LE07,supplemental,True,LE07_185058_20200118,0.0,0.0,0.0,0.0,185,58
2020,2020-01-26,1,2020,True,0.0,0.0,LANDSAT/LC08/C02/T1_L2,26,LANDSAT/LC08/C02/T1_L2/LC08_185057_20200126,2020,True,False,LC08_L2SP_185057_20200126_20200823_02_T1,LC81850572020026LGN00,0,LC08,primary,False,LC08_185057_20200126,790810205.4364349,289393419.4320384,0.9988666173981865,0.9988417878429132,185,57
2020,2020-01-26,1,2020,True,0.31,0.31,LANDSAT/LC08/C02/T1_L2,26,LANDSAT/LC08/C02/T1_L2/LC08_185058_20200126,2020,True,False,LC08_L2SP_185058_20200126_20200823_02_T1,LC81850582020026LGN00,0,LC08,primary,False,LC08_185058_20200126,412607182.1754867,137171732.41656956,0.521161130117653,0.4734484243538659,185,58
2020,2020-02-03,2,2020,False,57.0,57.0,LANDSAT/LE07/C02/T1_L2,34,LANDSAT/LE07/C02/T1_L2/LE07_185057_20200203,2020,False,True,LE07_L2SP_185057_20200203_20200822_02_T1,LE71850572020034SG100,0,LE07,supplemental,True,LE07_185057_20200203,0.0,0.0,0.0,0.0,185,57
2020,2020-02-03,2,2020,False,100.0,100.0,LANDSAT/LE07/C02/T1_L2,34,LANDSAT/LE07/C02/T1_L2/LE07_185058_20200203,2020,False,True,LE07_L2SP_185058_20200203_20200822_02_T1,LE71850582020034SG100,0,LE07,supplemental,True,LE07_185058_20200203,0.0,0.0,0.0,0.0,185,58
2020,2020-02-11,2,2020,True,1.87,1.87,LANDSAT/LC08/C02/T1_L2,42,LANDSAT/LC08/C02/T1_L2/LC08_185057_20200211,2020,True,False,LC08_L2SP_185057_20200211_20200823_02_T1,LC81850572020042LGN00,0,LC08,primary,False,LC08_185057_20200211,723619664.1785091,281306658.1314142,0.9139987335417582,0.9709303200174628,185,57
2020,2020-02-11,2,2020,True,47.34,47.34,LANDSAT/LC08/C02/T1_L2,42,LANDSAT/LC08/C02/T1_L2/LC08_185058_20200211,2020,True,False,LC08_L2SP_185058_20200211_20200823_02_T1,LC81850582020042LGN00,0,LC08,primary,False,LC08_185058_20200211,345348505.42225003,128087327.00132915,0.43620718481277837,0.44209358648555186,185,58
2020,2020-02-19,2,2020,True,89.0,89.0,LANDSAT/LE07/C02/T1_L2,50,LANDSAT/LE07/C02/T1_L2/LE07_185057_20200219,2020,True,True,LE07_L2SP_185057_20200219_20200822_02_T1,LE71850572020050SG100,0,LE07,supplemental,True,LE07_185057_20200219,1417763.8219604492,1411469.9252929688,0.0017907671693862441,0.004871690401368024,185,57
2020,2020-02-19,2,2020,False,100.0,100.0,LANDSAT/LE07/C02/T1_L2,50,LANDSAT/LE07/C02/T1_L2/LE07_185058_20200219,2020,False,True,LE07_L2SP_185058_20200219_20200822_02_T1,LE71850582020050SG100,0,LE07,supplemental,True,LE07_185058_20200219,0.0,0.0,0.0,0.0,185,58
2020,2020-02-27,2,2020,True,14.87,14.87,LANDSAT/LC08/C02/T1_L2,58,LANDSAT/LC08/C02/T1_L2/LC08_185057_20200227,2020,True,False,LC08_L2SP_185057_20200227_20200822_02_T1,LC81850572020058LGN00,0,LC08,primary,False,LC08_185057_20200227,621520508.8032262,232973855.54466245,0.7850380331514063,0.8041095849711807,185,57
2020,2020-02-27,2,2020,True,39.12,39.12,LANDSAT/LC08/C02/T1_L2,58,LANDSAT/LC08/C02/T1_L2/LC08_185058_20200227,2020,True,False,LC08_L2SP_185058_20200227_20200822_02_T1,LC81850582020058LGN00,0,LC08,primary,False,LC08_185058_20200227,379614663.7724695,128965691.50280477,0.4794885201410508,0.445125262778515,185,58
2020,2020-03-06,3,2020,False,87.0,87.0,LANDSAT/LE07/C02/T1_L2,66,LANDSAT/LE07/C02/T1_L2/LE07_185057_20200306,2020,False,True,LE07_L2SP_185057_20200306_20200822_02_T1,LE71850572020066ASN00,0,LE07,supplemental,True,LE07_185057_20200306,0.0,0.0,0.0,0.0,185,57
2020,2020-03-06,3,2020,False,82.0,82.0,LANDSAT/LE07/C02/T1_L2,66,LANDSAT/LE07/C02/T1_L2/LE07_185058_20200306,2020,False,True,LE07_L2SP_185058_20200306_20200822_02_T1,LE71850582020066ASN00,0,LE07,supplemental,True,LE07_185058_20200306,0.0,0.0,0.0,0.0,185,58
2020,2020-03-14,3,2020,True,48.21,48.21,LANDSAT/LC08/C02/T1_L2,74,LANDSAT/LC08/C02/T1_L2/LC08_185057_20200314,2020,True,False,LC08_L2SP_185057_20200314_20200822_02_T1,LC81850572020074LGN00,0,LC08,primary,False,LC08_185057_20200314,9414522.123890597,2038076.635170611,0.01189141440470051,0.007034424328065112,185,57
2020,2020-03-14,3,2020,True,60.8,60.8,LANDSAT/LC08/C02/T1_L2,74,LANDSAT/LC08/C02/T1_L2/LC08_185058_20200314,2020,True,False,LC08_L2SP_185058_20200314_20200822_02_T1,LC81850582020074LGN00,0,LC08,primary,False,LC08_185058_20200314,176461625.70399264,73067110.73051424,0.22288739568080837,0.2521912338498155,185,58
2020,2020-03-22,3,2020,False,64.0,64.0,LANDSAT/LE07/C02/T1_L2,82,LANDSAT/LE07/C02/T1_L2/LE07_185057_20200322,2020,False,True,LE07_L2SP_185057_20200322_20200822_02_T1,LE71850572020082ASN00,0,LE07,supplemental,True,LE07_185057_20200322,0.0,0.0,0.0,0.0,185,57
2020,2020-03-30,3,2020,True,37.63,37.63,LANDSAT/LC08/C02/T1_L2,90,LANDSAT/LC08/C02/T1_L2/LC08_185057_20200330,2020,True,False,LC08_L2SP_185057_20200330_20200822_02_T1,LC81850572020090LGN00,0,LC08,primary,False,LC08_185057_20200330,445038279.9798459,208180456.740395,0.5621246138203856,0.7185351346711019,185,57
2020,2020-03-30,3,2020,True,71.36,71.36,LANDSAT/LC08/C02/T1_L2,90,LANDSAT/LC08/C02/T1_L2/LC08_185058_20200330,2020,True,False,LC08_L2SP_185058_20200330_20200822_02_T1,LC81850582020090LGN00,0,LC08,primary,False,LC08_185058_20200330,139232832.26294163,70727853.44352022,0.17586397752226834,0.24411728408498892,185,58
2020,2020-04-07,4,2020,True,0.0,0.0,LANDSAT/LE07/C02/T1_L2,98,LANDSAT/LE07/C02/T1_L2/LE07_185057_20200407,2020,True,True,LE07_L2SP_185057_20200407_20200822_02_T1,LE71850572020098ASN00,0,LE07,supplemental,True,LE07_185057_20200407,581369460.3175442,215161049.43413427,0.7343235359051926,0.7426286600183676,185,57
2020,2020-04-07,4,2020,True,4.0,4.0,LANDSAT/LE07/C02/T1_L2,98,LANDSAT/LE07/C02/T1_L2/LE07_185058_20200407,2020,True,True,LE07_L2SP_185058_20200407_20200822_02_T1,LE71850582020098ASN00,0,LE07,supplemental,True,LE07_185058_20200407,131082604.31637922,23118343.78345158,0.16556948389529993,0.07979299557657264,185,58
2020,2020-04-15,4,2020,True,26.01,26.01,LANDSAT/LC08/C02/T1_L2,106,LANDSAT/LC08/C02/T1_L2/LC08_185057_20200415,2020,True,False,LC08_L2SP_185057_20200415_20200822_02_T1,LC81850572020106LGN00,0,LC08,primary,False,LC08_185057_20200415,402263144.66951495,161991796.28002024,0.5080956515960048,0.5591149091426342,185,57
2020,2020-04-15,4,2020,True,37.29,37.29,LANDSAT/LC08/C02/T1_L2,106,LANDSAT/LC08/C02/T1_L2/LC08_185058_20200415,2020,True,False,LC08_L2SP_185058_20200415_20200822_02_T1,LC81850582020106LGN00,0,LC08,primary,False,LC08_185058_20200415,255659487.82172444,100416191.89355303,0.3229216391628438,0.34658662534960694,185,58
2020,2020-04-23,4,2020,True,36.0,36.0,LANDSAT/LE07/C02/T1_L2,114,LANDSAT/LE07/C02/T1_L2/LE07_185057_20200423,2020,True,True,LE07_L2SP_185057_20200423_20200820_02_T1,LE71850572020114SG100,0,LE07,supplemental,True,LE07_185057_20200423,508037630.0743894,193514560.44496402,0.6416986346089665,0.6679157733020807,185,57
2020,2020-04-23,4,2020,True,9.0,9.0,LANDSAT/LE07/C02/T1_L2,114,LANDSAT/LE07/C02/T1_L2/LE07_185058_20200423,2020,True,True,LE07_L2SP_185058_20200423_20200820_02_T1,LE71850582020114ASN00,0,LE07,supplemental,True,LE07_185058_20200423,111557106.65971105,21323048.0064568,0.1409069698517833,0.07359652971663826,185,58
2020,2020-05-01,5,2020,True,80.81,80.81,LANDSAT/LC08/C02/T1_L2,122,LANDSAT/LC08/C02/T1_L2/LC08_185057_20200501,2020,True,False,LC08_L2SP_185057_20200501_20200820_02_T1,LC81850572020122LGN00,0,LC08,primary,False,LC08_185057_20200501,70534523.11421497,43430181.65755281,0.08909164301187465,0.1498993321213371,185,57
2020,2020-05-01,5,2020,True,37.53,37.53,LANDSAT/LC08/C02/T1_L2,122,LANDSAT/LC08/C02/T1_L2/LC08_185058_20200501,2020,True,False,LC08_L2SP_185058_20200501_20200820_02_T1,LC81850582020122LGN00,0,LC08,primary,False,LC08_185058_20200501,29452047.150928453,17684198.39314132,0.037200666494768025,0.061037035238191456,185,58
2020,2020-05-09,5,2020,True,80.0,80.0,LANDSAT/LE07/C02/T1_L2,130,LANDSAT/LE07/C02/T1_L2/LE07_185057_20200509,2020,True,True,LE07_L2SP_185057_20200509_20200820_02_T1,LE71850572020130ASN00,0,LE07,supplemental,True,LE07_185057_20200509,250243054.3256065,68980258.90618682,0.31608018141806954,0.23808545911978948,185,57
2020,2020-05-09,5,2020,True,79.0,79.0,LANDSAT/LE07/C02/T1_L2,130,LANDSAT/LE07/C02/T1_L2/LE07_185058_20200509,2020,True,True,LE07_L2SP_185058_20200509_20200820_02_T1,LE71850582020130ASN00,0,LE07,supplemental,True,LE07_185058_20200509,27374652.855726533,816302.198318302,0.034576724873395734,0.002817468167688701,185,58
2020,2020-05-17,5,2020,True,41.48,41.48,LANDSAT/LC08/C02/T1_L2,138,LANDSAT/LC08/C02/T1_L2/LC08_185057_20200517,2020,True,False,LC08_L2SP_185057_20200517_20200820_02_T1,LC81850572020138LGN00,0,LC08,primary,False,LC08_185057_20200517,210050262.75165755,77347354.1940595,0.2653129587807439,0.26696450009035805,185,57
2020,2020-05-17,5,2020,True,65.18,65.18,LANDSAT/LC08/C02/T1_L2,138,LANDSAT/LC08/C02/T1_L2/LC08_185058_20200517,2020,True,False,LC08_L2SP_185058_20200517_20200820_02_T1,LC81850582020138LGN00,0,LC08,primary,False,LC08_185058_20200517,54021137.301137164,21290443.596187584,0.06823370552509538,0.07348399554945234,185,58
2020,2020-06-02,6,2020,True,70.54,70.54,LANDSAT/LC08/C02/T1_L2,154,LANDSAT/LC08/C02/T1_L2/LC08_185057_20200602,2020,True,False,LC08_L2SP_185057_20200602_20200824_02_T1,LC81850572020154LGN00,0,LC08,primary,False,LC08_185057_20200602,119897824.13757612,34797691.66064549,0.15144206941994218,0.12010428094508918,185,57
2020,2020-06-02,6,2020,False,100.0,100.0,LANDSAT/LC08/C02/T1_L2,154,LANDSAT/LC08/C02/T1_L2/LC08_185058_20200602,2020,False,False,LC08_L2SP_185058_20200602_20200824_02_T1,LC81850582020154LGN00,0,LC08,primary,False,LC08_185058_20200602,0.0,0.0,0.0,0.0,185,58
2020,2020-06-10,6,2020,True,80.0,80.0,LANDSAT/LE07/C02/T1_L2,162,LANDSAT/LE07/C02/T1_L2/LE07_185057_20200610,2020,True,True,LE07_L2SP_185057_20200610_20200823_02_T1,LE71850572020162ASN00,0,LE07,supplemental,True,LE07_185057_20200610,116024813.5119952,51017413.000916004,0.14655009787465056,0.17608667160768784,185,57
2020,2020-07-12,7,2020,True,81.0,81.0,LANDSAT/LE07/C02/T1_L2,194,LANDSAT/LE07/C02/T1_L2/LE07_185058_20200712,2020,True,True,LE07_L2SP_185058_20200712_20200907_02_T1,LE71850582020194ASN00,0,LE07,supplemental,True,LE07_185058_20200712,32825781.131210506,10247179.344987936,0.041462005341585076,0.03536815369673047,185,58
2020,2020-08-05,8,2020,True,69.1,69.1,LANDSAT/LC08/C02/T1_L2,218,LANDSAT/LC08/C02/T1_L2/LC08_185057_20200805,2020,True,False,LC08_L2SP_185057_20200805_20200916_02_T1,LC81850572020218LGN00,0,LC08,primary,False,LC08_185057_20200805,261111533.79986328,90320543.787444,0.32980807877458024,0.3117414819336662,185,57
2020,2020-08-13,8,2020,False,100.0,100.0,LANDSAT/LE07/C02/T1_L2,226,LANDSAT/LE07/C02/T1_L2/LE07_185058_20200813,2020,False,True,LE07_L2SP_185058_20200813_20200917_02_T1,LE71850582020226ASN00,0,LE07,supplemental,True,LE07_185058_20200813,0.0,0.0,0.0,0.0,185,58
2020,2020-08-29,8,2020,False,100.0,100.0,LANDSAT/LE07/C02/T1_L2,242,LANDSAT/LE07/C02/T1_L2/LE07_185057_20200829,2020,False,True,LE07_L2SP_185057_20200829_20200924_02_T1,LE71850572020242ASN00,0,LE07,supplemental,True,LE07_185057_20200829,0.0,0.0,0.0,0.0,185,57
2020,2020-10-08,10,2020,True,85.82,85.82,LANDSAT/LC08/C02/T1_L2,282,LANDSAT/LC08/C02/T1_L2/LC08_185057_20201008,2020,True,False,LC08_L2SP_185057_20201008_20201016_02_T1,LC81850572020282LGN00,0,LC08,primary,False,LC08_185057_20201008,107180900.28695117,50905360.32049895,0.13537941541894358,0.17569992162608836,185,57
2020,2020-10-08,10,2020,True,83.19,83.19,LANDSAT/LC08/C02/T1_L2,282,LANDSAT/LC08/C02/T1_L2/LC08_185058_20201008,2020,True,False,LC08_L2SP_185058_20201008_20201016_02_T1,LC81850582020282LGN00,0,LC08,primary,False,LC08_185058_20201008,7266963.941833496,2769231.142295209,0.00917884928827878,0.009558005121709399,185,58
2020,2020-10-24,10,2020,True,73.48,73.48,LANDSAT/LC08/C02/T1_L2,298,LANDSAT/LC08/C02/T1_L2/LC08_185057_20201024,2020,True,False,LC08_L2SP_185057_20201024_20201106_02_T1,LC81850572020298LGN00,0,LC08,primary,False,LC08_185057_20201024,44177272.82524318,23746008.957829013,0.05579999191901478,0.08195938279495624,185,57
2020,2020-11-01,11,2020,True,84.0,84.0,LANDSAT/LE07/C02/T1_L2,306,LANDSAT/LE07/C02/T1_L2/LE07_185057_20201101,2020,True,True,LE07_L2SP_185057_20201101_20201127_02_T1,LE71850572020306SG100,0,LE07,supplemental,True,LE07_185057_20201101,4287826.825622559,1116241.3479485004,0.005415922869805545,0.00385270855791142,185,57
2020,2020-11-17,11,2020,True,21.0,21.0,LANDSAT/LE07/C02/T1_L2,322,LANDSAT/LE07/C02/T1_L2/LE07_185057_20201117,2020,True,True,LE07_L2SP_185057_20201117_20201213_02_T1,LE71850572020322SG100,0,LE07,supplemental,True,LE07_185057_20201117,294818433.4012914,123220032.19268084,0.3723830184458223,0.42529411171459724,185,57
2020,2020-11-17,11,2020,True,66.0,66.0,LANDSAT/LE07/C02/T1_L2,322,LANDSAT/LE07/C02/T1_L2/LE07_185058_20201117,2020,True,True,LE07_L2SP_185058_20201117_20201213_02_T1,LE71850582020322SG100,0,LE07,supplemental,True,LE07_185058_20201117,49932388.10854324,9197942.334056184,0.06306923616529254,0.03174671070080173,185,58
2020,2020-11-25,11,2020,False,99.97,99.97,LANDSAT/LC08/C02/T1_L2,330,LANDSAT/LC08/C02/T1_L2/LC08_185057_20201125,2020,False,False,LC08_L2SP_185057_20201125_20210316_02_T1,LC81850572020330LGN00,0,LC08,primary,False,LC08_185057_20201125,0.0,0.0,0.0,0.0,185,57
2020,2020-11-25,11,2020,False,91.03,91.03,LANDSAT/LC08/C02/T1_L2,330,LANDSAT/LC08/C02/T1_L2/LC08_185058_20201125,2020,False,False,LC08_L2SP_185058_20201125_20210316_02_T1,LC81850582020330LGN00,0,LC08,primary,False,LC08_185058_20201125,0.0,0.0,0.0,0.0,185,58
2020,2020-12-03,12,2020,True,55.0,55.0,LANDSAT/LE07/C02/T1_L2,338,LANDSAT/LE07/C02/T1_L2/LE07_185057_20201203,2020,True,True,LE07_L2SP_185057_20201203_20201229_02_T1,LE71850572020338SG100,0,LE07,supplemental,True,LE07_185057_20201203,130564621.21271516,52958471.22158012,0.16491522320535248,0.1827862367437591,185,57
2020,2020-12-03,12,2020,True,53.0,53.0,LANDSAT/LE07/C02/T1_L2,338,LANDSAT/LE07/C02/T1_L2/LE07_185058_20201203,2020,True,True,LE07_L2SP_185058_20201203_20201229_02_T1,LE71850582020338SG100,0,LE07,supplemental,True,LE07_185058_20201203,31532914.428344246,5428193.507472619,0.03982899481470895,0.01873541740652653,185,58
2020,2020-12-11,12,2020,True,75.49,75.49,LANDSAT/LC08/C02/T1_L2,346,LANDSAT/LC08/C02/T1_L2/LC08_185058_20201211,2020,True,False,LC08_L2SP_185058_20201211_20210313_02_T1,LC81850582020346LGN00,0,LC08,primary,False,LC08_185058_20201211,72076480.3843233,33959726.16176376,0.09103927802211789,0.11721204186551235,185,58
2020,2020-12-19,12,2020,True,47.0,47.0,LANDSAT/LE07/C02/T1_L2,354,LANDSAT/LE07/C02/T1_L2/LE07_185057_20201219,2020,True,True,LE07_L2SP_185057_20201219_20210114_02_T1,LE71850572020354SG100,0,LE07,supplemental,True,LE07_185057_20201219,246545924.3644323,97280328.46376786,0.31141036346047063,0.3357631883800133,185,57
2020,2020-12-19,12,2020,False,100.0,100.0,LANDSAT/LE07/C02/T1_L2,354,LANDSAT/LE07/C02/T1_L2/LE07_185058_20201219,2020,False,True,LE07_L2SP_185058_20201219_20210114_02_T1,LE71850582020354SG100,0,LE07,supplemental,True,LE07_185058_20201219,0.0,0.0,0.0,0.0,185,58
2020,2020-12-27,12,2020,True,73.56,73.56,LANDSAT/LC08/C02/T1_L2,362,LANDSAT/LC08/C02/T1_L2/LC08_185057_20201227,2020,True,False,LC08_L2SP_185057_20201227_20210310_02_T1,LC81850572020362LGN00,0,LC08,primary,False,LC08_185057_20201227,43028682.89749014,19530644.68248578,0.054349216337180775,0.06741004716232007,185,57
2021,2021-01-04,1,2021,False,90.0,90.0,LANDSAT/LE07/C02/T1_L2,4,LANDSAT/LE07/C02/T1_L2/LE07_185057_20210104,2021,False,True,LE07_L2SP_185057_20210104_20210130_02_T1,LE71850572021004ASN00,0,LE07,diagnostic_only,True,LE07_185057_20210104,0.0,0.0,0.0,0.0,185,57
2021,2021-01-12,1,2021,True,25.51,25.51,LANDSAT/LC08/C02/T1_L2,12,LANDSAT/LC08/C02/T1_L2/LC08_185057_20210112,2021,True,False,LC08_L2SP_185057_20210112_20210308_02_T1,LC81850572021012LGN00,0,LC08,primary,False,LC08_185057_20210112,538157565.0346262,202033074.59932768,0.6797429053368351,0.6973174366999866,185,57
2021,2021-01-12,1,2021,True,42.91,42.91,LANDSAT/LC08/C02/T1_L2,12,LANDSAT/LC08/C02/T1_L2/LC08_185058_20210112,2021,True,False,LC08_L2SP_185058_20210112_20210308_02_T1,LC81850582021012LGN00,0,LC08,primary,False,LC08_185058_20210112,346636362.73436785,123347962.17690697,0.4378338680146431,0.4257356622322764,185,58
2021,2021-01-20,1,2021,False,14.0,14.0,LANDSAT/LE07/C02/T1_L2,20,LANDSAT/LE07/C02/T1_L2/LE07_185057_20210120,2021,True,True,LE07_L2SP_185057_20210120_20210216_02_T1,LE71850572021020SG100,0,LE07,diagnostic_only,True,LE07_185057_20210120,598683376.2087164,220983419.85894087,0.7561926171098129,0.7627245796008212,185,57
2021,2021-01-20,1,2021,False,28.0,28.0,LANDSAT/LE07/C02/T1_L2,20,LANDSAT/LE07/C02/T1_L2/LE07_185058_20210120,2021,True,True,LE07_L2SP_185058_20210120_20210216_02_T1,LE71850582021020SG100,0,LE07,diagnostic_only,True,LE07_185058_20210120,127686359.5541181,22136278.29049481,0.1612797118435295,0.07640339516793539,185,58
2021,2021-01-28,1,2021,True,43.58,43.58,LANDSAT/LC08/C02/T1_L2,28,LANDSAT/LC08/C02/T1_L2/LC08_185057_20210128,2021,True,False,LC08_L2SP_185057_20210128_20210305_02_T1,LC81850572021028LGN00,0,LC08,primary,False,LC08_185057_20210128,297993310.3208889,97316739.13707586,0.3763931823859598,0.33588885986934747,185,57
2021,2021-01-28,1,2021,True,30.95,30.95,LANDSAT/LC08/C02/T1_L2,28,LANDSAT/LC08/C02/T1_L2/LC08_185058_20210128,2021,True,False,LC08_L2SP_185058_20210128_20210305_02_T1,LC81850582021028LGN00,0,LC08,primary,False,LC08_185058_20210128,167983397.56023857,35967259.55842188,0.21217860739094552,0.12414104616356364,185,58
2021,2021-02-05,2,2021,False,39.0,39.0,LANDSAT/LE07/C02/T1_L2,36,LANDSAT/LE07/C02/T1_L2/LE07_185057_20210205,2021,True,True,LE07_L2SP_185057_20210205_20210303_02_T1,LE71850572021036SG100,0,LE07,diagnostic_only,True,LE07_185057_20210205,182578428.6010168,78460518.52244419,0.2306134849207291,0.27080658831098475,185,57
2021,2021-02-05,2,2021,False,46.0,46.0,LANDSAT/LE07/C02/T1_L2,36,LANDSAT/LE07/C02/T1_L2/LE07_185058_20210205,2021,True,True,LE07_L2SP_185058_20210205_20210303_02_T1,LE71850582021036SG100,0,LE07,diagnostic_only,True,LE07_185058_20210205,87442910.85643001,17065084.105758604,0.11044850456173594,0.05890016141810907,185,58
2021,2021-02-13,2,2021,True,31.69,31.69,LANDSAT/LC08/C02/T1_L2,44,LANDSAT/LC08/C02/T1_L2/LC08_185057_20210213,2021,True,False,LC08_L2SP_185057_20210213_20210301_02_T1,LC81850572021044LGN00,0,LC08,primary,False,LC08_185057_20210213,197670679.09013504,66793940.35794678,0.2496763967184745,0.2305393776235202,185,57
2021,2021-02-13,2,2021,False,99.98,99.98,LANDSAT/LC08/C02/T1_L2,44,LANDSAT/LC08/C02/T1_L2/LC08_185058_20210213,2021,False,False,LC08_L2SP_185058_20210213_20210301_02_T1,LC81850582021044LGN00,0,LC08,primary,False,LC08_185058_20210213,0.0,0.0,0.0,0.0,185,58
2021,2021-02-21,2,2021,False,100.0,100.0,LANDSAT/LE07/C02/T1_L2,52,LANDSAT/LE07/C02/T1_L2/LE07_185057_20210221,2021,False,True,LE07_L2SP_185057_20210221_20210319_02_T1,LE71850572021052SG100,0,LE07,diagnostic_only,True,LE07_185057_20210221,0.0,0.0,0.0,0.0,185,57
2021,2021-02-21,2,2021,False,10.0,10.0,LANDSAT/LE07/C02/T1_L2,52,LANDSAT/LE07/C02/T1_L2/LE07_185058_20210221,2021,True,True,LE07_L2SP_185058_20210221_20210319_02_T1,LE71850582021052SG100,0,LE07,diagnostic_only,True,LE07_185058_20210221,126801789.97560558,21672414.935351327,0.16016241844409174,0.07480237015542594,185,58
2021,2021-03-01,3,2021,True,29.7,29.7,LANDSAT/LC08/C02/T1_L2,60,LANDSAT/LC08/C02/T1_L2/LC08_185057_20210301,2021,True,False,LC08_L2SP_185057_20210301_20210311_02_T1,LC81850572021060LGN00,0,LC08,primary,False,LC08_185057_20210301,385433118.19490695,165999525.36258137,0.4868377675931852,0.5729475916199063,185,57
2021,2021-03-01,3,2021,True,79.92,79.92,LANDSAT/LC08/C02/T1_L2,60,LANDSAT/LC08/C02/T1_L2/LC08_185058_20210301,2021,True,False,LC08_L2SP_185058_20210301_20210311_02_T1,LC81850582021060LGN00,0,LC08,primary,False,LC08_185058_20210301,322106289.2913279,125464452.10540822,0.4068501107032968,0.43304073015083755,185,58
2021,2021-03-09,3,2021,False,17.0,17.0,LANDSAT/LE07/C02/T1_L2,68,LANDSAT/LE07/C02/T1_L2/LE07_185057_20210309,2021,True,True,LE07_L2SP_185057_20210309_20210404_02_T1,LE71850572021068SG100,0,LE07,diagnostic_only,True,LE07_185057_20210309,279799510.1389081,107069387.93095227,0.35341272573471544,0.3695501406842252,185,57
2021,2021-03-09,3,2021,False,32.0,32.0,LANDSAT/LE07/C02/T1_L2,68,LANDSAT/LE07/C02/T1_L2/LE07_185058_20210309,2021,True,True,LE07_L2SP_185058_20210309_20210404_02_T1,LE71850582021068SG100,0,LE07,diagnostic_only,True,LE07_185058_20210309,1756766.843328259,45850.96905517578,0.002218959419452809,0.00015825468317588024,185,58
2021,2021-03-17,3,2021,False,99.91,99.91,LANDSAT/LC08/C02/T1_L2,76,LANDSAT/LC08/C02/T1_L2/LC08_185057_20210317,2021,False,False,LC08_L2SP_185057_20210317_20210328_02_T1,LC81850572021076LGN00,0,LC08,primary,False,LC08_185057_20210317,0.0,0.0,0.0,0.0,185,57
2021,2021-03-17,3,2021,True,74.3,74.3,LANDSAT/LC08/C02/T1_L2,76,LANDSAT/LC08/C02/T1_L2/LC08_185058_20210317,2021,True,False,LC08_L2SP_185058_20210317_20210328_02_T1,LC81850582021076LGN00,0,LC08,primary,False,LC08_185058_20210317,20754186.44006994,7984946.608291924,0.02621446190720701,0.027560054273900087,185,58
2021,2021-03-25,3,2021,False,74.0,74.0,LANDSAT/LE07/C02/T1_L2,84,LANDSAT/LE07/C02/T1_L2/LE07_185057_20210325,2021,True,True,LE07_L2SP_185057_20210325_20210420_02_T1,LE71850572021084ASN00,0,LE07,diagnostic_only,True,LE07_185057_20210325,324667407.5569243,151699258.44694346,0.4100850405526165,0.523590200561465,185,57
2021,2021-03-25,3,2021,False,100.0,100.0,LANDSAT/LE07/C02/T1_L2,84,LANDSAT/LE07/C02/T1_L2/LE07_185058_20210325,2021,False,True,LE07_L2SP_185058_20210325_20210420_02_T1,LE71850582021084ASN00,0,LE07,diagnostic_only,True,LE07_185058_20210325,0.0,0.0,0.0,0.0,185,58
2021,2021-04-02,4,2021,True,13.55,13.55,LANDSAT/LC08/C02/T1_L2,92,LANDSAT/LC08/C02/T1_L2/LC08_185057_20210402,2021,True,False,LC08_L2SP_185057_20210402_20210409_02_T1,LC81850572021092LGN00,0,LC08,primary,False,LC08_185057_20210402,270726321.3673179,88212945.47200975,0.34195244700412947,0.30446710342991645,185,57
2021,2021-04-02,4,2021,False,99.96,99.96,LANDSAT/LC08/C02/T1_L2,92,LANDSAT/LC08/C02/T1_L2/LC08_185058_20210402,2021,False,False,LC08_L2SP_185058_20210402_20210409_02_T1,LC81850582021092LGN00,0,LC08,primary,False,LC08_185058_20210402,0.0,0.0,0.0,0.0,185,58
2021,2021-04-10,4,2021,False,44.0,44.0,LANDSAT/LE07/C02/T1_L2,100,LANDSAT/LE07/C02/T1_L2/LE07_185057_20210410,2021,True,True,LE07_L2SP_185057_20210410_20210506_02_T1,LE71850572021100ASN00,0,LE07,diagnostic_only,True,LE07_185057_20210410,509597029.6630077,203524903.90268698,0.643668300884828,0.7024664876060103,185,57
2021,2021-04-10,4,2021,False,68.0,68.0,LANDSAT/LE07/C02/T1_L2,100,LANDSAT/LE07/C02/T1_L2/LE07_185058_20210410,2021,True,True,LE07_L2SP_185058_20210410_20210506_02_T1,LE71850582021100ASN00,0,LE07,diagnostic_only,True,LE07_185058_20210410,88283273.9807239,16928746.796914965,0.11150996111044897,0.058429593007872455,185,58
2021,2021-04-18,4,2021,False,80.51,80.51,LANDSAT/LC08/C02/T1_L2,108,LANDSAT/LC08/C02/T1_L2/LC08_185057_20210418,2021,False,False,LC08_L2SP_185057_20210418_20210424_02_T1,LC81850572021108LGN00,0,LC08,primary,False,LC08_185057_20210418,0.0,0.0,0.0,0.0,185,57
2021,2021-04-18,4,2021,False,76.43,76.43,LANDSAT/LC08/C02/T1_L2,108,LANDSAT/LC08/C02/T1_L2/LC08_185058_20210418,2021,False,False,LC08_L2SP_185058_20210418_20210424_02_T1,LC81850582021108LGN00,0,LC08,primary,False,LC08_185058_20210418,0.0,0.0,0.0,0.0,185,58
2021,2021-04-26,4,2021,False,69.0,69.0,LANDSAT/LE07/C02/T1_L2,116,LANDSAT/LE07/C02/T1_L2/LE07_185057_20210426,2021,True,True,LE07_L2SP_185057_20210426_20210522_02_T1,LE71850572021116SG100,0,LE07,diagnostic_only,True,LE07_185057_20210426,552474316.6394484,206463878.2670284,0.697826290135526,0.7126103616936263,185,57
2021,2021-04-26,4,2021,False,50.0,50.0,LANDSAT/LE07/C02/T1_L2,116,LANDSAT/LE07/C02/T1_L2/LE07_185058_20210426,2021,True,True,LE07_L2SP_185058_20210426_20210522_02_T1,LE71850582021116ASN00,0,LE07,diagnostic_only,True,LE07_185058_20210426,135353242.40120614,26321569.205855083,0.17096369579165338,0.09084893255695296,185,58
2021,2021-05-04,5,2021,False,88.02,88.02,LANDSAT/LC08/C02/T1_L2,124,LANDSAT/LC08/C02/T1_L2/LC08_185058_20210504,2021,False,False,LC08_L2SP_185058_20210504_20210508_02_T1,LC81850582021124LGN00,0,LC08,primary,False,LC08_185058_20210504,0.0,0.0,0.0,0.0,185,58
2021,2021-05-12,5,2021,False,62.0,62.0,LANDSAT/LE07/C02/T1_L2,132,LANDSAT/LE07/C02/T1_L2/LE07_185057_20210512,2021,True,True,LE07_L2SP_185057_20210512_20210607_02_T1,LE71850572021132ASN00,0,LE07,diagnostic_only,True,LE07_185057_20210512,477921488.04054046,150740419.7591194,0.6036591546988251,0.5202807675029014,185,57
2021,2021-05-12,5,2021,False,50.0,50.0,LANDSAT/LE07/C02/T1_L2,132,LANDSAT/LE07/C02/T1_L2/LE07_185058_20210512,2021,True,True,LE07_L2SP_185058_20210512_20210607_02_T1,LE71850582021132ASN00,0,LE07,diagnostic_only,True,LE07_185058_20210512,113610116.13572615,22336739.962634765,0.14350011118543857,0.07709528890687119,185,58
2021,2021-05-20,5,2021,True,72.0,72.0,LANDSAT/LC08/C02/T1_L2,140,LANDSAT/LC08/C02/T1_L2/LC08_185057_20210520,2021,True,False,LC08_L2SP_185057_20210520_20210528_02_T1,LC81850572021140LGN00,0,LC08,primary,False,LC08_185057_20210520,11353442.778779631,2162869.7688938514,0.014340450978379578,0.007465148001890438,185,57
2021,2021-05-20,5,2021,False,67.95,67.95,LANDSAT/LC08/C02/T1_L2,140,LANDSAT/LC08/C02/T1_L2/LC08_185058_20210520,2021,False,False,LC08_L2SP_185058_20210520_20210528_02_T1,LC81850582021140LGN00,0,LC08,primary,False,LC08_185058_20210520,0.0,0.0,0.0,0.0,185,58
2021,2021-05-28,5,2021,False,70.0,70.0,LANDSAT/LE07/C02/T1_L2,148,LANDSAT/LE07/C02/T1_L2/LE07_185057_20210528,2021,True,True,LE07_L2SP_185057_20210528_20210623_02_T1,LE71850572021148ASN00,0,LE07,diagnostic_only,True,LE07_185057_20210528,413771321.1185195,146971172.0794848,0.5226315455475689,0.5072712039180144,185,57
2021,2021-05-28,5,2021,False,69.0,69.0,LANDSAT/LE07/C02/T1_L2,148,LANDSAT/LE07/C02/T1_L2/LE07_185058_20210528,2021,True,True,LE07_L2SP_185058_20210528_20210623_02_T1,LE71850582021148ASN00,0,LE07,diagnostic_only,True,LE07_185058_20210528,123065891.80693886,23619798.649351597,0.15544363264564498,0.08152376774050475,185,58
2021,2021-07-07,7,2021,True,64.52,64.52,LANDSAT/LC08/C02/T1_L2,188,LANDSAT/LC08/C02/T1_L2/LC08_185058_20210707,2021,True,False,LC08_L2SP_185058_20210707_20210713_02_T1,LC81850582021188LGN00,0,LC08,primary,False,LC08_185058_20210707,142036.14990234375,66530.47509765625,0.00017940482763865868,0.00022963002691285246,185,58
2021,2021-07-31,7,2021,False,80.0,80.0,LANDSAT/LE07/C02/T1_L2,212,LANDSAT/LE07/C02/T1_L2/LE07_185057_20210731,2021,True,True,LE07_L2SP_185057_20210731_20210826_02_T1,LE71850572021212ASN00,0,LE07,diagnostic_only,True,LE07_185057_20210731,22079560.485728305,2483918.3386565563,0.02788853222227521,0.008573247584927082,185,57
2021,2021-07-31,7,2021,False,62.0,62.0,LANDSAT/LE07/C02/T1_L2,212,LANDSAT/LE07/C02/T1_L2/LE07_185058_20210731,2021,True,True,LE07_L2SP_185058_20210731_20210826_02_T1,LE71850582021212ASN00,0,LE07,diagnostic_only,True,LE07_185058_20210731,28378383.49124588,1918474.520175829,0.03584452973705051,0.006621617462568169,185,58
2021,2021-09-09,9,2021,True,66.36,66.36,LANDSAT/LC08/C02/T1_L2,252,LANDSAT/LC08/C02/T1_L2/LC08_185057_20210909,2021,True,False,LC08_L2SP_185057_20210909_20210916_02_T1,LC81850572021252LGN00,0,LC08,primary,False,LC08_185057_20210909,426638257.5771405,180287258.80319014,0.5388836793823961,0.6222617233719314,185,57
2021,2021-09-09,9,2021,True,62.82,62.82,LANDSAT/LC08/C02/T1_L2,252,LANDSAT/LC08/C02/T1_L2/LC08_185058_20210909,2021,True,False,LC08_L2SP_185058_20210909_20210916_02_T1,LC81850582021252LGN00,0,LC08,primary,False,LC08_185058_20210909,214959802.58436853,96630289.46065412,0.2715141628268845,0.3335195778607692,185,58
2021,2021-09-25,9,2021,True,85.66,85.66,LANDSAT/LC08/C02/T1_L2,268,LANDSAT/LC08/C02/T1_L2/LC08_185058_20210925,2021,True,False,LC08_L2SP_185058_20210925_20211001_02_T1,LC81850582021268LGN00,0,LC08,primary,False,LC08_185058_20210925,460327.8096923828,137559.21130371094,0.0005814367075700386,0.00047478580826930964,185,58
2021,2021-10-03,10,2021,False,81.0,81.0,LANDSAT/LE07/C02/T1_L2,276,LANDSAT/LE07/C02/T1_L2/LE07_185058_20211003,2021,False,True,LE07_L2SP_185058_20211003_20211029_02_T1,LE71850582021276ASN00,0,LE07,diagnostic_only,True,LE07_185058_20211003,0.0,0.0,0.0,0.0,185,58
2021,2021-10-11,10,2021,True,84.9,84.9,LANDSAT/LC08/C02/T1_L2,284,LANDSAT/LC08/C02/T1_L2/LC08_185057_20211011,2021,True,False,LC08_L2SP_185057_20211011_20211019_02_T1,LC81850572021284LGN00,0,LC08,primary,False,LC08_185057_20211011,340892674.9182823,151665137.4129969,0.43057905771906996,0.5234724317655569,185,57
2021,2021-10-11,10,2021,True,78.16,78.16,LANDSAT/LC08/C02/T1_L2,284,LANDSAT/LC08/C02/T1_L2/LC08_185058_20211011,2021,True,False,LC08_L2SP_185058_20211011_20211019_02_T1,LC81850582021284LGN00,0,LC08,primary,False,LC08_185058_20211011,188706985.3225438,81447584.77411392,0.23835442033087115,0.28111645161429905,185,58
2021,2021-10-19,10,2021,False,85.0,85.0,LANDSAT/LE07/C02/T1_L2,292,LANDSAT/LE07/C02/T1_L2/LE07_185057_20211019,2021,True,True,LE07_L2SP_185057_20211019_20211114_02_T1,LE71850572021292SG100,0,LE07,diagnostic_only,True,LE07_185057_20211019,1495122.205521886,20677.58270263672,0.0018884779808859002,7.13687053268386e-05,185,57
2021,2021-10-27,10,2021,True,46.89,46.89,LANDSAT/LC08/C02/T1_L2,300,LANDSAT/LC08/C02/T1_L2/LC08_185057_20211027,2021,True,False,LC08_L2SP_185057_20211027_20211104_02_T1,LC81850572021300LGN00,0,LC08,primary,False,LC08_185057_20211027,562719083.2669679,255760572.42642492,0.7107663803327898,0.8827579698374267,185,57
2021,2021-10-27,10,2021,True,48.86,48.86,LANDSAT/LC08/C02/T1_L2,300,LANDSAT/LC08/C02/T1_L2/LC08_185058_20211027,2021,True,False,LC08_L2SP_185058_20211027_20211104_02_T1,LC81850582021300LGN00,0,LC08,primary,False,LC08_185058_20211027,289214178.81400377,111499859.72890079,0.36530432524717693,0.38484192022895586,185,58
2021,2021-11-04,11,2021,False,57.0,57.0,LANDSAT/LE07/C02/T1_L2,308,LANDSAT/LE07/C02/T1_L2/LE07_185057_20211104,2021,True,True,LE07_L2SP_185057_20211104_20211130_02_T1,LE71850572021308SG100,0,LE07,diagnostic_only,True,LE07_185057_20211104,564923989.6031964,212537173.31903395,0.7135513814855416,0.7335723479742694,185,57
2021,2021-11-04,11,2021,False,39.0,39.0,LANDSAT/LE07/C02/T1_L2,308,LANDSAT/LE07/C02/T1_L2/LE07_185058_20211104,2021,True,True,LE07_L2SP_185058_20211104_20211130_02_T1,LE71850582021308SG100,0,LE07,diagnostic_only,True,LE07_185058_20211104,131438475.97356848,24202637.025547888,0.16601898279655444,0.08353543520290219,185,58
2021,2021-11-12,11,2021,False,91.35,91.35,LANDSAT/LC08/C02/T1_L2,316,LANDSAT/LC08/C02/T1_L2/LC08_185058_20211112,2021,False,False,LC08_L2SP_185058_20211112_20211125_02_T1,LC81850582021316LGN00,0,LC08,primary,False,LC08_185058_20211112,0.0,0.0,0.0,0.0,185,58
2021,2021-11-20,11,2021,False,71.0,71.0,LANDSAT/LE07/C02/T1_L2,324,LANDSAT/LE07/C02/T1_L2/LE07_185057_20211120,2021,True,True,LE07_L2SP_185057_20211120_20211217_02_T1,LE71850572021324SG100,0,LE07,diagnostic_only,True,LE07_185057_20211120,51821750.740979485,25771157.43494059,0.06545567636134261,0.0889491855675812,185,57
2021,2021-11-28,11,2021,True,62.42,62.42,LANDSAT/LC08/C02/T1_L2,332,LANDSAT/LC08/C02/T1_L2/LC08_185058_20211128,2021,True,False,LC08_L2SP_185058_20211128_20211208_02_T1,LC81850582021332LGN00,0,LC08,primary,False,LC08_185058_20211128,21936549.869600423,831370.2818536496,0.027707896553436247,0.0028694756788731337,185,58
2021,2021-12-06,12,2021,False,100.0,100.0,LANDSAT/LC09/C02/T1_L2,340,LANDSAT/LC09/C02/T1_L2/LC09_185057_20211206,2021,False,False,LC09_L2SP_185057_20211206_20230505_02_T1,LC91850572021340LGN02,0,LC09,primary,False,LC09_185057_20211206,0.0,0.0,0.0,0.0,185,57
2021,2021-12-06,12,2021,False,100.0,100.0,LANDSAT/LC09/C02/T1_L2,340,LANDSAT/LC09/C02/T1_L2/LC09_185058_20211206,2021,False,False,LC09_L2SP_185058_20211206_20230505_02_T1,LC91850582021340LGN02,0,LC09,primary,False,LC09_185058_20211206,0.0,0.0,0.0,0.0,185,58
2021,2021-12-14,12,2021,True,35.38,35.38,LANDSAT/LC08/C02/T1_L2,348,LANDSAT/LC08/C02/T1_L2/LC08_185057_20211214,2021,True,False,LC08_L2SP_185057_20211214_20211223_02_T1,LC81850572021348LGN00,0,LC08,primary,False,LC08_185057_20211214,433913384.08316094,157558056.32593402,0.5480728387461173,0.5438118495524694,185,57
2021,2021-12-14,12,2021,True,56.09,56.09,LANDSAT/LC08/C02/T1_L2,348,LANDSAT/LC08/C02/T1_L2/LC08_185058_20211214,2021,True,False,LC08_L2SP_185058_20211214_20211223_02_T1,LC81850582021348LGN00,0,LC08,primary,False,LC08_185058_20211214,211081837.2907195,73268535.16301462,0.2666159330764009,0.25288645055746833,185,58
2021,2021-12-22,12,2021,True,2.73,2.73,LANDSAT/LC09/C02/T1_L2,356,LANDSAT/LC09/C02/T1_L2/LC09_185057_20211222,2021,True,False,LC09_L2SP_185057_20211222_20230504_02_T1,LC91850572021356LGN02,0,LC09,primary,False,LC09_185057_20211222,790805710.1211272,289398814.1999218,0.9988609393981246,0.9988604078917318,185,57
2021,2021-12-22,12,2021,True,8.29,8.29,LANDSAT/LC09/C02/T1_L2,356,LANDSAT/LC09/C02/T1_L2/LC09_185058_20211222,2021,True,False,LC09_L2SP_185058_20211222_20230504_02_T1,LC91850582021356LGN02,0,LC09,primary,False,LC09_185058_20211222,393746529.61307216,125174061.45783168,0.4973383770759869,0.4320384464286732,185,58
2021,2021-12-22,12,2021,False,22.0,22.0,LANDSAT/LE07/C02/T1_L2,356,LANDSAT/LE07/C02/T1_L2/LE07_185057_20211222,2021,True,True,LE07_L2SP_185057_20211222_20220117_02_T1,LE71850572021356SG100,0,LE07,diagnostic_only,True,LE07_185057_20211222,597344022.6880641,219221757.26435596,0.7545008894215796,0.7566441987165405,185,57
2021,2021-12-22,12,2021,False,22.0,22.0,LANDSAT/LE07/C02/T1_L2,356,LANDSAT/LE07/C02/T1_L2/LE07_185058_20211222,2021,True,True,LE07_L2SP_185058_20211222_20220117_02_T1,LE71850582021356SG100,0,LE07,diagnostic_only,True,LE07_185058_20211222,138823150.44791043,27181603.835382912,0.1753465114021088,0.09381734327151012,185,58
2021,2021-12-30,12,2021,True,42.94,42.94,LANDSAT/LC08/C02/T1_L2,364,LANDSAT/LC08/C02/T1_L2/LC08_185057_20211230,2021,True,False,LC08_L2SP_185057_20211230_20220105_02_T1,LC81850572021364LGN00,0,LC08,primary,False,LC08_185057_20211230,466929114.280431,218963087.9988842,0.5897747673711761,0.75575140138863,185,57
2021,2021-12-30,12,2021,True,44.02,44.02,LANDSAT/LC08/C02/T1_L2,364,LANDSAT/LC08/C02/T1_L2/LC08_185058_20211230,2021,True,False,LC08_L2SP_185058_20211230_20220105_02_T1,LC81850582021364LGN00,0,LC08,primary,False,LC08_185058_20211230,174631449.90078005,96275256.72758147,0.2205757139381707,0.3322941818910162,185,58
2022,2022-01-07,1,2022,True,33.27,33.27,LANDSAT/LC09/C02/T1_L2,7,LANDSAT/LC09/C02/T1_L2/LC09_185057_20220107,2022,True,False,LC09_L2SP_185057_20220107_20230502_02_T1,LC91850572022007LGN03,0,LC09,primary,False,LC09_185057_20220107,415275273.06945217,173529800.3080351,0.5245311763156474,0.5989383460200147,185,57
2022,2022-01-07,1,2022,True,80.66,80.66,LANDSAT/LC09/C02/T1_L2,7,LANDSAT/LC09/C02/T1_L2/LC09_185058_20220107,2022,True,False,LC09_L2SP_185058_20220107_20230502_02_T1,LC91850582022007LGN03,0,LC09,primary,False,LC09_185058_20220107,236486485.89939228,82292196.25471815,0.2987043599169853,0.2840316293089926,185,58
2022,2022-01-07,1,2022,False,60.0,60.0,LANDSAT/LE07/C02/T1_L2,7,LANDSAT/LE07/C02/T1_L2/LE07_185057_20220107,2022,True,True,LE07_L2SP_185057_20220107_20220202_02_T1,LE71850572022007SG100,0,LE07,diagnostic_only,True,LE07_185057_20220107,216128298.61057293,101076906.21954252,0.27299008165685695,0.348867081760537,185,57
2022,2022-01-07,1,2022,False,93.0,93.0,LANDSAT/LE07/C02/T1_L2,7,LANDSAT/LE07/C02/T1_L2/LE07_185058_20220107,2022,False,True,LE07_L2SP_185058_20220107_20220202_02_T1,LE71850582022007SG100,0,LE07,diagnostic_only,True,LE07_185058_20220107,0.0,0.0,0.0,0.0,185,58
2022,2022-01-15,1,2022,True,73.24,73.24,LANDSAT/LC08/C02/T1_L2,15,LANDSAT/LC08/C02/T1_L2/LC08_185057_20220115,2022,True,False,LC08_L2SP_185057_20220115_20220123_02_T1,LC81850572022015LGN00,0,LC08,primary,False,LC08_185057_20220115,352312670.8711375,148771241.36328557,0.44500357152745473,0.5134841455432987,185,57
2022,2022-01-23,1,2022,True,19.23,19.23,LANDSAT/LC09/C02/T1_L2,23,LANDSAT/LC09/C02/T1_L2/LC09_185057_20220123,2022,True,False,LC09_L2SP_185057_20220123_20230430_02_T1,LC91850572022023LGN01,0,LC09,primary,False,LC09_185057_20220123,661695065.091268,256036716.5128746,0.835782222931763,0.8837110815341369,185,57
2022,2022-01-23,1,2022,True,28.76,28.76,LANDSAT/LC09/C02/T1_L2,23,LANDSAT/LC09/C02/T1_L2/LC09_185058_20220123,2022,True,False,LC09_L2SP_185058_20220123_20230430_02_T1,LC91850582022023LGN01,0,LC09,primary,False,LC09_185058_20220123,368352380.34577143,121045775.333926,0.46526321187710756,0.4177896611562859,185,58
2022,2022-01-23,1,2022,False,34.0,34.0,LANDSAT/LE07/C02/T1_L2,23,LANDSAT/LE07/C02/T1_L2/LE07_185057_20220123,2022,True,True,LE07_L2SP_185057_20220123_20220218_02_T1,LE71850572022023SG100,0,LE07,diagnostic_only,True,LE07_185057_20220123,567078587.9899845,218875114.50762248,0.7162728390333422,0.7554477607617384,185,57
2022,2022-01-23,1,2022,False,30.0,30.0,LANDSAT/LE07/C02/T1_L2,23,LANDSAT/LE07/C02/T1_L2/LE07_185058_20220123,2022,True,True,LE07_L2SP_185058_20220123_20220218_02_T1,LE71850582022023SG100,0,LE07,diagnostic_only,True,LE07_185058_20220123,95691521.83424887,22722311.42396743,0.12086726507975475,0.07842608933949528,185,58
2022,2022-01-31,1,2022,True,4.75,4.75,LANDSAT/LC08/C02/T1_L2,31,LANDSAT/LC08/C02/T1_L2/LC08_185057_20220131,2022,True,False,LC08_L2SP_185057_20220131_20220204_02_T1,LC81850572022031LGN00,0,LC08,primary,False,LC08_185057_20220131,767178156.3713689,287895616.52981675,0.969017148145595,0.9936721190521453,185,57
2022,2022-01-31,1,2022,True,49.79,49.79,LANDSAT/LC08/C02/T1_L2,31,LANDSAT/LC08/C02/T1_L2/LC08_185058_20220131,2022,True,False,LC08_L2SP_185058_20220131_20220204_02_T1,LC81850582022031LGN00,0,LC08,primary,False,LC08_185058_20220131,389149419.4228437,133202458.32087262,0.4915318006383623,0.4597484693169976,185,58
2022,2022-02-08,2,2022,True,25.36,25.36,LANDSAT/LC09/C02/T1_L2,39,LANDSAT/LC09/C02/T1_L2/LC09_185057_20220208,2022,True,False,LC09_L2SP_185057_20220208_20230428_02_T1,LC91850572022039LGN01,0,LC09,primary,False,LC09_185057_20220208,379743931.92187786,156699448.50320664,0.4796517978001518,0.5408483634635595,185,57
2022,2022-02-08,2,2022,True,50.17,50.17,LANDSAT/LC09/C02/T1_L2,39,LANDSAT/LC09/C02/T1_L2/LC09_185058_20220208,2022,True,False,LC09_L2SP_185058_20220208_20230428_02_T1,LC91850582022039LGN01,0,LC09,primary,False,LC09_185058_20220208,203864213.68622997,75671613.6128758,0.25749940520927384,0.2611806791542931,185,58
2022,2022-02-08,2,2022,False,33.0,33.0,LANDSAT/LE07/C02/T1_L2,39,LANDSAT/LE07/C02/T1_L2/LE07_185057_20220208,2022,True,True,LE07_L2SP_185057_20220208_20220306_02_T1,LE71850572022039SG100,0,LE07,diagnostic_only,True,LE07_185057_20220208,445096268.84495586,182419207.77106696,0.5621978591340411,0.6296201481863009,185,57
2022,2022-02-08,2,2022,False,100.0,100.0,LANDSAT/LE07/C02/T1_L2,39,LANDSAT/LE07/C02/T1_L2/LE07_185058_20220208,2022,False,True,LE07_L2SP_185058_20220208_20220306_02_T1,LE71850582022039SG100,0,LE07,diagnostic_only,True,LE07_185058_20220208,0.0,0.0,0.0,0.0,185,58
2022,2022-02-16,2,2022,False,54.05,54.05,LANDSAT/LC08/C02/T1_L2,47,LANDSAT/LC08/C02/T1_L2/LC08_185057_20220216,2022,False,False,LC08_L2SP_185057_20220216_20220223_02_T1,LC81850572022047LGN00,0,LC08,primary,False,LC08_185057_20220216,9712943.977473,0.0,0.012268348876962466,0.0,185,57
2022,2022-02-16,2,2022,True,40.75,40.75,LANDSAT/LC08/C02/T1_L2,47,LANDSAT/LC08/C02/T1_L2/LC08_185058_20220216,2022,True,False,LC08_L2SP_185058_20220216_20220223_02_T1,LC81850582022047LGN00,0,LC08,primary,False,LC08_185058_20220216,17550828.883035097,1159914.6102115407,0.02216832428111702,0.004003446883079149,185,58
2022,2022-02-24,2,2022,False,97.04,97.04,LANDSAT/LC09/C02/T1_L2,55,LANDSAT/LC09/C02/T1_L2/LC09_185057_20220224,2022,False,False,LC09_L2SP_185057_20220224_20230426_02_T1,LC91850572022055LGN01,0,LC09,primary,False,LC09_185057_20220224,0.0,0.0,0.0,0.0,185,57
2022,2022-02-24,2,2022,False,100.0,100.0,LANDSAT/LE07/C02/T1_L2,55,LANDSAT/LE07/C02/T1_L2/LE07_185057_20220224,2022,False,True,LE07_L2SP_185057_20220224_20220322_02_T1,LE71850572022055SG100,0,LE07,diagnostic_only,True,LE07_185057_20220224,0.0,0.0,0.0,0.0,185,57
2022,2022-02-24,2,2022,False,100.0,100.0,LANDSAT/LE07/C02/T1_L2,55,LANDSAT/LE07/C02/T1_L2/LE07_185058_20220224,2022,False,True,LE07_L2SP_185058_20220224_20220322_02_T1,LE71850582022055SG100,0,LE07,diagnostic_only,True,LE07_185058_20220224,0.0,0.0,0.0,0.0,185,58
2022,2022-03-04,3,2022,False,100.0,100.0,LANDSAT/LC08/C02/T1_L2,63,LANDSAT/LC08/C02/T1_L2/LC08_185057_20220304,2022,False,False,LC08_L2SP_185057_20220304_20220314_02_T1,LC81850572022063LGN00,0,LC08,primary,False,LC08_185057_20220304,0.0,0.0,0.0,0.0,185,57
2022,2022-03-04,3,2022,True,72.17,72.17,LANDSAT/LC08/C02/T1_L2,63,LANDSAT/LC08/C02/T1_L2/LC08_185058_20220304,2022,True,False,LC08_L2SP_185058_20220304_20220314_02_T1,LC81850582022063LGN00,0,LC08,primary,False,LC08_185058_20220304,1563510.4552001953,402524.1604350968,0.0019748586815348705,0.0013893126970476245,185,58
2022,2022-03-20,3,2022,False,100.0,100.0,LANDSAT/LC08/C02/T1_L2,79,LANDSAT/LC08/C02/T1_L2/LC08_185057_20220320,2022,False,False,LC08_L2SP_185057_20220320_20220329_02_T1,LC81850572022079LGN00,0,LC08,primary,False,LC08_185057_20220320,0.0,0.0,0.0,0.0,185,57
2022,2022-03-20,3,2022,False,100.0,100.0,LANDSAT/LC08/C02/T1_L2,79,LANDSAT/LC08/C02/T1_L2/LC08_185058_20220320,2022,False,False,LC08_L2SP_185058_20220320_20220329_02_T1,LC81850582022079LGN00,0,LC08,primary,False,LC08_185058_20220320,0.0,0.0,0.0,0.0,185,58
2022,2022-03-28,3,2022,True,34.35,34.35,LANDSAT/LC09/C02/T1_L2,87,LANDSAT/LC09/C02/T1_L2/LC09_185057_20220328,2022,True,False,LC09_L2SP_185057_20220328_20230423_02_T1,LC91850572022087LGN01,0,LC09,primary,False,LC09_185057_20220328,111185340.08462584,38916372.89977453,0.14043739419536883,0.1343199149443717,185,57
2022,2022-03-28,3,2022,False,90.64,90.64,LANDSAT/LC09/C02/T1_L2,87,LANDSAT/LC09/C02/T1_L2/LC09_185058_20220328,2022,False,False,LC09_L2SP_185058_20220328_20230423_02_T1,LC91850582022087LGN01,0,LC09,primary,False,LC09_185058_20220328,0.0,0.0,0.0,0.0,185,58
2022,2022-03-28,3,2022,False,69.0,69.0,LANDSAT/LE07/C02/T1_L2,87,LANDSAT/LE07/C02/T1_L2/LE07_185057_20220328,2022,True,True,LE07_L2SP_185057_20220328_20220423_02_T1,LE71850572022087ASN00,0,LE07,diagnostic_only,True,LE07_185057_20220328,21191623.873712994,8446873.577530684,0.026766985947315015,0.029154395847778396,185,57
2022,2022-04-05,4,2022,True,39.2,39.2,LANDSAT/LC08/C02/T1_L2,95,LANDSAT/LC08/C02/T1_L2/LC08_185057_20220405,2022,True,False,LC08_L2SP_185057_20220405_20220412_02_T1,LC81850572022095LGN00,0,LC08,primary,False,LC08_185057_20220405,738458249.7007881,272850268.08190894,0.9327412429652837,0.9417430780534884,185,57
2022,2022-04-05,4,2022,True,64.49,64.49,LANDSAT/LC08/C02/T1_L2,95,LANDSAT/LC08/C02/T1_L2/LC08_185058_20220405,2022,True,False,LC08_L2SP_185058_20220405_20220412_02_T1,LC81850582022095LGN00,0,LC08,primary,False,LC08_185058_20220405,359423589.8367885,117498299.41037147,0.4539853215415336,0.40554554309455837,185,58
2022,2022-04-13,4,2022,True,71.99,71.99,LANDSAT/LC09/C02/T1_L2,103,LANDSAT/LC09/C02/T1_L2/LC09_185057_20220413,2022,True,False,LC09_L2SP_185057_20220413_20230422_02_T1,LC91850572022103LGN01,0,LC09,primary,False,LC09_185057_20220413,59013550.851278394,14773849.916687971,0.07453958676082165,0.050991963442254366,185,57
2022,2022-04-29,4,2022,True,78.33,78.33,LANDSAT/LC09/C02/T1_L2,119,LANDSAT/LC09/C02/T1_L2/LC09_185057_20220429,2022,True,False,LC09_L2SP_185057_20220429_20230418_02_T1,LC91850572022119LGN01,0,LC09,primary,False,LC09_185057_20220429,7512229.307485783,1022476.6034775676,0.009488642187345913,0.0035290794125501005,185,57
2022,2022-04-29,4,2022,False,84.28,84.28,LANDSAT/LC09/C02/T1_L2,119,LANDSAT/LC09/C02/T1_L2/LC09_185058_20220429,2022,False,False,LC09_L2SP_185058_20220429_20230418_02_T1,LC91850582022119LGN01,0,LC09,primary,False,LC09_185058_20220429,340048.3338649375,0.0,0.00042951257667711183,0.0,185,58
2022,2022-05-07,5,2022,False,100.0,100.0,LANDSAT/LE07/C02/T1_L2,127,LANDSAT/LE07/C02/T1_L2/LE07_185058_20220507,2022,False,True,LE07_L2SP_185058_20220507_20220901_02_T1,LE71850582022127ASN00,0,LE07,diagnostic_only,True,LE07_185058_20220507,0.0,0.0,0.0,0.0,185,58
2022,2022-05-15,5,2022,True,61.44,61.44,LANDSAT/LC09/C02/T1_L2,135,LANDSAT/LC09/C02/T1_L2/LC09_185057_20220515,2022,True,False,LC09_L2SP_185057_20220515_20230416_02_T1,LC91850572022135LGN01,0,LC09,primary,False,LC09_185057_20220515,51685083.327598654,8009669.174246517,0.0652830527457471,0.027645384244521443,185,57
2022,2022-05-15,5,2022,True,71.6,71.6,LANDSAT/LC09/C02/T1_L2,135,LANDSAT/LC09/C02/T1_L2/LC09_185058_20220515,2022,True,False,LC09_L2SP_185058_20220515_20230416_02_T1,LC91850582022135LGN01,0,LC09,primary,False,LC09_185058_20220515,4884159.420856072,790586.8313802083,0.006169146232567345,0.0027287115430982304,185,58
2022,2022-06-05,6,2022,False,94.0,94.0,LANDSAT/LE07/C02/T1_L2,156,LANDSAT/LE07/C02/T1_L2/LE07_185058_20220605,2022,False,True,LE07_L2SP_185058_20220605_20220828_02_T1,LE71850582022156ASN00,0,LE07,diagnostic_only,True,LE07_185058_20220605,0.0,0.0,0.0,0.0,185,58
2022,2022-06-08,6,2022,False,84.76,84.76,LANDSAT/LC08/C02/T1_L2,159,LANDSAT/LC08/C02/T1_L2/LC08_185057_20220608,2022,False,False,LC08_L2SP_185057_20220608_20220616_02_T1,LC81850572022159LGN00,0,LC08,primary,False,LC08_185057_20220608,0.0,0.0,0.0,0.0,185,57
2022,2022-06-10,6,2022,False,29.0,29.0,LANDSAT/LE07/C02/T1_L2,161,LANDSAT/LE07/C02/T1_L2/LE07_186057_20220610,2022,True,True,LE07_L2SP_186057_20220610_20220828_02_T1,LE71860572022161ASN00,0,LE07,diagnostic_only,True,LE07_186057_20220610,40276478.23185748,22030869.27718075,0.05087292664611536,0.0760395758125402,186,57
2022,2022-07-31,7,2022,False,87.0,87.0,LANDSAT/LE07/C02/T1_L2,212,LANDSAT/LE07/C02/T1_L2/LE07_186057_20220731,2022,False,True,LE07_L2SP_186057_20220731_20220903_02_T1,LE71860572022212ASN00,0,LE07,diagnostic_only,True,LE07_186057_20220731,912616.8184031768,0.0,0.0011527196641019438,0.0,186,57
2022,2022-08-12,8,2022,False,86.0,86.0,LANDSAT/LE07/C02/T1_L2,224,LANDSAT/LE07/C02/T1_L2/LE07_185058_20220812,2022,True,True,LE07_L2SP_185058_20220812_20220907_02_T1,LE71850582022224ASN00,0,LE07,diagnostic_only,True,LE07_185058_20220812,2563796.6650357116,497908.0237129959,0.0032383129161663513,0.001718530233212903,185,58
2022,2022-09-04,9,2022,True,84.52,84.52,LANDSAT/LC09/C02/T1_L2,247,LANDSAT/LC09/C02/T1_L2/LC09_185057_20220904,2022,True,False,LC09_L2SP_185057_20220904_20230330_02_T1,LC91850572022247LGN01,0,LC09,primary,False,LC09_185057_20220904,20822927.398971498,3141667.201512475,0.02630128811230993,0.010843468695745867,185,57
2022,2022-09-04,9,2022,False,77.23,77.23,LANDSAT/LC09/C02/T1_L2,247,LANDSAT/LC09/C02/T1_L2/LC09_185058_20220904,2022,False,False,LC09_L2SP_185058_20220904_20230330_02_T1,LC91850582022247LGN01,0,LC09,primary,False,LC09_185058_20220904,4292627.937298942,0.0,0.005421987119036236,0.0,185,58
2022,2022-09-12,9,2022,True,64.04,64.04,LANDSAT/LC08/C02/T1_L2,255,LANDSAT/LC08/C02/T1_L2/LC08_185058_20220912,2022,True,False,LC08_L2SP_185058_20220912_20220921_02_T1,LC81850582022255LGN00,0,LC08,primary,False,LC08_185058_20220912,45068700.49484816,14965228.289096488,0.05692594772341929,0.051652506159591036,185,58
2022,2022-10-02,10,2022,False,84.0,84.0,LANDSAT/LE07/C02/T1_L2,275,LANDSAT/LE07/C02/T1_L2/LE07_185058_20221002,2022,True,True,LE07_L2SP_185058_20221002_20221028_02_T1,LE71850582022275ASN00,0,LE07,diagnostic_only,True,LE07_185058_20221002,20106900.568323955,4021393.2631491274,0.025396879831563808,0.013879844415489955,185,58
2022,2022-10-22,10,2022,False,80.44,80.44,LANDSAT/LC09/C02/T1_L2,295,LANDSAT/LC09/C02/T1_L2/LC09_185057_20221022,2022,False,False,LC09_L2SP_185057_20221022_20230325_02_T1,LC91850572022295LGN01,0,LC09,primary,False,LC09_185057_20221022,0.0,0.0,0.0,0.0,185,57
2022,2022-10-24,10,2022,False,38.0,38.0,LANDSAT/LE07/C02/T1_L2,297,LANDSAT/LE07/C02/T1_L2/LE07_186057_20221024,2022,True,True,LE07_L2SP_186057_20221024_20221119_02_T1,LE71860572022297ASN00,0,LE07,diagnostic_only,True,LE07_186057_20221024,52860356.99978242,25951141.371132288,0.06676753237104918,0.0895704003725396,186,57
2022,2022-10-30,10,2022,True,80.75,80.75,LANDSAT/LC08/C02/T1_L2,303,LANDSAT/LC08/C02/T1_L2/LC08_185057_20221030,2022,True,False,LC08_L2SP_185057_20221030_20221108_02_T1,LC81850572022303LGN00,0,LC08,primary,False,LC08_185057_20221030,185941578.53828102,52983555.726266176,0.23486145513980852,0.18287281594641322,185,57
2022,2022-10-30,10,2022,True,82.19,82.19,LANDSAT/LC08/C02/T1_L2,303,LANDSAT/LC08/C02/T1_L2/LC08_185058_20221030,2022,True,False,LC08_L2SP_185058_20221030_20221108_02_T1,LC81850582022303LGN00,0,LC08,primary,False,LC08_185058_20221030,143625578.98182827,29372061.57652157,0.18141242394597093,0.10137771119779981,185,58
2022,2022-11-05,11,2022,False,56.0,56.0,LANDSAT/LE07/C02/T1_L2,309,LANDSAT/LE07/C02/T1_L2/LE07_185057_20221105,2022,True,True,LE07_L2SP_185057_20221105_20221201_02_T1,LE71850572022309SG100,0,LE07,diagnostic_only,True,LE07_185057_20221105,399770037.8738229,161475503.638052,0.5049466265395426,0.5573329243740592,185,57
2022,2022-11-07,11,2022,True,21.49,21.49,LANDSAT/LC09/C02/T1_L2,311,LANDSAT/LC09/C02/T1_L2/LC09_185057_20221107,2022,True,False,LC09_L2SP_185057_20221107_20230323_02_T1,LC91850572022311LGN01,0,LC09,primary,False,LC09_185057_20221107,384427013.56832206,145331784.50528684,0.48556696415868617,0.5016128554358925,185,57
2022,2022-11-07,11,2022,True,61.59,61.59,LANDSAT/LC09/C02/T1_L2,311,LANDSAT/LC09/C02/T1_L2/LC09_185058_20221107,2022,True,False,LC09_L2SP_185058_20221107_20230323_02_T1,LC91850582022311LGN01,0,LC09,primary,False,LC09_185058_20221107,198332180.05408648,57900745.15076618,0.2505119337736686,0.1998445020530604,185,58
2022,2022-11-10,11,2022,False,83.0,83.0,LANDSAT/LE07/C02/T1_L2,314,LANDSAT/LE07/C02/T1_L2/LE07_186057_20221110,2022,True,True,LE07_L2SP_186057_20221110_20221206_02_T1,LE71860572022314SG100,0,LE07,diagnostic_only,True,LE07_186057_20221110,66194629.05926824,11112147.342122398,0.08360995440349518,0.0383535919364123,186,57
2022,2022-11-15,11,2022,True,27.68,27.68,LANDSAT/LC08/C02/T1_L2,319,LANDSAT/LC08/C02/T1_L2/LC08_185057_20221115,2022,True,False,LC08_L2SP_185057_20221115_20221122_02_T1,LC81850572022319LGN00,0,LC08,primary,False,LC08_185057_20221115,199740373.80150363,105472782.72175005,0.25229061305152084,0.3640394555941195,185,57
2022,2022-11-22,11,2022,False,69.0,69.0,LANDSAT/LE07/C02/T1_L2,326,LANDSAT/LE07/C02/T1_L2/LE07_185057_20221122,2022,True,True,LE07_L2SP_185057_20221122_20221218_02_T1,LE71850572022326SG100,0,LE07,diagnostic_only,True,LE07_185057_20221122,44286924.33191996,21796150.463576853,0.05593849193939123,0.07522944350241162,185,57
2022,2022-11-22,11,2022,False,57.0,57.0,LANDSAT/LE07/C02/T1_L2,326,LANDSAT/LE07/C02/T1_L2/LE07_185058_20221122,2022,True,True,LE07_L2SP_185058_20221122_20221218_02_T1,LE71850582022326SG100,0,LE07,diagnostic_only,True,LE07_185058_20221122,9268221.404429477,1716779.5846399642,0.011706623030276605,0.005925467113313887,185,58
2022,2022-11-23,11,2022,True,22.68,22.68,LANDSAT/LC09/C02/T1_L2,327,LANDSAT/LC09/C02/T1_L2/LC09_185057_20221123,2022,True,False,LC09_L2SP_185057_20221123_20230320_02_T1,LC91850572022327LGN01,0,LC09,primary,False,LC09_185057_20221123,503654945.72728825,197877569.56791377,0.6361628978938632,0.6829747053306492,185,57
2022,2022-11-23,11,2022,True,52.66,52.66,LANDSAT/LC09/C02/T1_L2,327,LANDSAT/LC09/C02/T1_L2/LC09_185058_20221123,2022,True,False,LC09_L2SP_185058_20221123_20230320_02_T1,LC91850582022327LGN01,0,LC09,primary,False,LC09_185058_20221123,285701250.8477017,96347462.27546412,0.36086717148924446,0.3325433994395038,185,58
2022,2022-11-27,11,2022,False,52.0,52.0,LANDSAT/LE07/C02/T1_L2,331,LANDSAT/LE07/C02/T1_L2/LE07_186057_20221127,2022,True,True,LE07_L2SP_186057_20221127_20221223_02_T1,LE71860572022331SG100,0,LE07,diagnostic_only,True,LE07_186057_20221127,102374333.95875339,25868431.42768363,0.12930827645722864,0.08928492688821234,186,57
2022,2022-12-01,12,2022,True,40.36,40.36,LANDSAT/LC08/C02/T1_L2,335,LANDSAT/LC08/C02/T1_L2/LC08_185057_20221201,2022,True,False,LC08_L2SP_185057_20221201_20221206_02_T1,LC81850572022335LGN00,0,LC08,primary,False,LC08_185057_20221201,269115936.82246435,96107335.67041591,0.33991838200095914,0.33171460212971793,185,57
2022,2022-12-01,12,2022,True,36.84,36.84,LANDSAT/LC08/C02/T1_L2,335,LANDSAT/LC08/C02/T1_L2/LC08_185058_20221201,2022,True,False,LC08_L2SP_185058_20221201_20221206_02_T1,LC81850582022335LGN00,0,LC08,primary,False,LC08_185058_20221201,144344352.79043612,51315359.92574678,0.18232030191459464,0.1771150358312571,185,58
2022,2022-12-09,12,2022,True,35.1,35.1,LANDSAT/LC09/C02/T1_L2,343,LANDSAT/LC09/C02/T1_L2/LC09_185057_20221209,2022,True,False,LC09_L2SP_185057_20221209_20230318_02_T1,LC91850572022343LGN01,0,LC09,primary,False,LC09_185057_20221209,225068276.321791,85847583.96358858,0.28428210246618796,0.296303054908692,185,57
2022,2022-12-09,12,2022,True,41.22,41.22,LANDSAT/LC09/C02/T1_L2,343,LANDSAT/LC09/C02/T1_L2/LC09_185058_20221209,2022,True,False,LC09_L2SP_185058_20221209_20230318_02_T1,LC91850582022343LGN01,0,LC09,primary,False,LC09_185058_20221209,156756114.12433726,53034981.89118892,0.1979975073607552,0.18305031342584502,185,58
2022,2022-12-09,12,2022,False,30.0,30.0,LANDSAT/LE07/C02/T1_L2,343,LANDSAT/LE07/C02/T1_L2/LE07_185057_20221209,2022,False,True,LE07_L2SP_185057_20221209_20230104_02_T1,LE71850572022343SG100,0,LE07,diagnostic_only,True,LE07_185057_20221209,0.0,0.0,0.0,0.0,185,57
2022,2022-12-09,12,2022,False,24.0,24.0,LANDSAT/LE07/C02/T1_L2,343,LANDSAT/LE07/C02/T1_L2/LE07_185058_20221209,2022,False,True,LE07_L2SP_185058_20221209_20230104_02_T1,LE71850582022343SG100,0,LE07,diagnostic_only,True,LE07_185058_20221209,0.0,0.0,0.0,0.0,185,58
2022,2022-12-14,12,2022,False,58.0,58.0,LANDSAT/LE07/C02/T1_L2,348,LANDSAT/LE07/C02/T1_L2/LE07_185057_20221214,2022,True,True,LE07_L2SP_185057_20221214_20230109_02_T1,LE71850572022348SG100,0,LE07,diagnostic_only,True,LE07_185057_20221214,3941329.5415412458,6292.884826660156,0.004978264671025788,2.1719900691891475e-05,185,57
2022,2022-12-14,12,2022,False,50.0,50.0,LANDSAT/LE07/C02/T1_L2,348,LANDSAT/LE07/C02/T1_L2/LE07_185058_20221214,2022,False,True,LE07_L2SP_185058_20221214_20230109_02_T1,LE71850582022348SG100,0,LE07,diagnostic_only,True,LE07_185058_20221214,0.0,0.0,0.0,0.0,185,58
2022,2022-12-17,12,2022,True,76.02,76.02,LANDSAT/LC08/C02/T1_L2,351,LANDSAT/LC08/C02/T1_L2/LC08_185057_20221217,2022,True,False,LC08_L2SP_185057_20221217_20221227_02_T1,LC81850572022351LGN00,0,LC08,primary,False,LC08_185057_20221217,103995953.44970608,9550648.777560605,0.13135653223908333,0.03296407747888911,185,57
2022,2022-12-17,12,2022,False,94.73,94.73,LANDSAT/LC08/C02/T1_L2,351,LANDSAT/LC08/C02/T1_L2/LC08_185058_20221217,2022,False,False,LC08_L2SP_185058_20221217_20221227_02_T1,LC81850582022351LGN00,0,LC08,primary,False,LC08_185058_20221217,0.0,0.0,0.0,0.0,185,58
2022,2022-12-25,12,2022,True,0.89,0.89,LANDSAT/LC09/C02/T1_L2,359,LANDSAT/LC09/C02/T1_L2/LC09_185057_20221225,2022,True,False,LC09_L2SP_185057_20221225_20230317_02_T1,LC91850572022359LGN01,0,LC09,primary,False,LC09_185057_20221225,775686436.7575698,289396116.934785,0.9797638952042645,0.9988510982773777,185,57
2022,2022-12-25,12,2022,True,24.54,24.54,LANDSAT/LC09/C02/T1_L2,359,LANDSAT/LC09/C02/T1_L2/LC09_185058_20221225,2022,True,False,LC09_L2SP_185058_20221225_20230317_02_T1,LC91850582022359LGN01,0,LC09,primary,False,LC09_185058_20221225,383588299.9021394,126638941.17334825,0.48450759102851376,0.4370944807949453,185,58
2022,2022-12-31,12,2022,False,15.0,15.0,LANDSAT/LE07/C02/T1_L2,365,LANDSAT/LE07/C02/T1_L2/LE07_185057_20221231,2022,True,True,LE07_L2SP_185057_20221231_20230126_02_T1,LE71850572022365SG100,0,LE07,diagnostic_only,True,LE07_185057_20221231,440365328.7156369,168189902.20837954,0.5562222430739547,0.5805076803358162,185,57
2022,2022-12-31,12,2022,False,61.0,61.0,LANDSAT/LE07/C02/T1_L2,365,LANDSAT/LE07/C02/T1_L2/LE07_185058_20221231,2022,False,True,LE07_L2SP_185058_20221231_20230126_02_T1,LE71850582022365SG100,0,LE07,diagnostic_only,True,LE07_185058_20221231,3104213.0611864263,0.0,0.0039209089346530805,0.0,185,58
2023,2023-01-02,1,2023,True,7.62,7.62,LANDSAT/LC08/C02/T1_L2,2,LANDSAT/LC08/C02/T1_L2/LC08_185057_20230102,2023,True,False,LC08_L2SP_185057_20230102_20230111_02_T1,LC81850572023002LGN00,0,LC08,primary,False,LC08_185057_20230102,517241089.4575686,201836456.16911888,0.653323457201341,0.6966388079158972,185,57
2023,2023-01-02,1,2023,True,45.56,45.56,LANDSAT/LC08/C02/T1_L2,2,LANDSAT/LC08/C02/T1_L2/LC08_185058_20230102,2023,True,False,LC08_L2SP_185058_20230102_20230111_02_T1,LC81850582023002LGN00,0,LC08,primary,False,LC08_185058_20230102,251751184.255198,81085143.86353618,0.31798508936059755,0.2798654863096305,185,58
2023,2023-01-10,1,2023,True,59.79,59.79,LANDSAT/LC09/C02/T1_L2,10,LANDSAT/LC09/C02/T1_L2/LC09_185057_20230110,2023,True,False,LC09_L2SP_185057_20230110_20230314_02_T1,LC91850572023010LGN01,0,LC09,primary,False,LC09_185057_20230110,49260620.99762966,6287434.591711425,0.06222073201455603,0.02170108919841993,185,57
2023,2023-01-10,1,2023,False,82.32,82.32,LANDSAT/LC09/C02/T1_L2,10,LANDSAT/LC09/C02/T1_L2/LC09_185058_20230110,2023,False,False,LC09_L2SP_185058_20230110_20230314_02_T1,LC91850582023010LGN01,0,LC09,primary,False,LC09_185058_20230110,12075124.248416673,0.0,0.015252001592496239,0.0,185,58
2023,2023-01-17,1,2023,False,100.0,100.0,LANDSAT/LE07/C02/T1_L2,17,LANDSAT/LE07/C02/T1_L2/LE07_185057_20230117,2023,False,True,LE07_L2SP_185057_20230117_20230212_02_T1,LE71850572023017SG100,0,LE07,diagnostic_only,True,LE07_185057_20230117,0.0,0.0,0.0,0.0,185,57
2023,2023-01-17,1,2023,False,100.0,100.0,LANDSAT/LE07/C02/T1_L2,17,LANDSAT/LE07/C02/T1_L2/LE07_185058_20230117,2023,False,True,LE07_L2SP_185058_20230117_20230212_02_T1,LE71850582023017SG100,0,LE07,diagnostic_only,True,LE07_185058_20230117,0.0,0.0,0.0,0.0,185,58
2023,2023-01-18,1,2023,False,93.63,93.63,LANDSAT/LC08/C02/T1_L2,18,LANDSAT/LC08/C02/T1_L2/LC08_185057_20230118,2023,False,False,LC08_L2SP_185057_20230118_20230131_02_T1,LC81850572023018LGN01,0,LC08,primary,False,LC08_185057_20230118,0.0,0.0,0.0,0.0,185,57
2023,2023-01-18,1,2023,False,100.0,100.0,LANDSAT/LC08/C02/T1_L2,18,LANDSAT/LC08/C02/T1_L2/LC08_185058_20230118,2023,False,False,LC08_L2SP_185058_20230118_20230131_02_T1,LC81850582023018LGN01,0,LC08,primary,False,LC08_185058_20230118,0.0,0.0,0.0,0.0,185,58
2023,2023-01-26,1,2023,True,52.06,52.06,LANDSAT/LC09/C02/T1_L2,26,LANDSAT/LC09/C02/T1_L2/LC09_185057_20230126,2023,True,False,LC09_L2SP_185057_20230126_20230313_02_T1,LC91850572023026LGN01,0,LC09,primary,False,LC09_185057_20230126,483817209.2207577,195322809.78536165,0.611105997230601,0.6741569484040346,185,57
2023,2023-01-26,1,2023,True,52.19,52.19,LANDSAT/LC09/C02/T1_L2,26,LANDSAT/LC09/C02/T1_L2/LC09_185058_20230126,2023,True,False,LC09_L2SP_185058_20230126_20230313_02_T1,LC91850582023026LGN01,0,LC09,primary,False,LC09_185058_20230126,257988876.25347948,94693865.96816838,0.3258638727448567,0.3268360094954225,185,58
2023,2023-02-03,2,2023,True,9.9,9.9,LANDSAT/LC08/C02/T1_L2,34,LANDSAT/LC08/C02/T1_L2/LC08_185057_20230203,2023,True,False,LC08_L2SP_185057_20230203_20230209_02_T1,LC81850572023034LGN00,0,LC08,primary,False,LC08_185057_20230203,790784132.0278655,289388925.06265366,0.9988336842655048,0.9988262755207591,185,57
2023,2023-02-03,2,2023,True,11.64,11.64,LANDSAT/LC08/C02/T1_L2,34,LANDSAT/LC08/C02/T1_L2/LC08_185058_20230203,2023,True,False,LC08_L2SP_185058_20230203_20230209_02_T1,LC81850582023034LGN00,0,LC08,primary,False,LC08_185058_20230203,375842636.3546363,114485267.13035055,0.47472409975081964,0.3951460580084392,185,58
2023,2023-02-03,2,2023,False,34.0,34.0,LANDSAT/LE07/C02/T1_L2,34,LANDSAT/LE07/C02/T1_L2/LE07_185057_20230203,2023,True,True,LE07_L2SP_185057_20230203_20230301_02_T1,LE71850572023034SG100,0,LE07,diagnostic_only,True,LE07_185057_20230203,272364797.87619555,101239284.5807986,0.3440219947626916,0.3494275308992297,185,57
2023,2023-02-03,2,2023,False,11.0,11.0,LANDSAT/LE07/C02/T1_L2,34,LANDSAT/LE07/C02/T1_L2/LE07_185058_20230203,2023,True,True,LE07_L2SP_185058_20230203_20230301_02_T1,LE71850582023034SG100,0,LE07,diagnostic_only,True,LE07_185058_20230203,58458605.70126786,19342712.74205107,0.07383863957903024,0.06676139980971266,185,58
2023,2023-02-08,2,2023,False,25.0,25.0,LANDSAT/LE07/C02/T1_L2,39,LANDSAT/LE07/C02/T1_L2/LE07_186057_20230208,2023,True,True,LE07_L2SP_186057_20230208_20230306_02_T1,LE71860572023039SG100,0,LE07,diagnostic_only,True,LE07_186057_20230208,193520566.15772134,63076877.89524452,0.2444344192653222,0.21770993138712705,186,57
2023,2023-02-11,2,2023,True,20.37,20.37,LANDSAT/LC09/C02/T1_L2,42,LANDSAT/LC09/C02/T1_L2/LC09_185057_20230211,2023,True,False,LC09_L2SP_185057_20230211_20230310_02_T1,LC91850572023042LGN01,0,LC09,primary,False,LC09_185057_20230211,583862613.6256417,216468630.39610028,0.7374726197111358,0.7471417775189754,185,57
2023,2023-02-11,2,2023,True,82.99,82.99,LANDSAT/LC09/C02/T1_L2,42,LANDSAT/LC09/C02/T1_L2/LC09_185058_20230211,2023,True,False,LC09_L2SP_185058_20230211_20230310_02_T1,LC91850582023042LGN01,0,LC09,primary,False,LC09_185058_20230211,333550707.0124177,102274188.03763336,0.421305471469472,0.3529995016133475,185,58
2023,2023-02-19,2,2023,True,8.44,8.44,LANDSAT/LC08/C02/T1_L2,50,LANDSAT/LC08/C02/T1_L2/LC08_185057_20230219,2023,True,False,LC08_L2SP_185057_20230219_20230223_02_T1,LC81850572023050LGN00,0,LC08,primary,False,LC08_185057_20230219,630225453.1792548,252196187.09364927,0.7960331850649104,0.8704554889263609,185,57
2023,2023-02-19,2,2023,True,66.54,66.54,LANDSAT/LC08/C02/T1_L2,50,LANDSAT/LC08/C02/T1_L2/LC08_185058_20230219,2023,True,False,LC08_L2SP_185058_20230219_20230223_02_T1,LC81850582023050LGN00,0,LC08,primary,False,LC08_185058_20230219,308291394.46806216,110628599.93979996,0.3894006175544172,0.381834765860591,185,58
2023,2023-02-25,2,2023,False,100.0,100.0,LANDSAT/LE07/C02/T1_L2,56,LANDSAT/LE07/C02/T1_L2/LE07_185057_20230225,2023,False,True,LE07_L2SP_185057_20230225_20230323_02_T1,LE71850572023056SG100,0,LE07,diagnostic_only,True,LE07_185057_20230225,0.0,0.0,0.0,0.0,185,57
2023,2023-02-25,2,2023,False,100.0,100.0,LANDSAT/LE07/C02/T1_L2,56,LANDSAT/LE07/C02/T1_L2/LE07_185058_20230225,2023,False,True,LE07_L2SP_185058_20230225_20230323_02_T1,LE71850582023056ASN00,0,LE07,diagnostic_only,True,LE07_185058_20230225,0.0,0.0,0.0,0.0,185,58
2023,2023-02-27,2,2023,False,100.0,100.0,LANDSAT/LC09/C02/T1_L2,58,LANDSAT/LC09/C02/T1_L2/LC09_185057_20230227,2023,False,False,LC09_L2SP_185057_20230227_20230308_02_T1,LC91850572023058LGN01,0,LC09,primary,False,LC09_185057_20230227,0.0,0.0,0.0,0.0,185,57
2023,2023-02-27,2,2023,False,100.0,100.0,LANDSAT/LC09/C02/T1_L2,58,LANDSAT/LC09/C02/T1_L2/LC09_185058_20230227,2023,False,False,LC09_L2SP_185058_20230227_20230308_02_T1,LC91850582023058LGN01,0,LC09,primary,False,LC09_185058_20230227,0.0,0.0,0.0,0.0,185,58
2023,2023-03-14,3,2023,False,42.0,42.0,LANDSAT/LE07/C02/T1_L2,73,LANDSAT/LE07/C02/T1_L2/LE07_185057_20230314,2023,True,True,LE07_L2SP_185057_20230314_20230409_02_T1,LE71850572023073ASN00,0,LE07,diagnostic_only,True,LE07_185057_20230314,129671263.3758363,33952584.27743543,0.16378682942070616,0.117187391641865,185,57
2023,2023-03-14,3,2023,False,46.0,46.0,LANDSAT/LE07/C02/T1_L2,73,LANDSAT/LE07/C02/T1_L2/LE07_185058_20230314,2023,True,True,LE07_L2SP_185058_20230314_20230409_02_T1,LE71850582023073ASN00,0,LE07,diagnostic_only,True,LE07_185058_20230314,133186422.3899857,30918749.830030497,0.1682268011989439,0.10671610784621875,185,58
2023,2023-03-15,3,2023,True,52.48,52.48,LANDSAT/LC09/C02/T1_L2,74,LANDSAT/LC09/C02/T1_L2/LC09_185057_20230315,2023,True,False,LC09_L2SP_185057_20230315_20230317_02_T1,LC91850572023074LGN00,0,LC09,primary,False,LC09_185057_20230315,134477108.29889825,44177142.22928659,0.1698570571808422,0.15247746756886393,185,57
2023,2023-03-15,3,2023,True,75.04,75.04,LANDSAT/LC09/C02/T1_L2,74,LANDSAT/LC09/C02/T1_L2/LC09_185058_20230315,2023,True,False,LC09_L2SP_185058_20230315_20230317_02_T1,LC91850582023074LGN00,0,LC09,primary,False,LC09_185058_20230315,13106279.376884907,2220928.871120079,0.016554446133683495,0.007665539073608702,185,58
2023,2023-03-23,3,2023,False,89.21,89.21,LANDSAT/LC08/C02/T1_L2,82,LANDSAT/LC08/C02/T1_L2/LC08_185057_20230323,2023,False,False,LC08_L2SP_185057_20230323_20230404_02_T1,LC81850572023082LGN00,0,LC08,primary,False,LC08_185057_20230323,0.0,0.0,0.0,0.0,185,57
2023,2023-03-23,3,2023,False,90.29,90.29,LANDSAT/LC08/C02/T1_L2,82,LANDSAT/LC08/C02/T1_L2/LC08_185058_20230323,2023,False,False,LC08_L2SP_185058_20230323_20230404_02_T1,LC81850582023082LGN00,0,LC08,primary,False,LC08_185058_20230323,0.0,0.0,0.0,0.0,185,58
2023,2023-03-31,3,2023,False,39.72,39.72,LANDSAT/LC09/C02/T1_L2,90,LANDSAT/LC09/C02/T1_L2/LC09_185057_20230331,2023,False,False,LC09_L2SP_185057_20230331_20230402_02_T1,LC91850572023090LGN00,0,LC09,primary,False,LC09_185057_20230331,0.0,0.0,0.0,0.0,185,57
2023,2023-03-31,3,2023,False,48.86,48.86,LANDSAT/LC09/C02/T1_L2,90,LANDSAT/LC09/C02/T1_L2/LC09_185058_20230331,2023,False,False,LC09_L2SP_185058_20230331_20230402_02_T1,LC91850582023090LGN00,0,LC09,primary,False,LC09_185058_20230331,0.0,0.0,0.0,0.0,185,58
2023,2023-04-05,4,2023,False,56.0,56.0,LANDSAT/LE07/C02/T1_L2,95,LANDSAT/LE07/C02/T1_L2/LE07_185058_20230405,2023,True,True,LE07_L2SP_185058_20230405_20230501_02_T1,LE71850582023095ASN00,0,LE07,diagnostic_only,True,LE07_185058_20230405,8472085.341708075,28770.209838867188,0.010701029361287013,9.930041909200525e-05,185,58
2023,2023-04-08,4,2023,True,66.26,66.26,LANDSAT/LC08/C02/T1_L2,98,LANDSAT/LC08/C02/T1_L2/LC08_185057_20230408,2023,True,False,LC08_L2SP_185057_20230408_20230420_02_T1,LC81850572023098LGN00,0,LC08,primary,False,LC08_185057_20230408,82099102.45423679,32009538.188236494,0.10369877904475562,0.11048096537479354,185,57
2023,2023-04-16,4,2023,False,95.81,95.81,LANDSAT/LC09/C02/T1_L2,106,LANDSAT/LC09/C02/T1_L2/LC09_185058_20230416,2023,False,False,LC09_L2SP_185058_20230416_20230418_02_T1,LC91850582023106LGN00,0,LC09,primary,False,LC09_185058_20230416,0.0,0.0,0.0,0.0,185,58
2023,2023-04-22,4,2023,False,75.0,75.0,LANDSAT/LE07/C02/T1_L2,112,LANDSAT/LE07/C02/T1_L2/LE07_185057_20230422,2023,False,True,LE07_L2SP_185057_20230422_20230518_02_T1,LE71850572023112ASN00,0,LE07,diagnostic_only,True,LE07_185057_20230422,0.0,0.0,0.0,0.0,185,57
2023,2023-04-22,4,2023,False,80.0,80.0,LANDSAT/LE07/C02/T1_L2,112,LANDSAT/LE07/C02/T1_L2/LE07_185058_20230422,2023,False,True,LE07_L2SP_185058_20230422_20230518_02_T1,LE71850582023112ASN00,0,LE07,diagnostic_only,True,LE07_185058_20230422,0.0,0.0,0.0,0.0,185,58
2023,2023-04-24,4,2023,True,63.94,63.94,LANDSAT/LC08/C02/T1_L2,114,LANDSAT/LC08/C02/T1_L2/LC08_185057_20230424,2023,True,False,LC08_L2SP_185057_20230424_20230501_02_T1,LC81850572023114LGN00,0,LC08,primary,False,LC08_185057_20230424,191049937.13737887,60923237.45886112,0.2413137857233798,0.2102766384391747,185,57
2023,2023-04-24,4,2023,True,69.88,69.88,LANDSAT/LC08/C02/T1_L2,114,LANDSAT/LC08/C02/T1_L2/LC08_185058_20230424,2023,True,False,LC08_L2SP_185058_20230424_20230501_02_T1,LC81850582023114LGN00,0,LC08,primary,False,LC08_185058_20230424,50478557.98387404,21741126.296323292,0.06375909936147547,0.07503952751295347,185,58
2023,2023-05-02,5,2023,True,85.29,85.29,LANDSAT/LC09/C02/T1_L2,122,LANDSAT/LC09/C02/T1_L2/LC09_185057_20230502,2023,True,False,LC09_L2SP_185057_20230502_20230504_02_T1,LC91850572023122LGN00,0,LC09,primary,False,LC09_185057_20230502,487423.21466734644,9889.45361328125,0.0006156607164767515,3.413346283846363e-05,185,57
2023,2023-05-10,5,2023,True,79.92,79.92,LANDSAT/LC08/C02/T1_L2,130,LANDSAT/LC08/C02/T1_L2/LC08_185057_20230510,2023,True,False,LC08_L2SP_185057_20230510_20230518_02_T1,LC81850572023130LGN00,0,LC08,primary,False,LC08_185057_20230510,22035656.27757545,2305342.5851354264,0.02783307713635736,0.007956893124405808,185,57
2023,2023-05-10,5,2023,True,69.43,69.43,LANDSAT/LC08/C02/T1_L2,130,LANDSAT/LC08/C02/T1_L2/LC08_185058_20230510,2023,True,False,LC08_L2SP_185058_20230510_20230518_02_T1,LC81850582023130LGN00,0,LC08,primary,False,LC08_185058_20230510,7434184.219665527,5784681.407829255,0.00939006400469267,0.01996583588817486,185,58
2023,2023-05-14,5,2023,False,34.0,34.0,LANDSAT/LE07/C02/T1_L2,134,LANDSAT/LE07/C02/T1_L2/LE07_185057_20230514,2023,False,True,LE07_L2SP_185057_20230514_20230610_02_T1,LE71850572023134ASN00,0,LE07,diagnostic_only,True,LE07_185057_20230514,6640196.98184216,0.0,0.008387184500799236,0.0,185,57
2023,2023-05-14,5,2023,False,14.0,14.0,LANDSAT/LE07/C02/T1_L2,134,LANDSAT/LE07/C02/T1_L2/LE07_185058_20230514,2023,False,True,LE07_L2SP_185058_20230514_20230610_02_T1,LE71850582023134ASN00,0,LE07,diagnostic_only,True,LE07_185058_20230514,959597.0393968769,0.0,0.0012120600394612858,0.0,185,58
2023,2023-05-18,5,2023,True,13.46,13.46,LANDSAT/LC09/C02/T1_L2,138,LANDSAT/LC09/C02/T1_L2/LC09_185057_20230518,2023,True,False,LC09_L2SP_185057_20230518_20230520_02_T1,LC91850572023138LGN00,0,LC09,primary,False,LC09_185057_20230518,784821212.0997415,286087285.7457472,0.991301963484114,0.987430662847245,185,57
2023,2023-05-18,5,2023,True,47.12,47.12,LANDSAT/LC09/C02/T1_L2,138,LANDSAT/LC09/C02/T1_L2/LC09_185058_20230518,2023,True,False,LC09_L2SP_185058_20230518_20230520_02_T1,LC91850582023138LGN00,0,LC09,primary,False,LC09_185058_20230518,378098689.123506,115162120.52925861,0.47757370359055384,0.39748221845189274,185,58
2023,2023-05-19,5,2023,False,59.0,59.0,LANDSAT/LE07/C02/T1_L2,139,LANDSAT/LE07/C02/T1_L2/LE07_185057_20230519,2023,True,True,LE07_L2SP_185057_20230519_20230615_02_T1,LE71850572023139ASN01,0,LE07,diagnostic_only,True,LE07_185057_20230519,558080177.7785296,221447994.6520508,0.7049070125580543,0.7643280601424568,185,57
2023,2023-05-19,5,2023,False,38.0,38.0,LANDSAT/LE07/C02/T1_L2,139,LANDSAT/LE07/C02/T1_L2/LE07_185058_20230519,2023,False,True,LE07_L2SP_185058_20230519_20230615_02_T1,LE71850582023139ASN00,0,LE07,diagnostic_only,True,LE07_185058_20230519,21338006.977828912,0.0,0.026951881381197054,0.0,185,58
2023,2023-05-26,5,2023,False,93.12,93.12,LANDSAT/LC08/C02/T1_L2,146,LANDSAT/LC08/C02/T1_L2/LC08_185057_20230526,2023,False,False,LC08_L2SP_185057_20230526_20230603_02_T1,LC81850572023146LGN00,0,LC08,primary,False,LC08_185057_20230526,0.0,0.0,0.0,0.0,185,57
2023,2023-06-03,6,2023,True,46.53,46.53,LANDSAT/LC09/C02/T1_L2,154,LANDSAT/LC09/C02/T1_L2/LC09_185057_20230603,2023,True,False,LC09_L2SP_185057_20230603_20230605_02_T1,LC91850572023154LGN00,0,LC09,primary,False,LC09_185057_20230603,252002105.57011884,92204180.06276545,0.31830202624803916,0.31824285514588496,185,57
2023,2023-06-03,6,2023,True,79.99,79.99,LANDSAT/LC09/C02/T1_L2,154,LANDSAT/LC09/C02/T1_L2/LC09_185058_20230603,2023,True,False,LC09_L2SP_185058_20230603_20230605_02_T1,LC91850582023154LGN00,0,LC09,primary,False,LC09_185058_20230603,139792990.08209157,34824515.76592755,0.17657150878852795,0.12019686438160894,185,58
2023,2023-06-10,6,2023,False,70.0,70.0,LANDSAT/LE07/C02/T1_L2,161,LANDSAT/LE07/C02/T1_L2/LE07_185057_20230610,2023,True,True,LE07_L2SP_185057_20230610_20230706_02_T1,LE71850572023161ASN00,0,LE07,diagnostic_only,True,LE07_185057_20230610,151809990.86113927,31125897.07958051,0.19175009504970839,0.10743107686484174,185,57
2023,2023-06-10,6,2023,False,88.0,88.0,LANDSAT/LE07/C02/T1_L2,161,LANDSAT/LE07/C02/T1_L2/LE07_185058_20230610,2023,False,True,LE07_L2SP_185058_20230610_20230706_02_T1,LE71850582023161ASN00,0,LE07,diagnostic_only,True,LE07_185058_20230610,10613396.749450443,0.0,0.013405704222516648,0.0,185,58
2023,2023-08-22,8,2023,True,61.95,61.95,LANDSAT/LC09/C02/T1_L2,234,LANDSAT/LC09/C02/T1_L2/LC09_185057_20230822,2023,True,False,LC09_L2SP_185057_20230822_20230824_02_T1,LC91850572023234LGN00,0,LC09,primary,False,LC09_185057_20230822,404454832.4520132,139836242.24938872,0.510863956489704,0.4826449837309292,185,57
2023,2023-08-25,8,2023,False,95.0,95.0,LANDSAT/LE07/C02/T1_L2,237,LANDSAT/LE07/C02/T1_L2/LE07_186057_20230825,2023,False,True,LE07_L2SP_186057_20230825_20230920_02_T1,LE71860572023237ASN00,0,LE07,diagnostic_only,True,LE07_186057_20230825,0.0,0.0,0.0,0.0,186,57
2023,2023-08-30,8,2023,True,64.12,64.12,LANDSAT/LC08/C02/T1_L2,242,LANDSAT/LC08/C02/T1_L2/LC08_185057_20230830,2023,True,False,LC08_L2SP_185057_20230830_20230906_02_T1,LC81850572023242LGN00,0,LC08,primary,False,LC08_185057_20230830,174640435.92490378,58254635.90659993,0.22058706411986867,0.2010659564867922,185,57
2023,2023-08-30,8,2023,True,52.95,52.95,LANDSAT/LC08/C02/T1_L2,242,LANDSAT/LC08/C02/T1_L2/LC08_185058_20230830,2023,True,False,LC08_L2SP_185058_20230830_20230906_02_T1,LC81850582023242LGN00,0,LC08,primary,False,LC08_185058_20230830,141184569.90767628,47779616.73754859,0.17832920314257872,0.1649114133218563,185,58
2023,2023-09-23,9,2023,False,93.36,93.36,LANDSAT/LC09/C02/T1_L2,266,LANDSAT/LC09/C02/T1_L2/LC09_185057_20230923,2023,False,False,LC09_L2SP_185057_20230923_20230925_02_T1,LC91850572023266LGN00,0,LC09,primary,False,LC09_185057_20230923,0.0,0.0,0.0,0.0,185,57
2023,2023-09-23,9,2023,True,88.24,88.24,LANDSAT/LC09/C02/T1_L2,266,LANDSAT/LC09/C02/T1_L2/LC09_185058_20230923,2023,True,False,LC09_L2SP_185058_20230923_20230925_02_T1,LC91850582023266LGN00,0,LC09,primary,False,LC09_185058_20230923,84124899.777771,57678484.50065103,0.10625754890657875,0.19907736911146193,185,58
2023,2023-10-08,10,2023,False,93.0,93.0,LANDSAT/LE07/C02/T1_L2,281,LANDSAT/LE07/C02/T1_L2/LE07_185057_20231008,2023,False,True,LE07_L2SP_185057_20231008_20231103_02_T1,LE71850572023281ASN00,0,LE07,diagnostic_only,True,LE07_185057_20231008,0.0,0.0,0.0,0.0,185,57
2023,2023-10-08,10,2023,False,93.0,93.0,LANDSAT/LE07/C02/T1_L2,281,LANDSAT/LE07/C02/T1_L2/LE07_185058_20231008,2023,False,True,LE07_L2SP_185058_20231008_20231103_02_T1,LE71850582023281ASN00,0,LE07,diagnostic_only,True,LE07_185058_20231008,0.0,0.0,0.0,0.0,185,58
2023,2023-10-09,10,2023,True,69.84,69.84,LANDSAT/LC09/C02/T1_L2,282,LANDSAT/LC09/C02/T1_L2/LC09_185057_20231009,2023,True,False,LC09_L2SP_185057_20231009_20231010_02_T1,LC91850572023282LGN00,0,LC09,primary,False,LC09_185057_20231009,17986889.087656304,769599.3713378906,0.022719108753266777,0.002656273295704449,185,57
2023,2023-10-13,10,2023,False,69.0,69.0,LANDSAT/LE07/C02/T1_L2,286,LANDSAT/LE07/C02/T1_L2/LE07_185057_20231013,2023,True,True,LE07_L2SP_185057_20231013_20231108_02_T1,LE71850572023286ASN00,0,LE07,diagnostic_only,True,LE07_185057_20231013,290308210.68282306,144855888.53547817,0.36668618894167776,0.4999702998372067,185,57
2023,2023-10-17,10,2023,True,71.07,71.07,LANDSAT/LC08/C02/T1_L2,290,LANDSAT/LC08/C02/T1_L2/LC08_185057_20231017,2023,True,False,LC08_L2SP_185057_20231017_20231103_02_T1,LC81850572023290LGN00,0,LC08,primary,False,LC08_185057_20231017,53508711.60590246,14602483.444463512,0.0675864643573053,0.05040049182611,185,57
2023,2023-10-17,10,2023,True,79.59,79.59,LANDSAT/LC08/C02/T1_L2,290,LANDSAT/LC08/C02/T1_L2/LC08_185058_20231017,2023,True,False,LC08_L2SP_185058_20231017_20231103_02_T1,LC81850582023290LGN00,0,LC08,primary,False,LC08_185058_20231017,21824615.36636173,2907205.459612678,0.027566512896711085,0.010034223668959919,185,58
2023,2023-10-25,10,2023,False,82.25,82.25,LANDSAT/LC09/C02/T1_L2,298,LANDSAT/LC09/C02/T1_L2/LC09_185057_20231025,2023,False,False,LC09_L2SP_185057_20231025_20231026_02_T1,LC91850572023298LGN00,0,LC09,primary,False,LC09_185057_20231025,0.0,0.0,0.0,0.0,185,57
2023,2023-10-25,10,2023,False,95.53,95.53,LANDSAT/LC09/C02/T1_L2,298,LANDSAT/LC09/C02/T1_L2/LC09_185058_20231025,2023,False,False,LC09_L2SP_185058_20231025_20231026_02_T1,LC91850582023298LGN00,0,LC09,primary,False,LC09_185058_20231025,0.0,0.0,0.0,0.0,185,58
2023,2023-11-14,11,2023,False,64.0,64.0,LANDSAT/LE07/C02/T1_L2,318,LANDSAT/LE07/C02/T1_L2/LE07_186057_20231114,2023,False,True,LE07_L2SP_186057_20231114_20231210_02_T1,LE71860572023318SG100,0,LE07,diagnostic_only,True,LE07_186057_20231114,5393.069274902344,0.0,6.811946566929828e-06,0.0,186,57
2023,2023-11-18,11,2023,True,53.29,53.29,LANDSAT/LC08/C02/T1_L2,322,LANDSAT/LC08/C02/T1_L2/LC08_185057_20231118,2023,True,False,LC08_L2SP_185057_20231118_20231122_02_T1,LC81850572023322LGN00,0,LC08,primary,False,LC08_185057_20231118,168356620.59499127,23565825.482188508,0.21265002269097036,0.08133747927931399,185,57
2023,2023-11-18,11,2023,True,81.19,81.19,LANDSAT/LC08/C02/T1_L2,322,LANDSAT/LC08/C02/T1_L2/LC08_185058_20231118,2023,True,False,LC08_L2SP_185058_20231118_20231122_02_T1,LC81850582023322LGN00,0,LC08,primary,False,LC08_185058_20231118,56025055.802709244,100019.18458587049,0.07076484040606505,0.000345216354077473,185,58
2023,2023-11-26,11,2023,False,85.99,85.99,LANDSAT/LC09/C02/T1_L2,330,LANDSAT/LC09/C02/T1_L2/LC09_185057_20231126,2023,False,False,LC09_L2SP_185057_20231126_20231128_02_T1,LC91850572023330LGN00,0,LC09,primary,False,LC09_185057_20231126,0.0,0.0,0.0,0.0,185,57
2023,2023-11-26,11,2023,False,95.28,95.28,LANDSAT/LC09/C02/T1_L2,330,LANDSAT/LC09/C02/T1_L2/LC09_185058_20231126,2023,False,False,LC09_L2SP_185058_20231126_20231128_02_T1,LC91850582023330LGN00,0,LC09,primary,False,LC09_185058_20231126,0.0,0.0,0.0,0.0,185,58
2023,2023-12-06,12,2023,False,68.0,68.0,LANDSAT/LE07/C02/T1_L2,340,LANDSAT/LE07/C02/T1_L2/LE07_185057_20231206,2023,True,True,LE07_L2SP_185057_20231206_20240101_02_T1,LE71850572023340ASN00,0,LE07,diagnostic_only,True,LE07_185057_20231206,367026308.4635438,146018780.80951646,0.4635882601297454,0.5039840241311065,185,57
2023,2023-12-06,12,2023,False,53.0,53.0,LANDSAT/LE07/C02/T1_L2,340,LANDSAT/LE07/C02/T1_L2/LE07_185058_20231206,2023,True,True,LE07_L2SP_185058_20231206_20240101_02_T1,LE71850582023340ASN00,0,LE07,diagnostic_only,True,LE07_185058_20231206,20393294.122521974,1652064.0570846258,0.025758621446378378,0.00570210138035619,185,58
2023,2023-12-11,12,2023,False,75.0,75.0,LANDSAT/LE07/C02/T1_L2,345,LANDSAT/LE07/C02/T1_L2/LE07_185057_20231211,2023,True,True,LE07_L2SP_185057_20231211_20240106_02_T1,LE71850572023345SG100,0,LE07,diagnostic_only,True,LE07_185057_20231211,171164659.94270787,43560678.79540849,0.2161968367627826,0.1503497431733229,185,57
2023,2023-12-11,12,2023,False,77.0,77.0,LANDSAT/LE07/C02/T1_L2,345,LANDSAT/LE07/C02/T1_L2/LE07_185058_20231211,2023,False,True,LE07_L2SP_185058_20231211_20240106_02_T1,LE71850582023345SG100,0,LE07,diagnostic_only,True,LE07_185058_20231211,1703671.4175005746,0.0,0.0021518949733553457,0.0,185,58
2023,2023-12-12,12,2023,True,5.19,5.19,LANDSAT/LC09/C02/T1_L2,346,LANDSAT/LC09/C02/T1_L2/LC09_185057_20231212,2023,True,False,LC09_L2SP_185057_20231212_20231213_02_T1,LC91850572023346LGN00,0,LC09,primary,False,LC09_185057_20231212,778056935.1541209,289356561.3283397,0.9827580544837393,0.9987145720469659,185,57
2023,2023-12-12,12,2023,True,27.75,27.75,LANDSAT/LC09/C02/T1_L2,346,LANDSAT/LC09/C02/T1_L2/LC09_185058_20231212,2023,True,False,LC09_L2SP_185058_20231212_20231213_02_T1,LC91850582023346LGN00,0,LC09,primary,False,LC09_185058_20231212,378431868.5867152,120172525.75998275,0.4779945401466763,0.4147756390427824,185,58
2023,2023-12-16,12,2023,False,9.0,9.0,LANDSAT/LE07/C02/T1_L2,350,LANDSAT/LE07/C02/T1_L2/LE07_186057_20231216,2023,True,True,LE07_L2SP_186057_20231216_20240111_02_T1,LE71860572023350SG100,0,LE07,diagnostic_only,True,LE07_186057_20231216,119775952.12197262,12380244.920795279,0.15128813376364372,0.04273043248491809,186,57
2023,2023-12-20,12,2023,False,99.93,99.93,LANDSAT/LC08/C02/T1_L2,354,LANDSAT/LC08/C02/T1_L2/LC08_185057_20231220,2023,False,False,LC08_L2SP_185057_20231220_20240103_02_T1,LC81850572023354LGN00,0,LC08,primary,False,LC08_185057_20231220,0.0,0.0,0.0,0.0,185,57
2023,2023-12-20,12,2023,True,69.17,69.17,LANDSAT/LC08/C02/T1_L2,354,LANDSAT/LC08/C02/T1_L2/LC08_185058_20231220,2023,True,False,LC08_L2SP_185058_20231220_20240103_02_T1,LC81850582023354LGN00,0,LC08,primary,False,LC08_185058_20231220,75075887.65171736,31833061.420015704,0.09482780752108662,0.1098718555649425,185,58
2023,2023-12-28,12,2023,False,90.04,90.04,LANDSAT/LC09/C02/T1_L2,362,LANDSAT/LC09/C02/T1_L2/LC09_185057_20231228,2023,False,False,LC09_L2SP_185057_20231228_20231229_02_T1,LC91850572023362LGN00,0,LC09,primary,False,LC09_185057_20231228,0.0,0.0,0.0,0.0,185,57
2023,2023-12-28,12,2023,False,58.43,58.43,LANDSAT/LC09/C02/T1_L2,362,LANDSAT/LC09/C02/T1_L2/LC09_185058_20231228,2023,False,False,LC09_L2SP_185058_20231228_20231229_02_T1,LC91850582023362LGN00,0,LC09,primary,False,LC09_185058_20231228,0.0,0.0,0.0,0.0,185,58
2024,2024-01-05,1,2024,True,42.12,42.12,LANDSAT/LC08/C02/T1_L2,5,LANDSAT/LC08/C02/T1_L2/LC08_185057_20240105,2024,True,False,LC08_L2SP_185057_20240105_20240113_02_T1,LC81850572024005LGN00,0,LC08,primary,False,LC08_185057_20240105,600120628.4816738,205871853.03536043,0.7580079999998763,0.710566985786849,185,57
2024,2024-01-05,1,2024,True,57.78,57.78,LANDSAT/LC08/C02/T1_L2,5,LANDSAT/LC08/C02/T1_L2/LC08_185058_20240105,2024,True,False,LC08_L2SP_185058_20240105_20240113_02_T1,LC81850582024005LGN00,0,LC08,primary,False,LC08_185058_20240105,373359650.3837869,117114381.34925063,0.4715878582345879,0.4042204493750546,185,58
2024,2024-01-07,1,2024,False,41.0,41.0,LANDSAT/LE07/C02/T1_L2,7,LANDSAT/LE07/C02/T1_L2/LE07_185057_20240107,2024,False,True,LE07_L2SP_185057_20240107_20240202_02_T1,LE71850572024007SG100,0,LE07,diagnostic_only,True,LE07_185057_20240107,86291.95611572266,0.0,0.00010899474200186318,0.0,185,57
2024,2024-01-07,1,2024,False,89.0,89.0,LANDSAT/LE07/C02/T1_L2,7,LANDSAT/LE07/C02/T1_L2/LE07_185058_20240107,2024,False,True,LE07_L2SP_185058_20240107_20240202_02_T1,LE71850582024007SG100,0,LE07,diagnostic_only,True,LE07_185058_20240107,0.0,0.0,0.0,0.0,185,58
2024,2024-01-12,1,2024,False,74.0,74.0,LANDSAT/LE07/C02/T1_L2,12,LANDSAT/LE07/C02/T1_L2/LE07_185057_20240112,2024,False,True,LE07_L2SP_185057_20240112_20240207_02_T1,LE71850572024012SG100,0,LE07,diagnostic_only,True,LE07_185057_20240112,0.0,0.0,0.0,0.0,185,57
2024,2024-01-13,1,2024,True,19.09,19.09,LANDSAT/LC09/C02/T1_L2,13,LANDSAT/LC09/C02/T1_L2/LC09_185057_20240113,2024,True,False,LC09_L2SP_185057_20240113_20240114_02_T1,LC91850572024013LGN00,0,LC09,primary,False,LC09_185057_20240113,340738274.5142858,117377859.86371163,0.43038403569203404,0.40512984583251005,185,57
2024,2024-01-13,1,2024,True,28.93,28.93,LANDSAT/LC09/C02/T1_L2,13,LANDSAT/LC09/C02/T1_L2/LC09_185058_20240113,2024,True,False,LC09_L2SP_185058_20240113_20240114_02_T1,LC91850582024013LGN00,0,LC09,primary,False,LC09_185058_20240113,233156423.17435157,83980477.77343322,0.29449818191495825,0.2898587353083104,185,58
2024,2024-01-17,1,2024,False,17.0,17.0,LANDSAT/LE07/C02/T1_L2,17,LANDSAT/LE07/C02/T1_L2/LE07_186057_20240117,2024,True,True,LE07_L2SP_186057_20240117_20240212_02_T1,LE71860572024017SG100,0,LE07,diagnostic_only,True,LE07_186057_20240117,187459404.79773256,58997851.599604115,0.23677861044604256,0.2036311664801989,186,57
2024,2024-01-21,1,2024,True,21.54,21.54,LANDSAT/LC08/C02/T1_L2,21,LANDSAT/LC08/C02/T1_L2/LC08_185057_20240121,2024,True,False,LC08_L2SP_185057_20240121_20240129_02_T1,LC81850572024021LGN01,0,LC08,primary,False,LC08_185057_20240121,171776987.44772875,57821129.89114632,0.216970263179735,0.1995697098742529,185,57
2024,2024-01-21,1,2024,True,46.85,46.85,LANDSAT/LC08/C02/T1_L2,21,LANDSAT/LC08/C02/T1_L2/LC08_185058_20240121,2024,True,False,LC08_L2SP_185058_20240121_20240129_02_T1,LC81850582024021LGN01,0,LC08,primary,False,LC08_185058_20240121,153109872.82588178,52143056.38538794,0.19339196650282486,0.1799718313076773,185,58
2024,2024-01-29,1,2024,True,18.25,18.25,LANDSAT/LC09/C02/T1_L2,29,LANDSAT/LC09/C02/T1_L2/LC09_185057_20240129,2024,True,False,LC09_L2SP_185057_20240129_20240130_02_T1,LC91850572024029LGN00,0,LC09,primary,False,LC09_185057_20240129,686091721.5629356,257315075.97779477,0.8665974622371679,0.8881233409972331,185,57
2024,2024-01-29,1,2024,True,56.89,56.89,LANDSAT/LC09/C02/T1_L2,29,LANDSAT/LC09/C02/T1_L2/LC09_185058_20240129,2024,True,False,LC09_L2SP_185058_20240129_20240130_02_T1,LC91850582024029LGN00,0,LC09,primary,False,LC09_185058_20240129,324498748.13050973,102510533.32486145,0.40987200805809776,0.35381524769944184,185,58
2024,2024-02-06,2,2024,True,6.71,6.71,LANDSAT/LC08/C02/T1_L2,37,LANDSAT/LC08/C02/T1_L2/LC08_185057_20240206,2024,True,False,LC08_L2SP_185057_20240206_20240212_02_T1,LC81850572024037LGN00,0,LC08,primary,False,LC08_185057_20240206,790822790.8144866,289397015.83279526,0.9988825138976459,0.9988542008251047,185,57
2024,2024-02-06,2,2024,True,37.44,37.44,LANDSAT/LC08/C02/T1_L2,37,LANDSAT/LC08/C02/T1_L2/LC08_185058_20240206,2024,True,False,LC08_L2SP_185058_20240206_20240212_02_T1,LC81850582024037LGN00,0,LC08,primary,False,LC08_185058_20240206,381990674.2234528,117983853.33061096,0.48248964165637903,0.4072214331225279,185,58
2024,2024-02-14,2,2024,True,34.31,34.31,LANDSAT/LC09/C02/T1_L2,45,LANDSAT/LC09/C02/T1_L2/LC09_185057_20240214,2024,True,False,LC09_L2SP_185057_20240214_20240215_02_T1,LC91850572024045LGN00,0,LC09,primary,False,LC09_185057_20240214,460110788.69144547,196230868.10272193,0.5811625899225672,0.6772911129436356,185,57
2024,2024-02-14,2,2024,True,26.37,26.37,LANDSAT/LC09/C02/T1_L2,45,LANDSAT/LC09/C02/T1_L2/LC09_185058_20240214,2024,True,False,LC09_L2SP_185058_20240214_20240215_02_T1,LC91850582024045LGN00,0,LC09,primary,False,LC09_185058_20240214,236620457.34572032,87292658.3442797,0.29887357827620936,0.3012907311343931,185,58
2024,2024-02-22,2,2024,False,100.0,100.0,LANDSAT/LC08/C02/T1_L2,53,LANDSAT/LC08/C02/T1_L2/LC08_185057_20240222,2024,False,False,LC08_L2SP_185057_20240222_20240229_02_T1,LC81850572024053LGN00,0,LC08,primary,False,LC08_185057_20240222,0.0,0.0,0.0,0.0,185,57
2024,2024-02-22,2,2024,False,100.0,100.0,LANDSAT/LC08/C02/T1_L2,53,LANDSAT/LC08/C02/T1_L2/LC08_185058_20240222,2024,False,False,LC08_L2SP_185058_20240222_20240229_02_T1,LC81850582024053LGN00,0,LC08,primary,False,LC08_185058_20240222,0.0,0.0,0.0,0.0,185,58
2024,2024-03-01,3,2024,True,19.3,19.3,LANDSAT/LC09/C02/T1_L2,61,LANDSAT/LC09/C02/T1_L2/LC09_185057_20240301,2024,True,False,LC09_L2SP_185057_20240301_20240305_02_T1,LC91850572024061LGN00,0,LC09,primary,False,LC09_185057_20240301,648943742.5534922,254949287.46073407,0.8196761201992723,0.8799578186550981,185,57
2024,2024-03-01,3,2024,True,18.71,18.71,LANDSAT/LC09/C02/T1_L2,61,LANDSAT/LC09/C02/T1_L2/LC09_185058_20240301,2024,True,False,LC09_L2SP_185058_20240301_20240305_02_T1,LC91850582024061LGN00,0,LC09,primary,False,LC09_185058_20240301,297901914.6580081,107296232.12566854,0.37627774118907215,0.37033309373636053,185,58
2024,2024-03-09,3,2024,True,32.45,32.45,LANDSAT/LC08/C02/T1_L2,69,LANDSAT/LC08/C02/T1_L2/LC08_185057_20240309,2024,True,False,LC08_L2SP_185057_20240309_20240316_02_T1,LC81850572024069LGN00,0,LC08,primary,False,LC08_185057_20240309,395217693.5684171,142650738.0871556,0.49919659356536883,0.49235922001172927,185,57
2024,2024-03-09,3,2024,True,51.88,51.88,LANDSAT/LC08/C02/T1_L2,69,LANDSAT/LC08/C02/T1_L2/LC08_185058_20240309,2024,True,False,LC08_L2SP_185058_20240309_20240316_02_T1,LC81850582024069LGN00,0,LC08,primary,False,LC08_185058_20240309,217807164.2801813,82472431.94773093,0.2751106446705097,0.28465371305296755,185,58
2024,2024-03-17,3,2024,True,64.02,64.02,LANDSAT/LC09/C02/T1_L2,77,LANDSAT/LC09/C02/T1_L2/LC09_185057_20240317,2024,True,False,LC09_L2SP_185057_20240317_20240318_02_T1,LC91850572024077LGN00,0,LC09,primary,False,LC09_185057_20240317,331523808.60826683,164963261.72498614,0.4187453108407323,0.5693709262400105,185,57
2024,2024-03-17,3,2024,True,89.61,89.61,LANDSAT/LC09/C02/T1_L2,77,LANDSAT/LC09/C02/T1_L2/LC09_185058_20240317,2024,True,False,LC09_L2SP_185058_20240317_20240318_02_T1,LC91850582024077LGN00,0,LC09,primary,False,LC09_185058_20240317,131096464.57009564,52429834.08986387,0.16558699068093677,0.18096164495172765,185,58
2024,2024-03-25,3,2024,False,99.98,99.98,LANDSAT/LC08/C02/T1_L2,85,LANDSAT/LC08/C02/T1_L2/LC08_185057_20240325,2024,False,False,LC08_L2SP_185057_20240325_20240403_02_T1,LC81850572024085LGN00,0,LC08,primary,False,LC08_185057_20240325,0.0,0.0,0.0,0.0,185,57
2024,2024-04-02,4,2024,True,15.35,15.35,LANDSAT/LC09/C02/T1_L2,93,LANDSAT/LC09/C02/T1_L2/LC09_185057_20240402,2024,True,False,LC09_L2SP_185057_20240402_20240403_02_T1,LC91850572024093LGN00,0,LC09,primary,False,LC09_185057_20240402,215929551.3003088,96905542.83546981,0.272739045375135,0.3344696152650415,185,57
2024,2024-04-02,4,2024,True,52.11,52.11,LANDSAT/LC09/C02/T1_L2,93,LANDSAT/LC09/C02/T1_L2/LC09_185058_20240402,2024,True,False,LC09_L2SP_185058_20240402_20240403_02_T1,LC91850582024093LGN00,0,LC09,primary,False,LC09_185058_20240402,55696991.66374752,29140340.156040803,0.07035046497878601,0.1005779243941857,185,58
2024,2024-04-10,4,2024,False,58.48,58.48,LANDSAT/LC08/C02/T1_L2,101,LANDSAT/LC08/C02/T1_L2/LC08_185057_20240410,2024,False,False,LC08_L2SP_185057_20240410_20240419_02_T1,LC81850572024101LGN00,0,LC08,primary,False,LC08_185057_20240410,0.0,0.0,0.0,0.0,185,57
2024,2024-04-10,4,2024,False,80.6,80.6,LANDSAT/LC08/C02/T1_L2,101,LANDSAT/LC08/C02/T1_L2/LC08_185058_20240410,2024,False,False,LC08_L2SP_185058_20240410_20240419_02_T1,LC81850582024101LGN00,0,LC08,primary,False,LC08_185058_20240410,0.0,0.0,0.0,0.0,185,58
2024,2024-04-18,4,2024,True,48.07,48.07,LANDSAT/LC09/C02/T1_L2,109,LANDSAT/LC09/C02/T1_L2/LC09_185057_20240418,2024,True,False,LC09_L2SP_185057_20240418_20240419_02_T1,LC91850572024109LGN00,0,LC09,primary,False,LC09_185057_20240418,472751619.2209389,191232428.28470317,0.5971291310032182,0.6600389909912651,185,57
2024,2024-04-18,4,2024,True,63.14,63.14,LANDSAT/LC09/C02/T1_L2,109,LANDSAT/LC09/C02/T1_L2/LC09_185058_20240418,2024,True,False,LC09_L2SP_185058_20240418_20240419_02_T1,LC91850582024109LGN00,0,LC09,primary,False,LC09_185058_20240418,264646508.9816569,95176240.78429174,0.3342730802100082,0.32850092684113363,185,58
2024,2024-04-26,4,2024,True,36.98,36.98,LANDSAT/LC08/C02/T1_L2,117,LANDSAT/LC08/C02/T1_L2/LC08_185057_20240426,2024,True,False,LC08_L2SP_185057_20240426_20240510_02_T1,LC81850572024117LGN00,0,LC08,primary,False,LC08_185057_20240426,293371235.8309889,121371610.1205109,0.3705550737230337,0.41891428037331097,185,57
2024,2024-04-26,4,2024,True,47.03,47.03,LANDSAT/LC08/C02/T1_L2,117,LANDSAT/LC08/C02/T1_L2/LC08_185058_20240426,2024,True,False,LC08_L2SP_185058_20240426_20240510_02_T1,LC81850582024117LGN00,0,LC08,primary,False,LC08_185058_20240426,125082526.08138356,54012937.29418278,0.15799082872682368,0.18642572785328476,185,58
2024,2024-05-04,5,2024,False,99.9,99.9,LANDSAT/LC09/C02/T1_L2,125,LANDSAT/LC09/C02/T1_L2/LC09_185057_20240504,2024,False,False,LC09_L2SP_185057_20240504_20240505_02_T1,LC91850572024125LGN00,0,LC09,primary,False,LC09_185057_20240504,0.0,0.0,0.0,0.0,185,57
2024,2024-05-04,5,2024,True,74.18,74.18,LANDSAT/LC09/C02/T1_L2,125,LANDSAT/LC09/C02/T1_L2/LC09_185058_20240504,2024,True,False,LC09_L2SP_185058_20240504_20240505_02_T1,LC91850582024125LGN00,0,LC09,primary,False,LC09_185058_20240504,173843981.36495456,53018166.750128046,0.21958106815934766,0.1829922759431924,185,58
2024,2024-05-12,5,2024,False,98.22,98.22,LANDSAT/LC08/C02/T1_L2,133,LANDSAT/LC08/C02/T1_L2/LC08_185057_20240512,2024,False,False,LC08_L2SP_185057_20240512_20240520_02_T1,LC81850572024133LGN00,0,LC08,primary,False,LC08_185057_20240512,0.0,0.0,0.0,0.0,185,57
2024,2024-05-12,5,2024,False,95.07,95.07,LANDSAT/LC08/C02/T1_L2,133,LANDSAT/LC08/C02/T1_L2/LC08_185058_20240512,2024,False,False,LC08_L2SP_185058_20240512_20240520_02_T1,LC81850582024133LGN00,0,LC08,primary,False,LC08_185058_20240512,0.0,0.0,0.0,0.0,185,58
2024,2024-05-20,5,2024,True,41.96,41.96,LANDSAT/LC09/C02/T1_L2,141,LANDSAT/LC09/C02/T1_L2/LC09_185057_20240520,2024,True,False,LC09_L2SP_185057_20240520_20240523_02_T1,LC91850572024141LGN00,0,LC09,primary,False,LC09_185057_20240520,551573931.6318257,243580728.95564064,0.6966890203826352,0.840719223234683,185,57
2024,2024-05-20,5,2024,True,28.68,28.68,LANDSAT/LC09/C02/T1_L2,141,LANDSAT/LC09/C02/T1_L2/LC09_185058_20240520,2024,True,False,LC09_L2SP_185058_20240520_20240523_02_T1,LC91850582024141LGN00,0,LC09,primary,False,LC09_185058_20240520,249710784.37349474,103258525.24545039,0.31540787511378365,0.35639694284897017,185,58
2024,2024-05-28,5,2024,True,60.89,60.89,LANDSAT/LC08/C02/T1_L2,149,LANDSAT/LC08/C02/T1_L2/LC08_185057_20240528,2024,True,False,LC08_L2SP_185057_20240528_20240611_02_T1,LC81850572024149LGN00,0,LC08,primary,False,LC08_185057_20240528,146560091.0401079,56867599.71012084,0.1851189847784153,0.19627859913425444,185,57
2024,2024-06-29,6,2024,True,57.83,57.83,LANDSAT/LC08/C02/T1_L2,181,LANDSAT/LC08/C02/T1_L2/LC08_185058_20240629,2024,True,False,LC08_L2SP_185058_20240629_20240709_02_T1,LC81850582024181LGN00,0,LC08,primary,False,LC08_185058_20240629,146422776.95957604,65629124.47539109,0.18494554436224575,0.22651901399215926,185,58
2024,2024-08-08,8,2024,True,83.99,83.99,LANDSAT/LC09/C02/T1_L2,221,LANDSAT/LC09/C02/T1_L2/LC09_185058_20240808,2024,True,False,LC09_L2SP_185058_20240808_20240809_02_T1,LC91850582024221LGN00,0,LC09,primary,False,LC09_185058_20240808,858107.1797506893,65627.7300415039,0.0010838689360737706,0.000226514201101667,185,58
2024,2024-08-24,8,2024,True,56.21,56.21,LANDSAT/LC09/C02/T1_L2,237,LANDSAT/LC09/C02/T1_L2/LC09_185058_20240824,2024,True,False,LC09_L2SP_185058_20240824_20240825_02_T1,LC91850582024237LGN00,0,LC09,primary,False,LC09_185058_20240824,39245291.470060706,14536982.176754463,0.04957044214910096,0.05017441410992389,185,58
2024,2024-09-09,9,2024,True,62.5,62.5,LANDSAT/LC09/C02/T1_L2,253,LANDSAT/LC09/C02/T1_L2/LC09_185058_20240909,2024,True,False,LC09_L2SP_185058_20240909_20240910_02_T1,LC91850582024253LGN00,0,LC09,primary,False,LC09_185058_20240909,43511137.314730525,11560613.194604013,0.05495860100177519,0.039901472447166034,185,58
2024,2024-10-11,10,2024,True,64.38,64.38,LANDSAT/LC09/C02/T1_L2,285,LANDSAT/LC09/C02/T1_L2/LC09_185057_20241011,2024,True,False,LC09_L2SP_185057_20241011_20241012_02_T1,LC91850572024285LGN00,0,LC09,primary,False,LC09_185057_20241011,78606195.06192483,26564300.419543933,0.09928691312818178,0.09168671967706814,185,57
2024,2024-10-11,10,2024,True,34.34,34.34,LANDSAT/LC09/C02/T1_L2,285,LANDSAT/LC09/C02/T1_L2/LC09_185058_20241011,2024,True,False,LC09_L2SP_185058_20241011_20241012_02_T1,LC91850582024285LGN00,0,LC09,primary,False,LC09_185058_20241011,44878599.97999866,12795975.827305214,0.05668583314608075,0.04416532828432813,185,58
2024,2024-11-04,11,2024,True,84.76,84.76,LANDSAT/LC08/C02/T1_L2,309,LANDSAT/LC08/C02/T1_L2/LC08_185057_20241104,2024,True,False,LC08_L2SP_185057_20241104_20241113_02_T1,LC81850572024309LGN00,0,LC08,primary,False,LC08_185057_20241104,17573787.579118088,58441.13220214844,0.02219732324311655,0.00020170964870908716,185,57
2024,2024-11-12,11,2024,True,3.93,3.93,LANDSAT/LC09/C02/T1_L2,317,LANDSAT/LC09/C02/T1_L2/LC09_185057_20241112,2024,True,False,LC09_L2SP_185057_20241112_20241116_02_T1,LC91850572024317LGN00,0,LC09,primary,False,LC09_185057_20241112,673529094.333424,252634354.29258654,0.8507296991758005,0.8719678236201476,185,57
2024,2024-11-12,11,2024,True,8.5,8.5,LANDSAT/LC09/C02/T1_L2,317,LANDSAT/LC09/C02/T1_L2/LC09_185058_20241112,2024,True,False,LC09_L2SP_185058_20241112_20241116_02_T1,LC91850582024317LGN00,0,LC09,primary,False,LC09_185058_20241112,320085531.1911159,108238249.28158823,0.40429770584779195,0.37358446725426625,185,58
2024,2024-11-20,11,2024,True,13.75,13.75,LANDSAT/LC08/C02/T1_L2,325,LANDSAT/LC08/C02/T1_L2/LC08_185057_20241120,2024,True,False,LC08_L2SP_185057_20241120_20241203_02_T1,LC81850572024325LGN00,0,LC08,primary,False,LC08_185057_20241120,339628518.78496766,101752958.71050285,0.4289823113037271,0.3512004778691,185,57
2024,2024-11-20,11,2024,True,37.9,37.9,LANDSAT/LC08/C02/T1_L2,325,LANDSAT/LC08/C02/T1_L2/LC08_185058_20241120,2024,True,False,LC08_L2SP_185058_20241120_20241203_02_T1,LC81850582024325LGN00,0,LC08,primary,False,LC08_185058_20241120,131283079.65087987,29328277.201330572,0.16582270283186376,0.1012265893662074,185,58
2024,2024-11-28,11,2024,True,0.2,0.2,LANDSAT/LC09/C02/T1_L2,333,LANDSAT/LC09/C02/T1_L2/LC09_185057_20241128,2024,True,False,LC09_L2SP_185057_20241128_20241129_02_T1,LC91850572024333LGN00,0,LC09,primary,False,LC09_185057_20241128,786697218.076303,287969768.9577235,0.9936715329852975,0.9939280562597316,185,57
2024,2024-11-28,11,2024,True,18.23,18.23,LANDSAT/LC09/C02/T1_L2,333,LANDSAT/LC09/C02/T1_L2/LC09_185058_20241128,2024,True,False,LC09_L2SP_185058_20241128_20241129_02_T1,LC91850582024333LGN00,0,LC09,primary,False,LC09_185058_20241128,362288129.46126735,107635292.77569154,0.45760350070188877,0.3715033620393538,185,58
2024,2024-12-06,12,2024,True,42.65,42.65,LANDSAT/LC08/C02/T1_L2,341,LANDSAT/LC08/C02/T1_L2/LC08_185057_20241206,2024,True,False,LC08_L2SP_185057_20241206_20241210_02_T1,LC81850572024341LGN00,0,LC08,primary,False,LC08_185057_20241206,388915661.7654076,165041796.49314037,0.4912365430418253,0.5696419891010284,185,57
2024,2024-12-06,12,2024,True,57.92,57.92,LANDSAT/LC08/C02/T1_L2,341,LANDSAT/LC08/C02/T1_L2/LC08_185058_20241206,2024,True,False,LC08_L2SP_185058_20241206_20241210_02_T1,LC81850582024341LGN00,0,LC08,primary,False,LC08_185058_20241206,216947395.76465514,80866392.42590548,0.27402467731330404,0.2791104654197807,185,58
2024,2024-12-14,12,2024,True,11.53,11.53,LANDSAT/LC09/C02/T1_L2,349,LANDSAT/LC09/C02/T1_L2/LC09_185057_20241214,2024,True,False,LC09_L2SP_185057_20241214_20241215_02_T1,LC91850572024349LGN00,0,LC09,primary,False,LC09_185057_20241214,246085814.95849174,85802366.37587148,0.3108292026170907,0.2961469863420814,185,57
2024,2024-12-14,12,2024,True,43.97,43.97,LANDSAT/LC09/C02/T1_L2,349,LANDSAT/LC09/C02/T1_L2/LC09_185058_20241214,2024,True,False,LC09_L2SP_185058_20241214_20241215_02_T1,LC91850582024349LGN00,0,LC09,primary,False,LC09_185058_20241214,157140751.02134794,47588149.51458358,0.19848333942716306,0.1642505639367009,185,58
2024,2024-12-22,12,2024,True,15.12,15.12,LANDSAT/LC08/C02/T1_L2,357,LANDSAT/LC08/C02/T1_L2/LC08_185057_20241222,2024,True,False,LC08_L2SP_185057_20241222_20241228_02_T1,LC81850572024357LGN00,0,LC08,primary,False,LC08_185057_20241222,314040261.34055626,132486800.12978087,0.39666196947846266,0.45727837407959576,185,57
2024,2024-12-22,12,2024,True,43.55,43.55,LANDSAT/LC08/C02/T1_L2,357,LANDSAT/LC08/C02/T1_L2/LC08_185058_20241222,2024,True,False,LC08_L2SP_185058_20241222_20241228_02_T1,LC81850582024357LGN00,0,LC08,primary,False,LC08_185058_20241222,191759666.12631404,70792348.3771561,0.2422102392460754,0.24433988843772816,185,58
2024,2024-12-30,12,2024,True,27.23,27.23,LANDSAT/LC09/C02/T1_L2,365,LANDSAT/LC09/C02/T1_L2/LC09_185057_20241230,2024,True,False,LC09_L2SP_185057_20241230_20241231_02_T1,LC91850572024365LGN00,0,LC09,primary,False,LC09_185057_20241230,514943700.5148629,211097593.38664502,0.6504216419411523,0.7286036358444905,185,57
2024,2024-12-30,12,2024,True,74.08,74.08,LANDSAT/LC09/C02/T1_L2,365,LANDSAT/LC09/C02/T1_L2/LC09_185058_20241230,2024,True,False,LC09_L2SP_185058_20241230_20241231_02_T1,LC91850582024365LGN00,0,LC09,primary,False,LC09_185058_20241230,166957264.20208427,63313513.4630845,0.21088250581130877,0.21852667937715525,185,58
2025,2025-01-07,1,2025,True,22.37,22.37,LANDSAT/LC08/C02/T1_L2,7,LANDSAT/LC08/C02/T1_L2/LC08_185057_20250107,2025,True,False,LC08_L2SP_185057_20250107_20250111_02_T1,LC81850572025007LGN00,0,LC08,primary,False,LC08_185057_20250107,708253464.6363208,259485242.1901138,0.8945897986880401,0.8956136726837077,185,57
2025,2025-01-07,1,2025,True,44.72,44.72,LANDSAT/LC08/C02/T1_L2,7,LANDSAT/LC08/C02/T1_L2/LC08_185058_20250107,2025,True,False,LC08_L2SP_185058_20250107_20250111_02_T1,LC81850582025007LGN00,0,LC08,primary,False,LC08_185058_20250107,379248517.6706538,121156837.6406784,0.4790260436635345,0.41817299286181064,185,58
2025,2025-01-15,1,2025,False,99.98,99.98,LANDSAT/LC09/C02/T1_L2,15,LANDSAT/LC09/C02/T1_L2/LC09_185057_20250115,2025,False,False,LC09_L2SP_185057_20250115_20250116_02_T1,LC91850572025015LGN00,0,LC09,primary,False,LC09_185057_20250115,0.0,0.0,0.0,0.0,185,57
2025,2025-01-15,1,2025,False,100.0,100.0,LANDSAT/LC09/C02/T1_L2,15,LANDSAT/LC09/C02/T1_L2/LC09_185058_20250115,2025,False,False,LC09_L2SP_185058_20250115_20250116_02_T1,LC91850582025015LGN00,0,LC09,primary,False,LC09_185058_20250115,0.0,0.0,0.0,0.0,185,58
2025,2025-01-23,1,2025,True,43.04,43.04,LANDSAT/LC08/C02/T1_L2,23,LANDSAT/LC08/C02/T1_L2/LC08_185057_20250123,2025,True,False,LC08_L2SP_185057_20250123_20250128_02_T1,LC81850572025023LGN00,0,LC08,primary,False,LC08_185057_20250123,283837137.6374907,129366981.3930499,0.3585126236547193,0.44651031539029307,185,57
2025,2025-01-31,1,2025,True,75.0,75.0,LANDSAT/LC09/C02/T1_L2,31,LANDSAT/LC09/C02/T1_L2/LC09_185057_20250131,2025,True,False,LC09_L2SP_185057_20250131_20250201_02_T1,LC91850572025031LGN00,0,LC09,primary,False,LC09_185057_20250131,37971223.876953125,32526141.99942533,0.047961176640998825,0.11226402414436415,185,57
2025,2025-01-31,1,2025,False,99.98,99.98,LANDSAT/LC09/C02/T1_L2,31,LANDSAT/LC09/C02/T1_L2/LC09_185058_20250131,2025,False,False,LC09_L2SP_185058_20250131_20250201_02_T1,LC91850582025031LGN00,0,LC09,primary,False,LC09_185058_20250131,0.0,0.0,0.0,0.0,185,58
2025,2025-02-08,2,2025,True,51.32,51.32,LANDSAT/LC08/C02/T1_L2,39,LANDSAT/LC08/C02/T1_L2/LC08_185057_20250208,2025,True,False,LC08_L2SP_185057_20250208_20250214_02_T1,LC81850572025039LGN00,0,LC08,primary,False,LC08_185057_20250208,139030828.02275845,59768883.24103715,0.1756088274360596,0.20629238325811977,185,57
2025,2025-02-08,2,2025,True,42.35,42.35,LANDSAT/LC08/C02/T1_L2,39,LANDSAT/LC08/C02/T1_L2/LC08_185058_20250208,2025,True,False,LC08_L2SP_185058_20250208_20250214_02_T1,LC81850582025039LGN00,0,LC08,primary,False,LC08_185058_20250208,233645529.80918834,79943061.55584216,0.2951159689472042,0.2759235876433799,185,58
2025,2025-02-16,2,2025,False,71.52,71.52,LANDSAT/LC09/C02/T1_L2,47,LANDSAT/LC09/C02/T1_L2/LC09_185057_20250216,2025,False,False,LC09_L2SP_185057_20250216_20250219_02_T1,LC91850572025047LGN00,0,LC09,primary,False,LC09_185057_20250216,0.0,0.0,0.0,0.0,185,57
2025,2025-02-16,2,2025,False,41.81,41.81,LANDSAT/LC09/C02/T1_L2,47,LANDSAT/LC09/C02/T1_L2/LC09_185058_20250216,2025,False,False,LC09_L2SP_185058_20250216_20250219_02_T1,LC91850582025047LGN00,0,LC09,primary,False,LC09_185058_20250216,0.0,0.0,0.0,0.0,185,58
2025,2025-02-24,2,2025,True,32.63,32.63,LANDSAT/LC08/C02/T1_L2,55,LANDSAT/LC08/C02/T1_L2/LC08_185057_20250224,2025,True,False,LC08_L2SP_185057_20250224_20250304_02_T1,LC81850572025055LGN00,0,LC08,primary,False,LC08_185057_20250224,654223438.0272269,262041382.75778955,0.8263448651427336,0.9044361953920882,185,57
2025,2025-02-24,2,2025,True,63.93,63.93,LANDSAT/LC08/C02/T1_L2,55,LANDSAT/LC08/C02/T1_L2/LC08_185058_20250224,2025,True,False,LC08_L2SP_185058_20250224_20250304_02_T1,LC81850582025055LGN00,0,LC08,primary,False,LC08_185058_20250224,351672201.90619427,123373567.90206899,0.44419459983720155,0.4258240404281249,185,58
2025,2025-03-12,3,2025,False,99.99,99.99,LANDSAT/LC08/C02/T1_L2,71,LANDSAT/LC08/C02/T1_L2/LC08_185058_20250312,2025,False,False,LC08_L2SP_185058_20250312_20250324_02_T1,LC81850582025071LGN00,0,LC08,primary,False,LC08_185058_20250312,0.0,0.0,0.0,0.0,185,58
2025,2025-03-20,3,2025,True,58.8,58.8,LANDSAT/LC09/C02/T1_L2,79,LANDSAT/LC09/C02/T1_L2/LC09_185057_20250320,2025,True,False,LC09_L2SP_185057_20250320_20250321_02_T1,LC91850572025079LGN00,0,LC09,primary,False,LC09_185057_20250320,62741056.34613157,29773832.40223676,0.07924777183403062,0.10276442375901866,185,57
2025,2025-03-28,3,2025,True,53.58,53.58,LANDSAT/LC08/C02/T1_L2,87,LANDSAT/LC08/C02/T1_L2/LC08_185057_20250328,2025,True,False,LC08_L2SP_185057_20250328_20250401_02_T1,LC81850572025087LGN00,0,LC08,primary,False,LC08_185057_20250328,523250099.01453304,198055707.59396282,0.6609133934576213,0.6835895489741945,185,57
2025,2025-03-28,3,2025,True,40.63,40.63,LANDSAT/LC08/C02/T1_L2,87,LANDSAT/LC08/C02/T1_L2/LC08_185058_20250328,2025,True,False,LC08_L2SP_185058_20250328_20250401_02_T1,LC81850582025087LGN00,0,LC08,primary,False,LC08_185058_20250328,186847236.2495627,59262530.45710809,0.23600538480633232,0.2045447059233291,185,58
2025,2025-04-05,4,2025,True,88.2,88.2,LANDSAT/LC09/C02/T1_L2,95,LANDSAT/LC09/C02/T1_L2/LC09_185057_20250405,2025,True,False,LC09_L2SP_185057_20250405_20250406_02_T1,LC91850572025095LGN00,0,LC09,primary,False,LC09_185057_20250405,376452282.8579765,120315080.17022753,0.4754941398140532,0.4152676657871128,185,57
2025,2025-04-05,4,2025,False,99.93,99.93,LANDSAT/LC09/C02/T1_L2,95,LANDSAT/LC09/C02/T1_L2/LC09_185058_20250405,2025,False,False,LC09_L2SP_185058_20250405_20250406_02_T1,LC91850582025095LGN00,0,LC09,primary,False,LC09_185058_20250405,0.0,0.0,0.0,0.0,185,58
2025,2025-04-21,4,2025,True,73.98,73.98,LANDSAT/LC09/C02/T1_L2,111,LANDSAT/LC09/C02/T1_L2/LC09_185057_20250421,2025,True,False,LC09_L2SP_185057_20250421_20250422_02_T1,LC91850572025111LGN00,0,LC09,primary,False,LC09_185057_20250421,2026908.949369782,1125125.117938352,0.0025601739483290522,0.0038833709023312194,185,57
2025,2025-05-07,5,2025,True,28.21,28.21,LANDSAT/LC09/C02/T1_L2,127,LANDSAT/LC09/C02/T1_L2/LC09_185057_20250507,2025,True,False,LC09_L2SP_185057_20250507_20250513_02_T1,LC91850572025127LGN00,0,LC09,primary,False,LC09_185057_20250507,193091512.52761135,66077201.56438203,0.24389248474646522,0.2280655526851867,185,57
2025,2025-05-07,5,2025,True,18.98,18.98,LANDSAT/LC09/C02/T1_L2,127,LANDSAT/LC09/C02/T1_L2/LC09_185058_20250507,2025,True,False,LC09_L2SP_185058_20250507_20250513_02_T1,LC91850582025127LGN00,0,LC09,primary,False,LC09_185058_20250507,72647618.51578224,23974110.182215557,0.09176067844097398,0.08274667448673888,185,58
2025,2025-05-31,5,2025,True,46.66,46.66,LANDSAT/LC08/C02/T1_L2,151,LANDSAT/LC08/C02/T1_L2/LC08_185057_20250531,2025,True,False,LC08_L2SP_185057_20250531_20250607_02_T1,LC81850572025151LGN00,0,LC08,primary,False,LC08_185057_20250531,573805711.2017353,214206648.18715584,0.7247698194227566,0.7393345427930265,185,57
2025,2025-05-31,5,2025,True,57.56,57.56,LANDSAT/LC08/C02/T1_L2,151,LANDSAT/LC08/C02/T1_L2/LC08_185058_20250531,2025,True,False,LC08_L2SP_185058_20250531_20250607_02_T1,LC81850582025151LGN00,0,LC08,primary,False,LC08_185058_20250531,325071396.5084087,112205094.75246273,0.41059531605824534,0.3872760398891974,185,58
2025,2025-06-08,6,2025,True,75.22,75.22,LANDSAT/LC09/C02/T1_L2,159,LANDSAT/LC09/C02/T1_L2/LC09_185057_20250608,2025,True,False,LC09_L2SP_185057_20250608_20250609_02_T1,LC91850572025159LGN00,0,LC09,primary,False,LC09_185057_20250608,600071110.9744041,235519944.18279365,0.7579454547966803,0.812897413430821,185,57
2025,2025-06-08,6,2025,True,57.3,57.3,LANDSAT/LC09/C02/T1_L2,159,LANDSAT/LC09/C02/T1_L2/LC09_185058_20250608,2025,True,False,LC09_L2SP_185058_20250608_20250609_02_T1,LC91850582025159LGN00,0,LC09,primary,False,LC09_185058_20250608,375315993.53980905,124834069.31873734,0.4740589010427007,0.4308649630898605,185,58
2025,2025-08-19,8,2025,True,69.29,69.29,LANDSAT/LC08/C02/T1_L2,231,LANDSAT/LC08/C02/T1_L2/LC08_185058_20250819,2025,True,False,LC08_L2SP_185058_20250819_20250826_02_T1,LC81850582025231LGN00,0,LC08,primary,False,LC08_185058_20250819,5203438.217529297,3016653.919363463,0.006572424957914526,0.010411985179324188,185,58
2025,2025-09-12,9,2025,False,79.77,79.77,LANDSAT/LC09/C02/T1_L2,255,LANDSAT/LC09/C02/T1_L2/LC09_185058_20250912,2025,False,False,LC09_L2SP_185058_20250912_20250915_02_T1,LC91850582025255LGN00,0,LC09,primary,False,LC09_185058_20250912,0.0,0.0,0.0,0.0,185,58
2025,2025-10-14,10,2025,False,85.34,85.34,LANDSAT/LC09/C02/T1_L2,287,LANDSAT/LC09/C02/T1_L2/LC09_185057_20251014,2025,False,False,LC09_L2SP_185057_20251014_20251015_02_T1,LC91850572025287LGN00,0,LC09,primary,False,LC09_185057_20251014,20846855.542246383,0.0,0.02633151157600488,0.0,185,57
2025,2025-10-14,10,2025,False,82.46,82.46,LANDSAT/LC09/C02/T1_L2,287,LANDSAT/LC09/C02/T1_L2/LC09_185058_20251014,2025,False,False,LC09_L2SP_185058_20251014_20251015_02_T1,LC91850582025287LGN00,0,LC09,primary,False,LC09_185058_20251014,566948.7529495541,0.0,0.0007161088453383153,0.0,185,58
2025,2025-10-22,10,2025,True,75.21,75.21,LANDSAT/LC08/C02/T1_L2,295,LANDSAT/LC08/C02/T1_L2/LC08_185057_20251022,2025,True,False,LC08_L2SP_185057_20251022_20251120_02_T1,LC81850572025295LGN00,0,LC08,primary,False,LC08_185057_20251022,98875641.69634363,32300766.623031314,0.1248891037133188,0.11148614072070173,185,57
2025,2025-11-07,11,2025,True,85.12,85.12,LANDSAT/LC08/C02/T1_L2,311,LANDSAT/LC08/C02/T1_L2/LC08_185058_20251107,2025,True,False,LC08_L2SP_185058_20251107_20251128_02_T1,LC81850582025311LGN00,0,LC08,primary,False,LC08_185058_20251107,25188911.731357947,11576070.99844516,0.031815931160318583,0.03995482507852551,185,58
2025,2025-11-23,11,2025,False,58.96,58.96,LANDSAT/LC08/C02/T1_L2,327,LANDSAT/LC08/C02/T1_L2/LC08_185057_20251123,2025,False,False,LC08_L2SP_185057_20251123_20251202_02_T1,LC81850572025327LGN00,0,LC08,primary,False,LC08_185057_20251123,3138200.5763803525,0.0,0.003963838317837748,0.0,185,57
2025,2025-11-23,11,2025,False,92.83,92.83,LANDSAT/LC08/C02/T1_L2,327,LANDSAT/LC08/C02/T1_L2/LC08_185058_20251123,2025,False,False,LC08_L2SP_185058_20251123_20251202_02_T1,LC81850582025327LGN00,0,LC08,primary,False,LC08_185058_20251123,0.0,0.0,0.0,0.0,185,58
2025,2025-12-01,12,2025,True,70.13,70.13,LANDSAT/LC09/C02/T1_L2,335,LANDSAT/LC09/C02/T1_L2/LC09_185057_20251201,2025,True,False,LC09_L2SP_185057_20251201_20251203_02_T1,LC91850572025335LGN00,0,LC09,primary,False,LC09_185057_20251201,26995002.946580116,9301585.867817476,0.03409719183507926,0.03210443650107618,185,57
2025,2025-12-09,12,2025,True,51.75,51.75,LANDSAT/LC08/C02/T1_L2,343,LANDSAT/LC08/C02/T1_L2/LC08_185057_20251209,2025,True,False,LC08_L2SP_185057_20251209_20251217_02_T1,LC81850572025343LGN00,0,LC08,primary,False,LC08_185057_20251209,170268557.80308884,65069850.2996089,0.2150649766693098,0.2245886784001164,185,57
2025,2025-12-17,12,2025,True,27.14,27.14,LANDSAT/LC09/C02/T1_L2,351,LANDSAT/LC09/C02/T1_L2/LC09_185057_20251217,2025,True,False,LC09_L2SP_185057_20251217_20251218_02_T1,LC91850572025351LGN00,0,LC09,primary,False,LC09_185057_20251217,416254565.89554733,156136451.11917895,0.5257681139600018,0.5389051772131024,185,57
2025,2025-12-17,12,2025,True,49.57,49.57,LANDSAT/LC09/C02/T1_L2,351,LANDSAT/LC09/C02/T1_L2/LC09_185058_20251217,2025,True,False,LC09_L2SP_185058_20251217_20251218_02_T1,LC91850582025351LGN00,0,LC09,primary,False,LC09_185058_20251217,235229839.9969449,90040253.14902157,0.29711709961961447,0.310774058407081,185,58
2025,2025-12-25,12,2025,True,42.41,42.41,LANDSAT/LC08/C02/T1_L2,359,LANDSAT/LC08/C02/T1_L2/LC08_185057_20251225,2025,True,False,LC08_L2SP_185057_20251225_20260106_02_T1,LC81850572025359LGN00,0,LC08,primary,False,LC08_185057_20251225,227403813.3292416,72321441.26770976,0.2872321022694315,0.24961755466654575,185,57
2025,2025-12-25,12,2025,True,50.6,50.6,LANDSAT/LC08/C02/T1_L2,359,LANDSAT/LC08/C02/T1_L2/LC08_185058_20251225,2025,True,False,LC08_L2SP_185058_20251225_20260106_02_T1,LC81850582025359LGN00,0,LC08,primary,False,LC08_185058_20251225,129082021.42867503,41525382.639152974,0.16304256220394045,0.14332491567208291,185,58
