acquisition_date,acquisition_month,acquisition_year,candidate_for_composite,cloud_cover_land_pct,cloud_cover_scene_pct,collection_id,day_of_year,earth_engine_asset_id,epoch,has_positive_core_coverage,landsat7_orbit_drift_period,landsat_product_id,landsat_scene_id,relative_year,sensor_key,sensor_role,slc_off,system_index,valid_area_context_m2,valid_area_core_m2,valid_fraction_context,valid_fraction_core,wrs_path,wrs_row
1999-02-01,2,1999,True,64.0,64.0,LANDSAT/LT05/C02/T1_L2,32,LANDSAT/LT05/C02/T1_L2/LT05_185057_19990201,2000,True,False,LT05_L2SP_185057_19990201_20200908_02_T1,LT51850571999032LBG00,-1,LT05,primary,False,LT05_185057_19990201,645602081.8586034,269120107.82026947,0.8154552928859045,0.9288684247459292,185,57
1999-10-23,10,1999,False,85.0,85.0,LANDSAT/LE07/C02/T1_L2,296,LANDSAT/LE07/C02/T1_L2/LE07_185057_19991023,2000,False,False,LE07_L2SP_185057_19991023_20200918_02_T1,LE71850571999296AGS00,-1,LE07,supplemental,False,LE07_185057_19991023,253303.27934259147,0.0,0.0003199455293741,0.0,185,57
1999-11-08,11,1999,False,85.0,85.0,LANDSAT/LE07/C02/T1_L2,312,LANDSAT/LE07/C02/T1_L2/LE07_185057_19991108,2000,False,False,LE07_L2SP_185057_19991108_20200918_02_T1,LE71850571999312EDC01,-1,LE07,supplemental,False,LE07_185057_19991108,0.0,0.0,0.0,0.0,185,57
1999-12-10,12,1999,True,36.0,36.0,LANDSAT/LE07/C02/T1_L2,344,LANDSAT/LE07/C02/T1_L2/LE07_185057_19991210,2000,True,False,LE07_L2SP_185057_19991210_20200918_02_T1,LE71850571999344SGS00,-1,LE07,supplemental,False,LE07_185057_19991210,555971966.2848871,211602352.88546333,0.7022441459575246,0.7303458139535155,185,57
1999-12-10,12,1999,True,65.0,65.0,LANDSAT/LE07/C02/T1_L2,344,LANDSAT/LE07/C02/T1_L2/LE07_185058_19991210,2000,True,False,LE07_L2SP_185058_19991210_20200918_02_T1,LE71850581999344SGS00,-1,LE07,supplemental,False,LE07_185058_19991210,124717965.78750628,20222011.639918663,0.1575303552717777,0.0697963011731164,185,58
2000-02-12,2,2000,False,72.0,72.0,LANDSAT/LE07/C02/T1_L2,43,LANDSAT/LE07/C02/T1_L2/LE07_185057_20000212,2000,False,False,LE07_L2SP_185057_20000212_20200918_02_T1,LE71850572000043EDC01,0,LE07,supplemental,False,LE07_185057_20000212,3735387.0293279914,0.0,0.0047181401820665,0.0,185,57
2000-03-15,3,2000,True,50.0,50.0,LANDSAT/LE07/C02/T1_L2,75,LANDSAT/LE07/C02/T1_L2/LE07_185057_20000315,2000,True,False,LE07_L2SP_185057_20000315_20200918_02_T1,LE71850572000075EDC00,0,LE07,supplemental,False,LE07_185057_20000315,218842238.43366817,73071276.07382166,0.2764180393036873,0.2522056105380081,185,57
2000-03-15,3,2000,True,50.0,50.0,LANDSAT/LE07/C02/T1_L2,75,LANDSAT/LE07/C02/T1_L2/LE07_185058_20000315,2000,True,False,LE07_L2SP_185058_20000315_20200918_02_T1,LE71850582000075EDC00,0,LE07,supplemental,False,LE07_185058_20000315,67634172.10432847,16436189.789471315,0.0854282307511364,0.0567295318147218,185,58
2000-03-31,3,2000,False,58.0,58.0,LANDSAT/LE07/C02/T1_L2,91,LANDSAT/LE07/C02/T1_L2/LE07_185058_20000331,2000,False,False,LE07_L2SP_185058_20000331_20200918_02_T1,LE71850582000091EDC00,0,LE07,supplemental,False,LE07_185058_20000331,0.0,0.0,0.0,0.0,185,58
2000-04-16,4,2000,False,73.0,73.0,LANDSAT/LE07/C02/T1_L2,107,LANDSAT/LE07/C02/T1_L2/LE07_185057_20000416,2000,False,False,LE07_L2SP_185057_20000416_20200918_02_T1,LE71850572000107EDC00,0,LE07,supplemental,False,LE07_185057_20000416,0.0,0.0,0.0,0.0,185,57
2000-04-16,4,2000,False,55.0,55.0,LANDSAT/LE07/C02/T1_L2,107,LANDSAT/LE07/C02/T1_L2/LE07_185058_20000416,2000,False,False,LE07_L2SP_185058_20000416_20200918_02_T1,LE71850582000107EDC00,0,LE07,supplemental,False,LE07_185058_20000416,0.0,0.0,0.0,0.0,185,58
2000-05-02,5,2000,True,61.0,61.0,LANDSAT/LE07/C02/T1_L2,123,LANDSAT/LE07/C02/T1_L2/LE07_185057_20000502,2000,True,False,LE07_L2SP_185057_20000502_20200918_02_T1,LE71850572000123EDC00,0,LE07,supplemental,False,LE07_185057_20000502,28497526.064986885,5759023.271959731,0.0359950178551889,0.0198772767966967,185,57
2000-05-02,5,2000,True,80.0,80.0,LANDSAT/LE07/C02/T1_L2,123,LANDSAT/LE07/C02/T1_L2/LE07_185058_20000502,2000,True,False,LE07_L2SP_185058_20000502_20200918_02_T1,LE71850582000123EDC00,0,LE07,supplemental,False,LE07_185058_20000502,34106186.95997913,4850476.284908999,0.0430792766290404,0.0167414256129826,185,58
2000-05-18,5,2000,True,22.0,22.0,LANDSAT/LE07/C02/T1_L2,139,LANDSAT/LE07/C02/T1_L2/LE07_185057_20000518,2000,True,False,LE07_L2SP_185057_20000518_20200918_02_T1,LE71850572000139EDC00,0,LE07,supplemental,False,LE07_185057_20000518,697586529.0063759,281228695.33910614,0.8811164698950625,0.97066123133187,185,57
2000-05-18,5,2000,True,73.0,73.0,LANDSAT/LE07/C02/T1_L2,139,LANDSAT/LE07/C02/T1_L2/LE07_185058_20000518,2000,True,False,LE07_L2SP_185058_20000518_20200918_02_T1,LE71850582000139EDC00,0,LE07,supplemental,False,LE07_185058_20000518,109682618.07083738,30432053.09069824,0.1385393169519495,0.1050362733765683,185,58
2000-06-03,6,2000,True,69.0,69.0,LANDSAT/LE07/C02/T1_L2,155,LANDSAT/LE07/C02/T1_L2/LE07_185057_20000603,2000,True,False,LE07_L2SP_185057_20000603_20200918_02_T1,LE71850572000155EDC00,0,LE07,supplemental,False,LE07_185057_20000603,102606636.59443095,35477066.310286455,0.1296016962263676,0.122449143488938,185,57
2000-07-21,7,2000,False,91.0,91.0,LANDSAT/LE07/C02/T1_L2,203,LANDSAT/LE07/C02/T1_L2/LE07_185057_20000721,2000,False,False,LE07_L2SP_185057_20000721_20200917_02_T1,LE71850572000203EDC00,0,LE07,supplemental,False,LE07_185057_20000721,0.0,0.0,0.0,0.0,185,57
2000-10-09,10,2000,False,84.0,84.0,LANDSAT/LE07/C02/T1_L2,283,LANDSAT/LE07/C02/T1_L2/LE07_185057_20001009,2000,False,False,LE07_L2SP_185057_20001009_20200917_02_T1,LE71850572000283EDC00,0,LE07,supplemental,False,LE07_185057_20001009,0.0,0.0,0.0,0.0,185,57
2000-10-09,10,2000,False,95.0,95.0,LANDSAT/LE07/C02/T1_L2,283,LANDSAT/LE07/C02/T1_L2/LE07_185058_20001009,2000,False,False,LE07_L2SP_185058_20001009_20200917_02_T1,LE71850582000283EDC00,0,LE07,supplemental,False,LE07_185058_20001009,0.0,0.0,0.0,0.0,185,58
2000-10-25,10,2000,False,94.0,94.0,LANDSAT/LE07/C02/T1_L2,299,LANDSAT/LE07/C02/T1_L2/LE07_185057_20001025,2000,False,False,LE07_L2SP_185057_20001025_20201008_02_T1,LE71850572000299EDC00,0,LE07,supplemental,False,LE07_185057_20001025,0.0,0.0,0.0,0.0,185,57
2000-10-25,10,2000,False,84.0,84.0,LANDSAT/LE07/C02/T1_L2,299,LANDSAT/LE07/C02/T1_L2/LE07_185058_20001025,2000,False,False,LE07_L2SP_185058_20001025_20200917_02_T1,LE71850582000299EDC00,0,LE07,supplemental,False,LE07_185058_20001025,0.0,0.0,0.0,0.0,185,58
2000-12-12,12,2000,True,46.0,46.0,LANDSAT/LE07/C02/T1_L2,347,LANDSAT/LE07/C02/T1_L2/LE07_185057_20001212,2000,True,False,LE07_L2SP_185057_20001212_20200917_02_T1,LE71850572000347EDC00,0,LE07,supplemental,False,LE07_185057_20001212,88190890.51102583,32039344.071076516,0.1113932722219565,0.1105838404206829,185,57
2000-12-12,12,2000,True,53.0,53.0,LANDSAT/LE07/C02/T1_L2,347,LANDSAT/LE07/C02/T1_L2/LE07_185058_20001212,2000,True,False,LE07_L2SP_185058_20001212_20200917_02_T1,LE71850582000347EDC00,0,LE07,supplemental,False,LE07_185058_20001212,23953019.85651712,8203146.061698405,0.0302548851242335,0.0283131699894357,185,58
2000-12-28,12,2000,True,44.0,44.0,LANDSAT/LE07/C02/T1_L2,363,LANDSAT/LE07/C02/T1_L2/LE07_185057_20001228,2000,True,False,LE07_L2SP_185057_20001228_20200917_02_T1,LE71850572000363SGS00,0,LE07,supplemental,False,LE07_185057_20001228,270393269.345206,97730327.32709436,0.3415317714179299,0.3373163600798207,185,57
2000-12-28,12,2000,True,45.0,45.0,LANDSAT/LE07/C02/T1_L2,363,LANDSAT/LE07/C02/T1_L2/LE07_185058_20001228,2000,True,False,LE07_L2SP_185058_20001228_20200917_02_T1,LE71850582000363SGS00,0,LE07,supplemental,False,LE07_185058_20001228,81071537.07725139,15226394.505315335,0.1024008686925511,0.0525539217164622,185,58
2001-02-14,2,2001,True,24.0,24.0,LANDSAT/LE07/C02/T1_L2,45,LANDSAT/LE07/C02/T1_L2/LE07_185057_20010214,2000,True,False,LE07_L2SP_185057_20010214_20200917_02_T1,LE71850572001045SGS00,1,LE07,supplemental,False,LE07_185057_20010214,8104105.558276846,4498594.614194384,0.010236236773862,0.0155269055393211,185,57
2001-02-14,2,2001,True,87.0,87.0,LANDSAT/LE07/C02/T1_L2,45,LANDSAT/LE07/C02/T1_L2/LE07_185058_20010214,2000,True,False,LE07_L2SP_185058_20010214_20200917_02_T1,LE71850582001045SGS00,1,LE07,supplemental,False,LE07_185058_20010214,32351784.28429506,16282771.295376886,0.0408633033725398,0.0562000076699427,185,58
2001-03-02,3,2001,True,12.0,12.0,LANDSAT/LE07/C02/T1_L2,61,LANDSAT/LE07/C02/T1_L2/LE07_185058_20010302,2000,True,False,LE07_L2SP_185058_20010302_20200917_02_T1,LE71850582001061EDC00,1,LE07,supplemental,False,LE07_185058_20010302,184331808.20855647,40876554.84943826,0.2328281659472992,0.1410854856575624,185,58
2001-03-18,3,2001,True,16.0,16.0,LANDSAT/LE07/C02/T1_L2,77,LANDSAT/LE07/C02/T1_L2/LE07_185058_20010318,2000,True,False,LE07_L2SP_185058_20010318_20200917_02_T1,LE71850582001077EDC00,1,LE07,supplemental,False,LE07_185058_20010318,77165685.33185941,16883179.017521873,0.097467415767743,0.0582723157542073,185,58
2001-04-19,4,2001,False,100.0,100.0,LANDSAT/LE07/C02/T1_L2,109,LANDSAT/LE07/C02/T1_L2/LE07_185058_20010419,2000,False,False,LE07_L2SP_185058_20010419_20200917_02_T1,LE71850582001109EDC00,1,LE07,supplemental,False,LE07_185058_20010419,0.0,0.0,0.0,0.0,185,58
2001-05-05,5,2001,False,100.0,100.0,LANDSAT/LE07/C02/T1_L2,125,LANDSAT/LE07/C02/T1_L2/LE07_185057_20010505,2000,False,False,LE07_L2SP_185057_20010505_20200917_02_T1,LE71850572001125EDC00,1,LE07,supplemental,False,LE07_185057_20010505,0.0,0.0,0.0,0.0,185,57
2001-06-06,6,2001,True,78.0,78.0,LANDSAT/LE07/C02/T1_L2,157,LANDSAT/LE07/C02/T1_L2/LE07_185057_20010606,2000,True,False,LE07_L2SP_185057_20010606_20200917_02_T1,LE71850572001157EDC01,1,LE07,supplemental,False,LE07_185057_20010606,146074759.31593496,46505290.36133171,0.1845059658083665,0.1605130740700034,185,57
2001-10-12,10,2001,True,84.0,84.0,LANDSAT/LE07/C02/T1_L2,285,LANDSAT/LE07/C02/T1_L2/LE07_185057_20011012,2000,True,False,LE07_L2SP_185057_20011012_20200917_02_T1,LE71850572001285EDC00,1,LE07,supplemental,False,LE07_185057_20011012,16631820.952546962,9134453.430391677,0.0210075320498354,0.0315275786619015,185,57
2001-10-28,10,2001,False,97.0,97.0,LANDSAT/LE07/C02/T1_L2,301,LANDSAT/LE07/C02/T1_L2/LE07_185057_20011028,2000,False,False,LE07_L2SP_185057_20011028_20200917_02_T1,LE71850572001301SGS00,1,LE07,supplemental,False,LE07_185057_20011028,0.0,0.0,0.0,0.0,185,57
2001-11-13,11,2001,True,48.0,48.0,LANDSAT/LE07/C02/T1_L2,317,LANDSAT/LE07/C02/T1_L2/LE07_185057_20011113,2000,True,False,LE07_L2SP_185057_20011113_20200917_02_T1,LE71850572001317EDC00,1,LE07,supplemental,False,LE07_185057_20011113,154730298.71240115,60792000.07932655,0.1954387146516032,0.2098236724420093,185,57
2001-11-13,11,2001,True,87.0,87.0,LANDSAT/LE07/C02/T1_L2,317,LANDSAT/LE07/C02/T1_L2/LE07_185058_20011113,2000,True,False,LE07_L2SP_185058_20011113_20200917_02_T1,LE71850582001317EDC00,1,LE07,supplemental,False,LE07_185058_20011113,70309668.81650703,12601190.134011663,0.0888076311842389,0.0434930251942392,185,58
2001-11-29,11,2001,True,84.0,84.0,LANDSAT/LE07/C02/T1_L2,333,LANDSAT/LE07/C02/T1_L2/LE07_185058_20011129,2000,True,False,LE07_L2SP_185058_20011129_20200917_02_T1,LE71850582001333SGS00,1,LE07,supplemental,False,LE07_185058_20011129,52350732.4972175,12400174.79888557,0.0661238293693418,0.0427992204867402,185,58
2001-12-15,12,2001,True,59.0,59.0,LANDSAT/LE07/C02/T1_L2,349,LANDSAT/LE07/C02/T1_L2/LE07_185057_20011215,2000,True,False,LE07_L2SP_185057_20011215_20200917_02_T1,LE71850572001349SGS00,1,LE07,supplemental,False,LE07_185057_20011215,39704450.49170089,4680857.510418102,0.0501504025689851,0.0161559861779854,185,57
2001-12-15,12,2001,True,75.0,75.0,LANDSAT/LE07/C02/T1_L2,349,LANDSAT/LE07/C02/T1_L2/LE07_185058_20011215,2000,True,False,LE07_L2SP_185058_20011215_20200917_02_T1,LE71850582001349SGS00,1,LE07,supplemental,False,LE07_185058_20011215,22387647.377552703,563448.2239705403,0.0282776745340281,0.001944742325144,185,58
2001-12-31,12,2001,True,16.0,16.0,LANDSAT/LE07/C02/T1_L2,365,LANDSAT/LE07/C02/T1_L2/LE07_185057_20011231,2000,True,False,LE07_L2SP_185057_20011231_20200917_02_T1,LE71850572001365SGS00,1,LE07,supplemental,False,LE07_185057_20011231,446369646.6835425,167846355.34896147,0.5638062534182258,0.5793219278748846,185,57
2001-12-31,12,2001,True,37.0,37.0,LANDSAT/LE07/C02/T1_L2,365,LANDSAT/LE07/C02/T1_L2/LE07_185058_20011231,2000,True,False,LE07_L2SP_185058_20011231_20200917_02_T1,LE71850582001365SGS00,1,LE07,supplemental,False,LE07_185058_20011231,78979887.42165169,18480790.288456704,0.0997589212291671,0.0637864732677761,185,58
2004-02-07,2,2004,True,0.0,0.0,LANDSAT/LE07/C02/T1_L2,38,LANDSAT/LE07/C02/T1_L2/LE07_185057_20040207,2005,True,False,LE07_L2SP_185057_20040207_20200915_02_T1,LE71850572004038ASN01,-1,LE07,supplemental,True,LE07_185057_20040207,595216154.2074782,218511072.9745232,0.7518131942238448,0.7541912709062206,185,57
2004-02-07,2,2004,True,22.0,22.0,LANDSAT/LE07/C02/T1_L2,38,LANDSAT/LE07/C02/T1_L2/LE07_185058_20040207,2005,True,False,LE07_L2SP_185058_20040207_20200915_02_T1,LE71850582004038ASN01,-1,LE07,supplemental,True,LE07_185058_20040207,151503226.60029393,33305374.56006529,0.191362623343523,0.1149535464062821,185,58
2004-03-26,3,2004,True,81.0,81.0,LANDSAT/LE07/C02/T1_L2,86,LANDSAT/LE07/C02/T1_L2/LE07_185057_20040326,2005,True,False,LE07_L2SP_185057_20040326_20200915_02_T1,LE71850572004086ASN01,-1,LE07,supplemental,True,LE07_185057_20040326,117979177.49706218,45296373.73677979,0.1490186408063282,0.1563404966665838,185,57
2004-03-26,3,2004,True,76.0,76.0,LANDSAT/LE07/C02/T1_L2,86,LANDSAT/LE07/C02/T1_L2/LE07_185058_20040326,2005,True,False,LE07_L2SP_185058_20040326_20200915_02_T1,LE71850582004086ASN01,-1,LE07,supplemental,True,LE07_185058_20040326,40598105.87845698,3226047.260107182,0.0512791721867167,0.011134706584812,185,58
2004-12-23,12,2004,True,54.0,54.0,LANDSAT/LE07/C02/T1_L2,358,LANDSAT/LE07/C02/T1_L2/LE07_185057_20041223,2005,True,False,LE07_L2SP_185057_20041223_20200915_02_T1,LE71850572004358EDC00,-1,LE07,supplemental,True,LE07_185057_20041223,254604420.5656769,122549153.47234964,0.3215889913872701,0.4229785728825239,185,57
2005-01-08,1,2005,True,0.0,0.0,LANDSAT/LE07/C02/T1_L2,8,LANDSAT/LE07/C02/T1_L2/LE07_185058_20050108,2005,True,False,LE07_L2SP_185058_20050108_20200915_02_T1,LE71850582005008ASN00,0,LE07,supplemental,True,LE07_185058_20050108,149035945.3194719,31842260.46808749,0.1882462183070143,0.1099036060920986,185,58
2005-01-24,1,2005,False,88.0,88.0,LANDSAT/LE07/C02/T1_L2,24,LANDSAT/LE07/C02/T1_L2/LE07_185057_20050124,2005,False,False,LE07_L2SP_185057_20050124_20200914_02_T1,LE71850572005024ASN00,0,LE07,supplemental,True,LE07_185057_20050124,0.0,0.0,0.0,0.0,185,57
2005-01-24,1,2005,False,82.0,82.0,LANDSAT/LE07/C02/T1_L2,24,LANDSAT/LE07/C02/T1_L2/LE07_185058_20050124,2005,False,False,LE07_L2SP_185058_20050124_20200915_02_T1,LE71850582005024ASN00,0,LE07,supplemental,True,LE07_185058_20050124,0.0,0.0,0.0,0.0,185,58
2005-02-09,2,2005,True,69.0,69.0,LANDSAT/LE07/C02/T1_L2,40,LANDSAT/LE07/C02/T1_L2/LE07_185057_20050209,2005,True,False,LE07_L2SP_185057_20050209_20200915_02_T1,LE71850572005040ASN00,0,LE07,supplemental,True,LE07_185057_20050209,3807215.397730928,1989138.2270751952,0.0048088660716499,0.0068655133447671,185,57
2005-02-09,2,2005,False,100.0,100.0,LANDSAT/LE07/C02/T1_L2,40,LANDSAT/LE07/C02/T1_L2/LE07_185058_20050209,2005,False,False,LE07_L2SP_185058_20050209_20200914_02_T1,LE71850582005040ASN00,0,LE07,supplemental,True,LE07_185058_20050209,0.0,0.0,0.0,0.0,185,58
2005-03-29,3,2005,True,67.0,67.0,LANDSAT/LE07/C02/T1_L2,88,LANDSAT/LE07/C02/T1_L2/LE07_185057_20050329,2005,True,False,LE07_L2SP_185057_20050329_20200914_02_T1,LE71850572005088ASN00,0,LE07,supplemental,True,LE07_185057_20050329,46764327.54320261,27957748.151535213,0.0590676819126283,0.0964962064533031,185,57
2005-03-29,3,2005,True,73.0,73.0,LANDSAT/LE07/C02/T1_L2,88,LANDSAT/LE07/C02/T1_L2/LE07_185058_20050329,2005,True,False,LE07_L2SP_185058_20050329_20200914_02_T1,LE71850582005088ASN00,0,LE07,supplemental,True,LE07_185058_20050329,2530268.7561157225,300828.70277769794,0.0031959640583226,0.0010383106841429,185,58
2005-04-14,4,2005,True,73.0,73.0,LANDSAT/LE07/C02/T1_L2,104,LANDSAT/LE07/C02/T1_L2/LE07_185057_20050414,2005,True,False,LE07_L2SP_185057_20050414_20200914_02_T1,LE71850572005104ASN00,0,LE07,supplemental,True,LE07_185057_20050414,123179357.98858929,25152367.64240268,0.1555869509542291,0.0868134317419049,185,57
2005-04-14,4,2005,False,100.0,100.0,LANDSAT/LE07/C02/T1_L2,104,LANDSAT/LE07/C02/T1_L2/LE07_185058_20050414,2005,False,False,LE07_L2SP_185058_20050414_20200914_02_T1,LE71850582005104ASN00,0,LE07,supplemental,True,LE07_185058_20050414,0.0,0.0,0.0,0.0,185,58
2005-05-16,5,2005,False,93.0,93.0,LANDSAT/LE07/C02/T1_L2,136,LANDSAT/LE07/C02/T1_L2/LE07_185057_20050516,2005,False,False,LE07_L2SP_185057_20050516_20200914_02_T1,LE71850572005136ASN00,0,LE07,supplemental,True,LE07_185057_20050516,0.0,0.0,0.0,0.0,185,57
2005-05-16,5,2005,False,62.0,62.0,LANDSAT/LE07/C02/T1_L2,136,LANDSAT/LE07/C02/T1_L2/LE07_185058_20050516,2005,False,False,LE07_L2SP_185058_20050516_20200914_02_T1,LE71850582005136ASN00,0,LE07,supplemental,True,LE07_185058_20050516,697669.743768909,0.0,0.0008812215778562,0.0,185,58
2005-07-19,7,2005,True,62.0,62.0,LANDSAT/LE07/C02/T1_L2,200,LANDSAT/LE07/C02/T1_L2/LE07_185057_20050719,2005,True,False,LE07_L2SP_185057_20050719_20200914_02_T1,LE71850572005200ASN00,0,LE07,supplemental,True,LE07_185057_20050719,71589774.544829,16613720.778869867,0.0904245234170033,0.0573422802704275,185,57
2005-08-20,8,2005,True,88.0,88.0,LANDSAT/LE07/C02/T1_L2,232,LANDSAT/LE07/C02/T1_L2/LE07_185058_20050820,2005,True,False,LE07_L2SP_185058_20050820_20200914_02_T1,LE71850582005232ASN00,0,LE07,supplemental,True,LE07_185058_20050820,11919666.60853894,2290662.5737201767,0.01505564417851,0.0079062250446811,185,58
2005-10-23,10,2005,True,44.0,44.0,LANDSAT/LE07/C02/T1_L2,296,LANDSAT/LE07/C02/T1_L2/LE07_185057_20051023,2005,True,False,LE07_L2SP_185057_20051023_20200914_02_T1,LE71850572005296ASN00,0,LE07,supplemental,True,LE07_185057_20051023,52538792.97029574,23361134.450998586,0.0663613671847602,0.0806309879017615,185,57
2005-11-08,11,2005,True,5.0,5.0,LANDSAT/LE07/C02/T1_L2,312,LANDSAT/LE07/C02/T1_L2/LE07_185057_20051108,2005,True,False,LE07_L2SP_185057_20051108_20200914_02_T1,LE71850572005312ASN00,0,LE07,supplemental,True,LE07_185057_20051108,563891610.8376038,212298870.75533813,0.7122473913772045,0.7327498463457367,185,57
2005-11-08,11,2005,True,18.0,18.0,LANDSAT/LE07/C02/T1_L2,312,LANDSAT/LE07/C02/T1_L2/LE07_185058_20051108,2005,True,False,LE07_L2SP_185058_20051108_20200914_02_T1,LE71850582005312ASN00,0,LE07,supplemental,True,LE07_185058_20051108,149753344.75945234,32482397.375885144,0.1891523603206232,0.1121130395156495,185,58
2005-11-24,11,2005,True,66.0,66.0,LANDSAT/LE07/C02/T1_L2,328,LANDSAT/LE07/C02/T1_L2/LE07_185057_20051124,2005,True,False,LE07_L2SP_185057_20051124_20200914_02_T1,LE71850572005328ASN00,0,LE07,supplemental,True,LE07_185057_20051124,75648524.0331464,38042300.670824,0.0955511003685802,0.1313030534359716,185,57
2005-12-26,12,2005,True,59.0,59.0,LANDSAT/LE07/C02/T1_L2,360,LANDSAT/LE07/C02/T1_L2/LE07_185057_20051226,2005,True,False,LE07_L2SP_185057_20051226_20200914_02_T1,LE71850572005360ASN00,0,LE07,supplemental,True,LE07_185057_20051226,407856955.2951162,175557684.14379504,0.5151611531026231,0.6059375898868017,185,57
2005-12-26,12,2005,True,65.0,65.0,LANDSAT/LE07/C02/T1_L2,360,LANDSAT/LE07/C02/T1_L2/LE07_185058_20051226,2005,True,False,LE07_L2SP_185058_20051226_20200914_02_T1,LE71850582005360ASN01,0,LE07,supplemental,True,LE07_185058_20051226,129622187.79808444,30693568.99088255,0.1637248424154691,0.1059388958681304,185,58
2006-01-11,1,2006,True,39.0,39.0,LANDSAT/LE07/C02/T1_L2,11,LANDSAT/LE07/C02/T1_L2/LE07_185057_20060111,2005,True,False,LE07_L2SP_185057_20060111_20200914_02_T1,LE71850572006011ASN00,1,LE07,supplemental,True,LE07_185057_20060111,448646265.1261038,189385023.1067182,0.5666818336107861,0.6536626694616662,185,57
2006-01-11,1,2006,True,36.0,36.0,LANDSAT/LE07/C02/T1_L2,11,LANDSAT/LE07/C02/T1_L2/LE07_185058_20060111,2005,True,False,LE07_L2SP_185058_20060111_20200914_02_T1,LE71850582006011ASN00,1,LE07,supplemental,True,LE07_185058_20060111,47285306.623767085,19754700.170694027,0.0597257267992032,0.0681833749900818,185,58
2006-01-27,1,2006,True,19.0,19.0,LANDSAT/LE07/C02/T1_L2,27,LANDSAT/LE07/C02/T1_L2/LE07_185057_20060127,2005,True,False,LE07_L2SP_185057_20060127_20200914_02_T1,LE71850572006027ASN00,1,LE07,supplemental,True,LE07_185057_20060127,557658277.2274206,213331288.6477652,0.7043741130412452,0.73631323813086,185,57
2006-01-27,1,2006,True,74.0,74.0,LANDSAT/LE07/C02/T1_L2,27,LANDSAT/LE07/C02/T1_L2/LE07_185058_20060127,2005,True,False,LE07_L2SP_185058_20060127_20200914_02_T1,LE71850582006027ASN00,1,LE07,supplemental,True,LE07_185058_20060127,132991125.76563244,30308679.07289944,0.1679801234534925,0.104610447783321,185,58
2006-02-12,2,2006,True,79.0,79.0,LANDSAT/LE07/C02/T1_L2,43,LANDSAT/LE07/C02/T1_L2/LE07_185057_20060212,2005,True,False,LE07_L2SP_185057_20060212_20200914_02_T1,LE71850572006043ASN00,1,LE07,supplemental,True,LE07_185057_20060212,20376230.566776533,4527053.39721919,0.0257370685932524,0.0156251310683332,185,57
2006-02-12,2,2006,False,100.0,100.0,LANDSAT/LE07/C02/T1_L2,43,LANDSAT/LE07/C02/T1_L2/LE07_185058_20060212,2005,False,False,LE07_L2SP_185058_20060212_20200914_02_T1,LE71850582006043ASN00,1,LE07,supplemental,True,LE07_185058_20060212,0.0,0.0,0.0,0.0,185,58
2006-04-01,4,2006,True,14.0,14.0,LANDSAT/LE07/C02/T1_L2,91,LANDSAT/LE07/C02/T1_L2/LE07_185057_20060401,2005,True,False,LE07_L2SP_185057_20060401_20200914_02_T1,LE71850572006091ASN00,1,LE07,supplemental,True,LE07_185057_20060401,586021735.4019896,214743031.50272343,0.7401997907193818,0.7411858705493456,185,57
2006-04-17,4,2006,True,38.0,38.0,LANDSAT/LE07/C02/T1_L2,107,LANDSAT/LE07/C02/T1_L2/LE07_185057_20060417,2005,True,False,LE07_L2SP_185057_20060417_20200914_02_T1,LE71850572006107ASN00,1,LE07,supplemental,True,LE07_185057_20060417,13247322.857689235,27618.3778858858,0.016732597128206,9.532486951154664e-05,185,57
2006-04-17,4,2006,False,39.0,39.0,LANDSAT/LE07/C02/T1_L2,107,LANDSAT/LE07/C02/T1_L2/LE07_185058_20060417,2005,False,False,LE07_L2SP_185058_20060417_20200914_02_T1,LE71850582006107ASN00,1,LE07,supplemental,True,LE07_185058_20060417,9888.22039794922,0.0,1.248973924854236e-05,0.0,185,58
2006-11-11,11,2006,False,92.0,92.0,LANDSAT/LE07/C02/T1_L2,315,LANDSAT/LE07/C02/T1_L2/LE07_185057_20061111,2005,False,False,LE07_L2SP_185057_20061111_20210519_02_T1,LE71850572006315ASN01,1,LE07,supplemental,True,LE07_185057_20061111,0.0,0.0,0.0,0.0,185,57
2006-11-11,11,2006,False,77.0,77.0,LANDSAT/LE07/C02/T1_L2,315,LANDSAT/LE07/C02/T1_L2/LE07_185058_20061111,2005,False,False,LE07_L2SP_185058_20061111_20210519_02_T1,LE71850582006315ASN01,1,LE07,supplemental,True,LE07_185058_20061111,0.0,0.0,0.0,0.0,185,58
2006-11-27,11,2006,True,35.0,35.0,LANDSAT/LE07/C02/T1_L2,331,LANDSAT/LE07/C02/T1_L2/LE07_185057_20061127,2005,True,False,LE07_L2SP_185057_20061127_20200913_02_T1,LE71850572006331ASN00,1,LE07,supplemental,True,LE07_185057_20061127,218792627.14843795,82505497.41963896,0.2763553756502316,0.2847678385750382,185,57
2006-11-27,11,2006,True,33.0,33.0,LANDSAT/LE07/C02/T1_L2,331,LANDSAT/LE07/C02/T1_L2/LE07_185058_20061127,2005,True,False,LE07_L2SP_185058_20061127_20200913_02_T1,LE71850582006331ASN00,1,LE07,supplemental,True,LE07_185058_20061127,65673843.9934501,14353798.405783497,0.0829521545755349,0.0495421550707945,185,58
2006-12-13,12,2006,False,100.0,100.0,LANDSAT/LE07/C02/T1_L2,347,LANDSAT/LE07/C02/T1_L2/LE07_185057_20061213,2005,False,False,LE07_L2SP_185057_20061213_20200913_02_T1,LE71850572006347ASN00,1,LE07,supplemental,True,LE07_185057_20061213,0.0,0.0,0.0,0.0,185,57
2006-12-13,12,2006,False,100.0,100.0,LANDSAT/LE07/C02/T1_L2,347,LANDSAT/LE07/C02/T1_L2/LE07_185058_20061213,2005,False,False,LE07_L2SP_185058_20061213_20200913_02_T1,LE71850582006347ASN00,1,LE07,supplemental,True,LE07_185058_20061213,0.0,0.0,0.0,0.0,185,58
2006-12-29,12,2006,False,32.0,32.0,LANDSAT/LE07/C02/T1_L2,363,LANDSAT/LE07/C02/T1_L2/LE07_185057_20061229,2005,False,False,LE07_L2SP_185057_20061229_20200913_02_T1,LE71850572006363ASN00,1,LE07,supplemental,True,LE07_185057_20061229,0.0,0.0,0.0,0.0,185,57
2006-12-29,12,2006,False,49.0,49.0,LANDSAT/LE07/C02/T1_L2,363,LANDSAT/LE07/C02/T1_L2/LE07_185058_20061229,2005,False,False,LE07_L2SP_185058_20061229_20200913_02_T1,LE71850582006363ASN00,1,LE07,supplemental,True,LE07_185058_20061229,0.0,0.0,0.0,0.0,185,58
2009-01-03,1,2009,True,32.0,32.0,LANDSAT/LE07/C02/T1_L2,3,LANDSAT/LE07/C02/T1_L2/LE07_185057_20090103,2010,True,False,LE07_L2SP_185057_20090103_20200912_02_T1,LE71850572009003ASN00,-1,LE07,supplemental,True,LE07_185057_20090103,187139254.4208448,67568346.10788791,0.2363742308340671,0.2332122401416282,185,57
2009-02-20,2,2009,True,41.0,41.0,LANDSAT/LE07/C02/T1_L2,51,LANDSAT/LE07/C02/T1_L2/LE07_185057_20090220,2010,True,False,LE07_L2SP_185057_20090220_20200912_02_T1,LE71850572009051ASN00,-1,LE07,supplemental,True,LE07_185057_20090220,579408116.9696485,213486239.8996326,0.7318461773911002,0.7368480525912147,185,57
2009-02-20,2,2009,True,19.0,19.0,LANDSAT/LE07/C02/T1_L2,51,LANDSAT/LE07/C02/T1_L2/LE07_185058_20090220,2010,True,False,LE07_L2SP_185058_20090220_20200912_02_T1,LE71850582009051ASN00,-1,LE07,supplemental,True,LE07_185058_20090220,132003831.81303231,24592792.98330175,0.1667330796444573,0.0848820590312714,185,58
2009-03-08,3,2009,False,100.0,100.0,LANDSAT/LE07/C02/T1_L2,67,LANDSAT/LE07/C02/T1_L2/LE07_185057_20090308,2010,False,False,LE07_L2SP_185057_20090308_20200912_02_T1,LE71850572009067ASN01,-1,LE07,supplemental,True,LE07_185057_20090308,0.0,0.0,0.0,0.0,185,57
2009-03-08,3,2009,False,100.0,100.0,LANDSAT/LE07/C02/T1_L2,67,LANDSAT/LE07/C02/T1_L2/LE07_185058_20090308,2010,False,False,LE07_L2SP_185058_20090308_20200912_02_T1,LE71850582009067ASN00,-1,LE07,supplemental,True,LE07_185058_20090308,0.0,0.0,0.0,0.0,185,58
2009-03-24,3,2009,True,18.0,18.0,LANDSAT/LE07/C02/T1_L2,83,LANDSAT/LE07/C02/T1_L2/LE07_185057_20090324,2010,True,False,LE07_L2SP_185057_20090324_20200912_02_T1,LE71850572009083ASN00,-1,LE07,supplemental,True,LE07_185057_20090324,264031932.500347,112061126.28190848,0.3334968131274662,0.386779132513751,185,57
2009-03-24,3,2009,True,16.0,16.0,LANDSAT/LE07/C02/T1_L2,83,LANDSAT/LE07/C02/T1_L2/LE07_185058_20090324,2010,True,False,LE07_L2SP_185058_20090324_20200912_02_T1,LE71850582009083ASN00,-1,LE07,supplemental,True,LE07_185058_20090324,5484731.604132439,1318823.6604714787,0.0069277245881433,0.0045519216900653,185,58
2009-05-11,5,2009,True,44.0,44.0,LANDSAT/LE07/C02/T1_L2,131,LANDSAT/LE07/C02/T1_L2/LE07_185057_20090511,2010,True,False,LE07_L2SP_185057_20090511_20200912_02_T1,LE71850572009131ASN00,-1,LE07,supplemental,True,LE07_185057_20090511,233950186.09920892,73030108.40126356,0.2955007780907762,0.252063520259176,185,57
2009-05-11,5,2009,True,84.0,84.0,LANDSAT/LE07/C02/T1_L2,131,LANDSAT/LE07/C02/T1_L2/LE07_185058_20090511,2010,True,False,LE07_L2SP_185058_20090511_20200912_02_T1,LE71850582009131ASN01,-1,LE07,supplemental,True,LE07_185058_20090511,70666668.75908826,10435726.628604429,0.0892585552145638,0.0360189249071817,185,58
2009-05-27,5,2009,True,84.0,84.0,LANDSAT/LE07/C02/T1_L2,147,LANDSAT/LE07/C02/T1_L2/LE07_185058_20090527,2010,True,False,LE07_L2SP_185058_20090527_20200912_02_T1,LE71850582009147ASN00,-1,LE07,supplemental,True,LE07_185058_20090527,4026477.3457713407,34164.64892578125,0.0050858142431045,0.0001179193330692,185,58
2009-10-18,10,2009,False,95.0,95.0,LANDSAT/LE07/C02/T1_L2,291,LANDSAT/LE07/C02/T1_L2/LE07_185057_20091018,2010,False,False,LE07_L2SP_185057_20091018_20200911_02_T1,LE71850572009291ASN00,-1,LE07,supplemental,True,LE07_185057_20091018,0.0,0.0,0.0,0.0,185,57
2009-10-18,10,2009,True,76.0,76.0,LANDSAT/LE07/C02/T1_L2,291,LANDSAT/LE07/C02/T1_L2/LE07_185058_20091018,2010,True,False,LE07_L2SP_185058_20091018_20200911_02_T1,LE71850582009291ASN00,-1,LE07,supplemental,True,LE07_185058_20091018,60395033.96090329,9631466.109183757,0.0762845280263964,0.0332430186108802,185,58
2009-11-19,11,2009,False,92.0,92.0,LANDSAT/LE07/C02/T1_L2,323,LANDSAT/LE07/C02/T1_L2/LE07_185058_20091119,2010,False,False,LE07_L2SP_185058_20091119_20200911_02_T1,LE71850582009323ASN00,-1,LE07,supplemental,True,LE07_185058_20091119,0.0,0.0,0.0,0.0,185,58
2009-12-05,12,2009,False,67.0,67.0,LANDSAT/LE07/C02/T1_L2,339,LANDSAT/LE07/C02/T1_L2/LE07_185057_20091205,2010,False,False,LE07_L2SP_185057_20091205_20200911_02_T1,LE71850572009339ASN00,-1,LE07,supplemental,True,LE07_185057_20091205,309860.3184443455,0.0,0.000391382314015,0.0,185,57
2009-12-05,12,2009,False,81.0,81.0,LANDSAT/LE07/C02/T1_L2,339,LANDSAT/LE07/C02/T1_L2/LE07_185058_20091205,2010,False,False,LE07_L2SP_185058_20091205_20200911_02_T1,LE71850582009339ASN00,-1,LE07,supplemental,True,LE07_185058_20091205,590522.818600404,0.0,0.0007458850761622,0.0,185,58
2009-12-21,12,2009,True,74.0,74.0,LANDSAT/LE07/C02/T1_L2,355,LANDSAT/LE07/C02/T1_L2/LE07_185057_20091221,2010,True,False,LE07_L2SP_185057_20091221_20200911_02_T1,LE71850572009355ASN00,-1,LE07,supplemental,True,LE07_185057_20091221,335520097.9896385,124108830.93608162,0.4237929948856189,0.4283618018080116,185,57
2009-12-21,12,2009,True,65.0,65.0,LANDSAT/LE07/C02/T1_L2,355,LANDSAT/LE07/C02/T1_L2/LE07_185058_20091221,2010,True,False,LE07_L2SP_185058_20091221_20200911_02_T1,LE71850582009355ASN00,-1,LE07,supplemental,True,LE07_185058_20091221,44918641.47252651,8376105.052926576,0.0567364092639936,0.0289101381871263,185,58
2010-01-06,1,2010,False,61.0,61.0,LANDSAT/LE07/C02/T1_L2,6,LANDSAT/LE07/C02/T1_L2/LE07_185057_20100106,2010,False,False,LE07_L2SP_185057_20100106_20200911_02_T1,LE71850572010006ASN00,0,LE07,supplemental,True,LE07_185057_20100106,706001.7098723765,0.0,0.000891745623627,0.0,185,57
2010-01-06,1,2010,False,87.0,87.0,LANDSAT/LE07/C02/T1_L2,6,LANDSAT/LE07/C02/T1_L2/LE07_185058_20100106,2010,False,False,LE07_L2SP_185058_20100106_20200911_02_T1,LE71850582010006ASN00,0,LE07,supplemental,True,LE07_185058_20100106,5151350.296429081,0.0,0.0065066330837088,0.0,185,58
2010-01-22,1,2010,True,4.0,4.0,LANDSAT/LE07/C02/T1_L2,22,LANDSAT/LE07/C02/T1_L2/LE07_185057_20100122,2010,True,False,LE07_L2SP_185057_20100122_20200911_02_T1,LE71850572010022ASN00,0,LE07,supplemental,True,LE07_185057_20100122,542954747.865403,199853664.62063447,0.685802192071222,0.6897952001410732,185,57
2010-01-22,1,2010,True,52.0,52.0,LANDSAT/LE07/C02/T1_L2,22,LANDSAT/LE07/C02/T1_L2/LE07_185058_20100122,2010,True,False,LE07_L2SP_185058_20100122_20200911_02_T1,LE71850582010022ASN00,0,LE07,supplemental,True,LE07_185058_20100122,123406698.00870912,20990587.63182039,0.1558741024797598,0.07244904227328,185,58
2010-02-07,2,2010,True,58.0,58.0,LANDSAT/LE07/C02/T1_L2,38,LANDSAT/LE07/C02/T1_L2/LE07_185057_20100207,2010,True,False,LE07_L2SP_185057_20100207_20200911_02_T1,LE71850572010038ASN00,0,LE07,supplemental,True,LE07_185057_20100207,744153.8129995308,590607.7086181641,0.0009399352675331,0.0020384833240083,185,57
2010-02-07,2,2010,False,100.0,100.0,LANDSAT/LE07/C02/T1_L2,38,LANDSAT/LE07/C02/T1_L2/LE07_185058_20100207,2010,False,False,LE07_L2SP_185058_20100207_20200911_02_T1,LE71850582010038ASN00,0,LE07,supplemental,True,LE07_185058_20100207,0.0,0.0,0.0,0.0,185,58
2010-02-23,2,2010,False,96.0,96.0,LANDSAT/LE07/C02/T1_L2,54,LANDSAT/LE07/C02/T1_L2/LE07_185057_20100223,2010,False,False,LE07_L2SP_185057_20100223_20200911_02_T1,LE71850572010054ASN00,0,LE07,supplemental,True,LE07_185057_20100223,0.0,0.0,0.0,0.0,185,57
2010-02-23,2,2010,False,96.0,96.0,LANDSAT/LE07/C02/T1_L2,54,LANDSAT/LE07/C02/T1_L2/LE07_185058_20100223,2010,False,False,LE07_L2SP_185058_20100223_20200911_02_T1,LE71850582010054ASN00,0,LE07,supplemental,True,LE07_185058_20100223,0.0,0.0,0.0,0.0,185,58
2010-03-27,3,2010,True,82.0,82.0,LANDSAT/LE07/C02/T1_L2,86,LANDSAT/LE07/C02/T1_L2/LE07_185057_20100327,2010,True,False,LE07_L2SP_185057_20100327_20200911_02_T1,LE71850572010086ASN00,0,LE07,supplemental,True,LE07_185057_20100327,159615850.92673102,73072813.81399573,0.2016096201114748,0.2522109180503479,185,57
2010-03-27,3,2010,True,89.0,89.0,LANDSAT/LE07/C02/T1_L2,86,LANDSAT/LE07/C02/T1_L2/LE07_185058_20100327,2010,True,False,LE07_L2SP_185058_20100327_20200911_02_T1,LE71850582010086ASN00,0,LE07,supplemental,True,LE07_185058_20100327,4022844.8578711418,1345849.536387724,0.0050812260740638,0.0046452015382083,185,58
2010-05-14,5,2010,False,96.0,96.0,LANDSAT/LE07/C02/T1_L2,134,LANDSAT/LE07/C02/T1_L2/LE07_185057_20100514,2010,False,False,LE07_L2SP_185057_20100514_20200911_02_T1,LE71850572010134ASN00,0,LE07,supplemental,True,LE07_185057_20100514,0.0,0.0,0.0,0.0,185,57
2010-07-01,7,2010,False,88.0,88.0,LANDSAT/LE07/C02/T1_L2,182,LANDSAT/LE07/C02/T1_L2/LE07_185057_20100701,2010,False,False,LE07_L2SP_185057_20100701_20200911_02_T1,LE71850572010182ASN00,0,LE07,supplemental,True,LE07_185057_20100701,0.0,0.0,0.0,0.0,185,57
2010-09-19,9,2010,True,62.0,62.0,LANDSAT/LE07/C02/T1_L2,262,LANDSAT/LE07/C02/T1_L2/LE07_185057_20100919,2010,True,False,LE07_L2SP_185057_20100919_20200911_02_T1,LE71850572010262ASN00,0,LE07,supplemental,True,LE07_185057_20100919,193269507.92430633,78326915.7057634,0.2441173094371266,0.2703454580042341,185,57
2010-11-06,11,2010,True,48.0,48.0,LANDSAT/LE07/C02/T1_L2,310,LANDSAT/LE07/C02/T1_L2/LE07_185057_20101106,2010,True,False,LE07_L2SP_185057_20101106_20200910_02_T1,LE71850572010310ASN00,0,LE07,supplemental,True,LE07_185057_20101106,18449140.234599274,3224151.582950845,0.0233029748141258,0.0111281636524823,185,57
2010-11-06,11,2010,False,55.0,55.0,LANDSAT/LE07/C02/T1_L2,310,LANDSAT/LE07/C02/T1_L2/LE07_185058_20101106,2010,False,False,LE07_L2SP_185058_20101106_20200910_02_T1,LE71850582010310ASN00,0,LE07,supplemental,True,LE07_185058_20101106,2165968.7235313263,0.0,0.0027358193374224,0.0,185,58
2010-11-22,11,2010,True,79.0,79.0,LANDSAT/LE07/C02/T1_L2,326,LANDSAT/LE07/C02/T1_L2/LE07_185058_20101122,2010,True,False,LE07_L2SP_185058_20101122_20200910_02_T1,LE71850582010326ASN00,0,LE07,supplemental,True,LE07_185058_20101122,28443330.497229483,18217926.136814967,0.0359265638278235,0.0628791972844419,185,58
2010-12-08,12,2010,True,45.0,45.0,LANDSAT/LE07/C02/T1_L2,342,LANDSAT/LE07/C02/T1_L2/LE07_185057_20101208,2010,True,False,LE07_L2SP_185057_20101208_20200910_02_T1,LE71850572010342ASN00,0,LE07,supplemental,True,LE07_185057_20101208,83788070.41394307,22982989.305173628,0.1058321021875376,0.0793258194073942,185,57
2010-12-08,12,2010,True,38.0,38.0,LANDSAT/LE07/C02/T1_L2,342,LANDSAT/LE07/C02/T1_L2/LE07_185058_20101208,2010,True,False,LE07_L2SP_185058_20101208_20200910_02_T1,LE71850582010342ASN00,0,LE07,supplemental,True,LE07_185058_20101208,21319239.909991335,3495541.9715260225,0.0269281768343405,0.012064867954397,185,58
2010-12-24,12,2010,True,42.0,42.0,LANDSAT/LE07/C02/T1_L2,358,LANDSAT/LE07/C02/T1_L2/LE07_185057_20101224,2010,True,False,LE07_L2SP_185057_20101224_20200910_02_T1,LE71850572010358ASN00,0,LE07,supplemental,True,LE07_185057_20101224,537384010.0502115,203841081.7261269,0.678765833663579,0.7035577758013702,185,57
2010-12-24,12,2010,True,73.0,73.0,LANDSAT/LE07/C02/T1_L2,358,LANDSAT/LE07/C02/T1_L2/LE07_185058_20101224,2010,True,False,LE07_L2SP_185058_20101224_20200910_02_T1,LE71850582010358ASN00,0,LE07,supplemental,True,LE07_185058_20101224,115066831.98400636,23794275.893618844,0.145340078375896,0.0821259761906617,185,58
2011-01-09,1,2011,True,0.0,0.0,LANDSAT/LE07/C02/T1_L2,9,LANDSAT/LE07/C02/T1_L2/LE07_185057_20110109,2010,True,False,LE07_L2SP_185057_20110109_20200910_02_T1,LE71850572011009ASN00,1,LE07,supplemental,True,LE07_185057_20110109,593333244.5893338,217762524.43984547,0.7494349047832016,0.7516076546023942,185,57
2011-01-09,1,2011,True,25.0,25.0,LANDSAT/LE07/C02/T1_L2,9,LANDSAT/LE07/C02/T1_L2/LE07_185058_20110109,2010,True,False,LE07_L2SP_185058_20110109_20200910_02_T1,LE71850582011009ASN01,1,LE07,supplemental,True,LE07_185058_20110109,133979073.89994712,25089791.610383656,0.1692279935546922,0.086597450480753,185,58
2011-03-30,3,2011,False,64.0,64.0,LANDSAT/LE07/C02/T1_L2,89,LANDSAT/LE07/C02/T1_L2/LE07_185058_20110330,2010,False,False,LE07_L2SP_185058_20110330_20200910_02_T1,LE71850582011089ASN00,1,LE07,supplemental,True,LE07_185058_20110330,0.0,0.0,0.0,0.0,185,58
2011-05-17,5,2011,False,92.0,92.0,LANDSAT/LE07/C02/T1_L2,137,LANDSAT/LE07/C02/T1_L2/LE07_185058_20110517,2010,False,False,LE07_L2SP_185058_20110517_20200910_02_T1,LE71850582011137ASN00,1,LE07,supplemental,True,LE07_185058_20110517,0.0,0.0,0.0,0.0,185,58
2011-09-06,9,2011,True,73.0,73.0,LANDSAT/LE07/C02/T1_L2,249,LANDSAT/LE07/C02/T1_L2/LE07_185057_20110906,2010,True,False,LE07_L2SP_185057_20110906_20200909_02_T1,LE71850572011249ASN00,1,LE07,supplemental,True,LE07_185057_20110906,1345349.1301183363,156373.70086191216,0.0016993006989322,0.0005397240450286,185,57
2011-09-06,9,2011,True,42.0,42.0,LANDSAT/LE07/C02/T1_L2,249,LANDSAT/LE07/C02/T1_L2/LE07_185058_20110906,2010,True,False,LE07_L2SP_185058_20110906_20200909_02_T1,LE71850582011249ASN00,1,LE07,supplemental,True,LE07_185058_20110906,2031939.3818155923,120100.23422492533,0.0025665278509553,0.0004145261247094,185,58
2011-10-24,10,2011,False,100.0,100.0,LANDSAT/LE07/C02/T1_L2,297,LANDSAT/LE07/C02/T1_L2/LE07_185058_20111024,2010,False,False,LE07_L2SP_185058_20111024_20200909_02_T1,LE71850582011297ASN00,1,LE07,supplemental,True,LE07_185058_20111024,0.0,0.0,0.0,0.0,185,58
2011-11-09,11,2011,True,79.0,79.0,LANDSAT/LE07/C02/T1_L2,313,LANDSAT/LE07/C02/T1_L2/LE07_185057_20111109,2010,True,False,LE07_L2SP_185057_20111109_20200909_02_T1,LE71850572011313ASN00,1,LE07,supplemental,True,LE07_185057_20111109,69775660.86777559,35454321.86638159,0.0881331296290665,0.1223706410093101,185,57
2011-11-09,11,2011,True,58.0,58.0,LANDSAT/LE07/C02/T1_L2,313,LANDSAT/LE07/C02/T1_L2/LE07_185058_20111109,2010,True,False,LE07_L2SP_185058_20111109_20200909_02_T1,LE71850582011313ASN00,1,LE07,supplemental,True,LE07_185058_20111109,39834140.13909528,4801717.170633951,0.0503142126191259,0.0165731334625539,185,58
2011-11-25,11,2011,True,46.0,46.0,LANDSAT/LE07/C02/T1_L2,329,LANDSAT/LE07/C02/T1_L2/LE07_185057_20111125,2010,True,False,LE07_L2SP_185057_20111125_20200909_02_T1,LE71850572011329ASN00,1,LE07,supplemental,True,LE07_185057_20111125,242246486.1082233,98820043.39271528,0.3059797742771636,0.3410775165890534,185,57
2011-11-25,11,2011,True,68.0,68.0,LANDSAT/LE07/C02/T1_L2,329,LANDSAT/LE07/C02/T1_L2/LE07_185058_20111125,2010,True,False,LE07_L2SP_185058_20111125_20200909_02_T1,LE71850582011329ASN00,1,LE07,supplemental,True,LE07_185058_20111125,57025822.84627231,14923226.268129364,0.0720289019782797,0.05150753612607,185,58
2011-12-11,12,2011,True,0.0,0.0,LANDSAT/LE07/C02/T1_L2,345,LANDSAT/LE07/C02/T1_L2/LE07_185057_20111211,2010,True,False,LE07_L2SP_185057_20111211_20200909_02_T1,LE71850572011345ASN00,1,LE07,supplemental,True,LE07_185057_20111211,595830149.291278,218663137.81239495,0.7525887269474215,0.7547161229046729,185,57
2011-12-11,12,2011,True,18.0,18.0,LANDSAT/LE07/C02/T1_L2,345,LANDSAT/LE07/C02/T1_L2/LE07_185058_20111211,2010,True,False,LE07_L2SP_185058_20111211_20200909_02_T1,LE71850582011345ASN00,1,LE07,supplemental,True,LE07_185058_20111211,128764724.56098154,22854831.71647183,0.1626417868386691,0.0788834833125522,185,58
2011-12-27,12,2011,True,41.0,41.0,LANDSAT/LE07/C02/T1_L2,361,LANDSAT/LE07/C02/T1_L2/LE07_185057_20111227,2010,True,False,LE07_L2SP_185057_20111227_20200909_02_T1,LE71850572011361ASN00,1,LE07,supplemental,True,LE07_185057_20111227,118859191.5802409,43081087.98546549,0.1501301801927508,0.1486944348287978,185,57
2011-12-27,12,2011,True,51.0,51.0,LANDSAT/LE07/C02/T1_L2,361,LANDSAT/LE07/C02/T1_L2/LE07_185058_20111227,2010,True,False,LE07_L2SP_185058_20111227_20200909_02_T1,LE71850582011361ASN00,1,LE07,supplemental,True,LE07_185058_20111227,38897258.469707415,4479792.33029043,0.0491308441982702,0.0154620094303944,185,58
2014-01-01,1,2014,True,48.0,48.0,LANDSAT/LE07/C02/T1_L2,1,LANDSAT/LE07/C02/T1_L2/LE07_185057_20140101,2015,True,False,LE07_L2SP_185057_20140101_20200907_02_T1,LE71850572014001SG100,-1,LE07,supplemental,True,LE07_185057_20140101,214518038.01819795,84878778.0410843,0.2709561732171605,0.2929592199258298,185,57
2014-01-01,1,2014,True,38.0,38.0,LANDSAT/LE07/C02/T1_L2,1,LANDSAT/LE07/C02/T1_L2/LE07_185058_20140101,2015,True,False,LE07_L2SP_185058_20140101_20200907_02_T1,LE71850582014001SG100,-1,LE07,supplemental,True,LE07_185058_20140101,43357510.24589315,8082276.482257682,0.0547645557687528,0.0278959884686488,185,58
2014-01-09,1,2014,True,35.63,35.63,LANDSAT/LC08/C02/T1_L2,9,LANDSAT/LC08/C02/T1_L2/LC08_185057_20140109,2015,True,False,LC08_L2SP_185057_20140109_20200912_02_T1,LC81850572014009LGN01,-1,LC08,primary,False,LC08_185057_20140109,86574245.5155982,44755550.32854196,0.1093512996892104,0.1544738439242659,185,57
2014-01-17,1,2014,True,71.0,71.0,LANDSAT/LE07/C02/T1_L2,17,LANDSAT/LE07/C02/T1_L2/LE07_185057_20140117,2015,True,False,LE07_L2SP_185057_20140117_20200907_02_T1,LE71850572014017SG100,-1,LE07,supplemental,True,LE07_185057_20140117,107861784.0778198,21694686.438270237,0.1362394347818081,0.074879240278586,185,57
2014-01-17,1,2014,True,88.0,88.0,LANDSAT/LE07/C02/T1_L2,17,LANDSAT/LE07/C02/T1_L2/LE07_185058_20140117,2015,True,False,LE07_L2SP_185058_20140117_20200906_02_T1,LE71850582014017SG100,-1,LE07,supplemental,True,LE07_185058_20140117,77572216.47025695,11740916.487327913,0.0979809022911675,0.0405237895116374,185,58
2014-01-25,1,2014,True,60.52,60.52,LANDSAT/LC08/C02/T1_L2,25,LANDSAT/LC08/C02/T1_L2/LC08_185057_20140125,2015,True,False,LC08_L2SP_185057_20140125_20200912_02_T1,LC81850572014025LGN01,-1,LC08,primary,False,LC08_185057_20140125,473742211.9590464,201323407.81613967,0.5983803414842293,0.6948680208152598,185,57
2014-01-25,1,2014,True,60.38,60.38,LANDSAT/LC08/C02/T1_L2,25,LANDSAT/LC08/C02/T1_L2/LC08_185058_20140125,2015,True,False,LC08_L2SP_185058_20140125_20200912_02_T1,LC81850582014025LGN01,-1,LC08,primary,False,LC08_185058_20140125,215361002.0167653,84512822.5207369,0.2720209149112472,0.2916961239406751,185,58
2014-02-10,2,2014,False,95.0,95.0,LANDSAT/LC08/C02/T1_L2,41,LANDSAT/LC08/C02/T1_L2/LC08_185057_20140210,2015,False,False,LC08_L2SP_185057_20140210_20200912_02_T1,LC81850572014041LGN01,-1,LC08,primary,False,LC08_185057_20140210,0.0,0.0,0.0,0.0,185,57
2014-02-18,2,2014,True,17.0,17.0,LANDSAT/LE07/C02/T1_L2,49,LANDSAT/LE07/C02/T1_L2/LE07_185057_20140218,2015,True,False,LE07_L2SP_185057_20140218_20200906_02_T1,LE71850572014049SG100,-1,LE07,supplemental,True,LE07_185057_20140218,242804679.65250623,98307487.60052612,0.3066848244821287,0.3393084295626647,185,57
2014-02-18,2,2014,True,46.0,46.0,LANDSAT/LE07/C02/T1_L2,49,LANDSAT/LE07/C02/T1_L2/LE07_185058_20140218,2015,True,False,LE07_L2SP_185058_20140218_20200906_02_T1,LE71850582014049SG100,-1,LE07,supplemental,True,LE07_185058_20140218,45765739.92962933,8089817.768983607,0.0578063731625785,0.0279220172302244,185,58
2014-02-26,2,2014,False,100.0,100.0,LANDSAT/LC08/C02/T1_L2,57,LANDSAT/LC08/C02/T1_L2/LC08_185057_20140226,2015,False,False,LC08_L2SP_185057_20140226_20200911_02_T1,LC81850572014057LGN01,-1,LC08,primary,False,LC08_185057_20140226,0.0,0.0,0.0,0.0,185,57
2014-02-26,2,2014,False,100.0,100.0,LANDSAT/LC08/C02/T1_L2,57,LANDSAT/LC08/C02/T1_L2/LC08_185058_20140226,2015,False,False,LC08_L2SP_185058_20140226_20200911_02_T1,LC81850582014057LGN01,-1,LC08,primary,False,LC08_185058_20140226,0.0,0.0,0.0,0.0,185,58
2014-03-06,3,2014,True,65.0,65.0,LANDSAT/LE07/C02/T1_L2,65,LANDSAT/LE07/C02/T1_L2/LE07_185057_20140306,2015,True,False,LE07_L2SP_185057_20140306_20200906_02_T1,LE71850572014065SG100,-1,LE07,supplemental,True,LE07_185057_20140306,192057119.85749897,87484521.1406317,0.24258595088998,0.3019529458416414,185,57
2014-03-06,3,2014,False,100.0,100.0,LANDSAT/LE07/C02/T1_L2,65,LANDSAT/LE07/C02/T1_L2/LE07_185058_20140306,2015,False,False,LE07_L2SP_185058_20140306_20200906_02_T1,LE71850582014065SG100,-1,LE07,supplemental,True,LE07_185058_20140306,0.0,0.0,0.0,0.0,185,58
2014-03-14,3,2014,True,42.66,42.66,LANDSAT/LC08/C02/T1_L2,73,LANDSAT/LC08/C02/T1_L2/LC08_185057_20140314,2015,True,False,LC08_L2SP_185057_20140314_20200911_02_T1,LC81850572014073LGN01,-1,LC08,primary,False,LC08_185057_20140314,230849395.15520307,80675210.90426601,0.2915841916074382,0.2784506021331459,185,57
2014-03-14,3,2014,True,71.01,71.01,LANDSAT/LC08/C02/T1_L2,73,LANDSAT/LC08/C02/T1_L2/LC08_185058_20140314,2015,True,False,LC08_L2SP_185058_20140314_20200911_02_T1,LC81850582014073LGN01,-1,LC08,primary,False,LC08_185058_20140314,112163349.91018522,43250530.903158285,0.1416727112910802,0.1492792672938129,185,58
2014-03-22,3,2014,True,59.0,59.0,LANDSAT/LE07/C02/T1_L2,81,LANDSAT/LE07/C02/T1_L2/LE07_185057_20140322,2015,True,False,LE07_L2SP_185057_20140322_20200906_02_T1,LE71850572014081ASN00,-1,LE07,supplemental,True,LE07_185057_20140322,23685200.948368806,883901.8253023035,0.029916605009715,0.0030507883738175,185,57
2014-03-22,3,2014,False,61.0,61.0,LANDSAT/LE07/C02/T1_L2,81,LANDSAT/LE07/C02/T1_L2/LE07_185058_20140322,2015,False,False,LE07_L2SP_185058_20140322_20200906_02_T1,LE71850582014081ASN00,-1,LE07,supplemental,True,LE07_185058_20140322,2396840.492625517,0.0,0.0030274317893894,0.0,185,58
2014-03-30,3,2014,True,70.48,70.48,LANDSAT/LC08/C02/T1_L2,89,LANDSAT/LC08/C02/T1_L2/LC08_185057_20140330,2015,True,False,LC08_L2SP_185057_20140330_20200911_02_T1,LC81850572014089LGN01,-1,LC08,primary,False,LC08_185057_20140330,121902669.50181308,43823045.50227457,0.153974375014401,0.1512553022253251,185,57
2014-04-23,4,2014,True,86.0,86.0,LANDSAT/LE07/C02/T1_L2,113,LANDSAT/LE07/C02/T1_L2/LE07_185057_20140423,2015,True,False,LE07_L2SP_185057_20140423_20200906_02_T1,LE71850572014113ASN00,-1,LE07,supplemental,True,LE07_185057_20140423,41689984.832872584,6414157.955539119,0.0526583165506965,0.0221384750641232,185,57
2014-04-23,4,2014,False,100.0,100.0,LANDSAT/LE07/C02/T1_L2,113,LANDSAT/LE07/C02/T1_L2/LE07_185058_20140423,2015,False,False,LE07_L2SP_185058_20140423_20200906_02_T1,LE71850582014113ASN00,-1,LE07,supplemental,True,LE07_185058_20140423,0.0,0.0,0.0,0.0,185,58
2014-05-01,5,2014,True,32.44,32.44,LANDSAT/LC08/C02/T1_L2,121,LANDSAT/LC08/C02/T1_L2/LC08_185057_20140501,2015,True,False,LC08_L2SP_185057_20140501_20200911_02_T1,LC81850572014121LGN01,-1,LC08,primary,False,LC08_185057_20140501,148186457.83175838,67797672.28171054,0.1871732368412451,0.2340037597480855,185,57
2014-05-01,5,2014,True,38.61,38.61,LANDSAT/LC08/C02/T1_L2,121,LANDSAT/LC08/C02/T1_L2/LC08_185058_20140501,2015,True,False,LC08_L2SP_185058_20140501_20200911_02_T1,LC81850582014121LGN01,-1,LC08,primary,False,LC08_185058_20140501,21589350.19308316,7186715.73896197,0.0272693511678805,0.0248049593232349,185,58
2014-05-09,5,2014,True,21.0,21.0,LANDSAT/LE07/C02/T1_L2,129,LANDSAT/LE07/C02/T1_L2/LE07_185057_20140509,2015,True,False,LE07_L2SP_185057_20140509_20200906_02_T1,LE71850572014129SG100,-1,LE07,supplemental,True,LE07_185057_20140509,514755979.8489799,193603545.0448946,0.65018453333373,0.6682229037719428,185,57
2014-05-09,5,2014,True,41.0,41.0,LANDSAT/LE07/C02/T1_L2,129,LANDSAT/LE07/C02/T1_L2/LE07_185058_20140509,2015,True,False,LE07_L2SP_185058_20140509_20200906_02_T1,LE71850582014129SG100,-1,LE07,supplemental,True,LE07_185058_20140509,133333347.42761086,24661028.04094264,0.1684123811450989,0.0851175724271922,185,58
2014-05-17,5,2014,True,8.83,8.83,LANDSAT/LC08/C02/T1_L2,137,LANDSAT/LC08/C02/T1_L2/LC08_185057_20140517,2015,True,False,LC08_L2SP_185057_20140517_20200911_02_T1,LC81850572014137LGN02,-1,LC08,primary,False,LC08_185057_20140517,741951814.7821027,274970166.1423127,0.937153939604052,0.9490599091440298,185,57
2014-05-17,5,2014,True,34.85,34.85,LANDSAT/LC08/C02/T1_L2,137,LANDSAT/LC08/C02/T1_L2/LC08_185058_20140517,2015,True,False,LC08_L2SP_185058_20140517_20200911_02_T1,LC81850582014137LGN02,-1,LC08,primary,False,LC08_185058_20140517,373835659.9756417,120070631.49856202,0.4721891024871234,0.4144239508584133,185,58
2014-05-25,5,2014,True,22.0,22.0,LANDSAT/LE07/C02/T1_L2,145,LANDSAT/LE07/C02/T1_L2/LE07_185057_20140525,2015,True,False,LE07_L2SP_185057_20140525_20210519_02_T1,LE71850572014145ASN01,-1,LE07,supplemental,True,LE07_185057_20140525,320820671.436394,121705909.3951816,0.4052262561435091,0.4200681147826835,185,57
2014-05-25,5,2014,True,22.0,22.0,LANDSAT/LE07/C02/T1_L2,145,LANDSAT/LE07/C02/T1_L2/LE07_185058_20140525,2015,True,False,LE07_L2SP_185058_20140525_20210519_02_T1,LE71850582014145ASN01,-1,LE07,supplemental,True,LE07_185058_20140525,90013530.17802472,9549437.760540891,0.1136954351257676,0.0329598976519688,185,58
2014-06-02,6,2014,True,72.13,72.13,LANDSAT/LC08/C02/T1_L2,153,LANDSAT/LC08/C02/T1_L2/LC08_185057_20140602,2015,True,False,LC08_L2SP_185057_20140602_20200911_02_T1,LC81850572014153LGN01,-1,LC08,primary,False,LC08_185057_20140602,10210763.9228597,107806.8154208314,0.0128971416283753,0.0003720953726865,185,57
2014-06-02,6,2014,True,57.76,57.76,LANDSAT/LC08/C02/T1_L2,153,LANDSAT/LC08/C02/T1_L2/LC08_185058_20140602,2015,True,False,LC08_L2SP_185058_20140602_20200911_02_T1,LC81850582014153LGN01,-1,LC08,primary,False,LC08_185058_20140602,24376752.987425324,1000726.1386639762,0.0307900993592549,0.0034540076531318,185,58
2014-06-10,6,2014,False,72.0,72.0,LANDSAT/LE07/C02/T1_L2,161,LANDSAT/LE07/C02/T1_L2/LE07_185058_20140610,2015,False,False,LE07_L2SP_185058_20140610_20200906_02_T1,LE71850582014161ASN00,-1,LE07,supplemental,True,LE07_185058_20140610,0.0,0.0,0.0,0.0,185,58
2014-06-26,6,2014,True,66.0,66.0,LANDSAT/LE07/C02/T1_L2,177,LANDSAT/LE07/C02/T1_L2/LE07_185057_20140626,2015,True,False,LE07_L2SP_185057_20140626_20200906_02_T1,LE71850572014177ASN00,-1,LE07,supplemental,True,LE07_185057_20140626,153682670.02714893,40346043.50321022,0.1941154624806861,0.1392544250115486,185,57
2014-06-26,6,2014,True,70.0,70.0,LANDSAT/LE07/C02/T1_L2,177,LANDSAT/LE07/C02/T1_L2/LE07_185058_20140626,2015,True,False,LE07_L2SP_185058_20140626_20200906_02_T1,LE71850582014177ASN00,-1,LE07,supplemental,True,LE07_185058_20140626,34699883.163714,7316722.515271951,0.0438291699848798,0.0252536778916668,185,58
2014-07-20,7,2014,True,70.19,70.19,LANDSAT/LC08/C02/T1_L2,201,LANDSAT/LC08/C02/T1_L2/LC08_185057_20140720,2015,True,False,LC08_L2SP_185057_20140720_20200911_02_T1,LC81850572014201LGN01,-1,LC08,primary,False,LC08_185057_20140720,281706581.0373614,107511100.9372719,0.3558215331127453,0.3710747137371013,185,57
2014-08-05,8,2014,False,88.35,88.35,LANDSAT/LC08/C02/T1_L2,217,LANDSAT/LC08/C02/T1_L2/LC08_185057_20140805,2015,False,False,LC08_L2SP_185057_20140805_20200911_02_T1,LC81850572014217LGN01,-1,LC08,primary,False,LC08_185057_20140805,3526720.3954896214,0.0,0.0044545748749003,0.0,185,57
2014-08-05,8,2014,False,81.61,81.61,LANDSAT/LC08/C02/T1_L2,217,LANDSAT/LC08/C02/T1_L2/LC08_185058_20140805,2015,False,False,LC08_L2SP_185058_20140805_20200911_02_T1,LC81850582014217LGN01,-1,LC08,primary,False,LC08_185058_20140805,4096203.426650821,0.0,0.005173884748611,0.0,185,58
2014-08-13,8,2014,True,85.0,85.0,LANDSAT/LE07/C02/T1_L2,225,LANDSAT/LE07/C02/T1_L2/LE07_185057_20140813,2015,True,False,LE07_L2SP_185057_20140813_20200905_02_T1,LE71850572014225ASN00,-1,LE07,supplemental,True,LE07_185057_20140813,5027457.943166217,2836485.044435748,0.0063501455536106,0.0097901320580623,185,57
2014-08-13,8,2014,True,34.0,34.0,LANDSAT/LE07/C02/T1_L2,225,LANDSAT/LE07/C02/T1_L2/LE07_185058_20140813,2015,True,False,LE07_L2SP_185058_20140813_20200905_02_T1,LE71850582014225ASN00,-1,LE07,supplemental,True,LE07_185058_20140813,899.0662231445312,899.0662231445312,1.135604005810375e-06,3.103128313965524e-06,185,58
2014-09-14,9,2014,False,50.0,50.0,LANDSAT/LE07/C02/T1_L2,257,LANDSAT/LE07/C02/T1_L2/LE07_185057_20140914,2015,False,False,LE07_L2SP_185057_20140914_20200905_02_T1,LE71850572014257ASN00,-1,LE07,supplemental,True,LE07_185057_20140914,0.0,0.0,0.0,0.0,185,57
2014-09-30,9,2014,False,89.0,89.0,LANDSAT/LE07/C02/T1_L2,273,LANDSAT/LE07/C02/T1_L2/LE07_185058_20140930,2015,False,False,LE07_L2SP_185058_20140930_20200905_02_T1,LE71850582014273ASN00,-1,LE07,supplemental,True,LE07_185058_20140930,3166999.7666396196,0.0,0.0040002143655421,0.0,185,58
2014-10-08,10,2014,True,77.08,77.08,LANDSAT/LC08/C02/T1_L2,281,LANDSAT/LC08/C02/T1_L2/LC08_185057_20141008,2015,True,False,LC08_L2SP_185057_20141008_20200910_02_T1,LC81850572014281LGN01,-1,LC08,primary,False,LC08_185057_20141008,134542855.79697263,63417701.56426859,0.1699401023673515,0.2188862847526434,185,57
2014-10-08,10,2014,True,71.44,71.44,LANDSAT/LC08/C02/T1_L2,281,LANDSAT/LC08/C02/T1_L2/LC08_185058_20141008,2015,True,False,LC08_L2SP_185058_20141008_20200910_02_T1,LC81850582014281LGN01,-1,LC08,primary,False,LC08_185058_20141008,78126070.09003164,34349185.24637619,0.0986804707690588,0.118556260435269,185,58
2014-10-16,10,2014,True,80.0,80.0,LANDSAT/LE07/C02/T1_L2,289,LANDSAT/LE07/C02/T1_L2/LE07_185057_20141016,2015,True,False,LE07_L2SP_185057_20141016_20200905_02_T1,LE71850572014289ASN00,-1,LE07,supplemental,True,LE07_185057_20141016,170598992.84414545,54328154.93906106,0.2154823467657767,0.1875137019910097,185,57
2014-10-16,10,2014,True,78.0,78.0,LANDSAT/LE07/C02/T1_L2,289,LANDSAT/LE07/C02/T1_L2/LE07_185058_20141016,2015,True,False,LE07_L2SP_185058_20141016_20200905_02_T1,LE71850582014289ASN01,-1,LE07,supplemental,True,LE07_185058_20141016,42084446.40600946,7183062.303909602,0.0531565580940455,0.0247923494870933,185,58
2014-10-24,10,2014,True,43.34,43.34,LANDSAT/LC08/C02/T1_L2,297,LANDSAT/LC08/C02/T1_L2/LC08_185057_20141024,2015,True,False,LC08_L2SP_185057_20141024_20200910_02_T1,LC81850572014297LGN01,-1,LC08,primary,False,LC08_185057_20141024,119416321.33126555,21937161.49265759,0.1508338867281903,0.0757161432645174,185,57
2014-10-24,10,2014,True,76.47,76.47,LANDSAT/LC08/C02/T1_L2,297,LANDSAT/LC08/C02/T1_L2/LC08_185058_20141024,2015,True,False,LC08_L2SP_185058_20141024_20200910_02_T1,LC81850582014297LGN01,-1,LC08,primary,False,LC08_185058_20141024,44488000.33142713,6024206.010200291,0.0561924695715549,0.0207925553848869,185,58
2014-11-01,11,2014,True,86.0,86.0,LANDSAT/LE07/C02/T1_L2,305,LANDSAT/LE07/C02/T1_L2/LE07_185057_20141101,2015,True,False,LE07_L2SP_185057_20141101_20200905_02_T1,LE71850572014305ASN00,-1,LE07,supplemental,True,LE07_185057_20141101,63692319.32887251,11869723.85496012,0.0804493051871594,0.0409683683193574,185,57
2014-11-09,11,2014,True,34.29,34.29,LANDSAT/LC08/C02/T1_L2,313,LANDSAT/LC08/C02/T1_L2/LC08_185057_20141109,2015,True,False,LC08_L2SP_185057_20141109_20200910_02_T1,LC81850572014313LGN01,-1,LC08,primary,False,LC08_185057_20141109,415925772.021492,179184418.96520162,0.5253528168096347,0.6184552701442017,185,57
2014-11-09,11,2014,True,64.54,64.54,LANDSAT/LC08/C02/T1_L2,313,LANDSAT/LC08/C02/T1_L2/LC08_185058_20141109,2015,True,False,LC08_L2SP_185058_20141109_20200910_02_T1,LC81850582014313LGN01,-1,LC08,primary,False,LC08_185058_20141109,189412453.08427975,75441415.05556881,0.2392454915284915,0.2603861485150317,185,58
2014-12-03,12,2014,True,41.0,41.0,LANDSAT/LE07/C02/T1_L2,337,LANDSAT/LE07/C02/T1_L2/LE07_185057_20141203,2015,True,False,LE07_L2SP_185057_20141203_20200905_02_T1,LE71850572014337SG100,-1,LE07,supplemental,True,LE07_185057_20141203,196545739.55062497,75275348.15740393,0.2482554937699752,0.2598129683860913,185,57
2014-12-03,12,2014,True,42.0,42.0,LANDSAT/LE07/C02/T1_L2,337,LANDSAT/LE07/C02/T1_L2/LE07_185058_20141203,2015,True,False,LE07_L2SP_185058_20141203_20200905_02_T1,LE71850582014337SG100,-1,LE07,supplemental,True,LE07_185058_20141203,41780082.05965743,8400937.093735158,0.0527721177023974,0.0289958460103578,185,58
2014-12-11,12,2014,True,68.42,68.42,LANDSAT/LC08/C02/T1_L2,345,LANDSAT/LC08/C02/T1_L2/LC08_185057_20141211,2015,True,False,LC08_L2SP_185057_20141211_20200910_02_T1,LC81850572014345LGN01,-1,LC08,primary,False,LC08_185057_20141211,626000981.0798453,227092336.88660705,0.7906972850888835,0.7838095151797764,185,57
2014-12-11,12,2014,False,93.81,93.81,LANDSAT/LC08/C02/T1_L2,345,LANDSAT/LC08/C02/T1_L2/LC08_185058_20141211,2015,False,False,LC08_L2SP_185058_20141211_20200910_02_T1,LC81850582014345LGN01,-1,LC08,primary,False,LC08_185058_20141211,0.0,0.0,0.0,0.0,185,58
2014-12-19,12,2014,True,43.0,43.0,LANDSAT/LE07/C02/T1_L2,353,LANDSAT/LE07/C02/T1_L2/LE07_185057_20141219,2015,True,False,LE07_L2SP_185057_20141219_20200905_02_T1,LE71850572014353SG100,-1,LE07,supplemental,True,LE07_185057_20141219,27317836.515873447,7610838.407713646,0.0345049605678621,0.0262688193016409,185,57
2014-12-19,12,2014,False,72.0,72.0,LANDSAT/LE07/C02/T1_L2,353,LANDSAT/LE07/C02/T1_L2/LE07_185058_20141219,2015,False,False,LE07_L2SP_185058_20141219_20200905_02_T1,LE71850582014353SG100,-1,LE07,supplemental,True,LE07_185058_20141219,0.0,0.0,0.0,0.0,185,58
2014-12-27,12,2014,True,66.65,66.65,LANDSAT/LC08/C02/T1_L2,361,LANDSAT/LC08/C02/T1_L2/LC08_185057_20141227,2015,True,False,LC08_L2SP_185057_20141227_20200910_02_T1,LC81850572014361LGN01,-1,LC08,primary,False,LC08_185057_20141227,22738952.08421918,3011212.257244035,0.0287214049533015,0.0103932032749848,185,57
2014-12-27,12,2014,False,82.77,82.77,LANDSAT/LC08/C02/T1_L2,361,LANDSAT/LC08/C02/T1_L2/LC08_185058_20141227,2015,False,False,LC08_L2SP_185058_20141227_20200910_02_T1,LC81850582014361LGN01,-1,LC08,primary,False,LC08_185058_20141227,150173.60770694507,0.0,0.0001896831913922,0.0,185,58
2015-01-04,1,2015,True,4.0,4.0,LANDSAT/LE07/C02/T1_L2,4,LANDSAT/LE07/C02/T1_L2/LE07_185057_20150104,2015,True,False,LE07_L2SP_185057_20150104_20200905_02_T1,LE71850572015004SG100,0,LE07,supplemental,True,LE07_185057_20150104,574911737.45032,213113326.71644697,0.726166833131081,0.7355609422231407,185,57
2015-01-04,1,2015,True,14.0,14.0,LANDSAT/LE07/C02/T1_L2,4,LANDSAT/LE07/C02/T1_L2/LE07_185058_20150104,2015,True,False,LE07_L2SP_185058_20150104_20200905_02_T1,LE71850582015004SG100,0,LE07,supplemental,True,LE07_185058_20150104,133421237.2875651,27432781.591372035,0.1685233941878146,0.0946842836440691,185,58
2015-01-12,1,2015,True,0.0,0.0,LANDSAT/LC08/C02/T1_L2,12,LANDSAT/LC08/C02/T1_L2/LC08_185057_20150112,2015,True,False,LC08_L2SP_185057_20150112_20200910_02_T1,LC81850572015012LGN01,0,LC08,primary,False,LC08_185057_20150112,790831781.2490568,289403308.9510814,0.9988938696501468,0.9988759215315824,185,57
2015-01-12,1,2015,True,0.0,0.0,LANDSAT/LC08/C02/T1_L2,12,LANDSAT/LC08/C02/T1_L2/LC08_185058_20150112,2015,True,False,LC08_L2SP_185058_20150112_20200910_02_T1,LC81850582015012LGN01,0,LC08,primary,False,LC08_185058_20150112,399002331.63044965,128469669.1910183,0.5039769423685467,0.4434132410826273,185,58
2015-01-20,1,2015,True,15.0,15.0,LANDSAT/LE07/C02/T1_L2,20,LANDSAT/LE07/C02/T1_L2/LE07_185057_20150120,2015,True,False,LE07_L2SP_185057_20150120_20200905_02_T1,LE71850572015020SG101,0,LE07,supplemental,True,LE07_185057_20150120,354504257.76254636,145723673.14266887,0.4477717489863529,0.5029654596103973,185,57
2015-01-20,1,2015,True,46.0,46.0,LANDSAT/LE07/C02/T1_L2,20,LANDSAT/LE07/C02/T1_L2/LE07_185058_20150120,2015,True,False,LE07_L2SP_185058_20150120_20200905_02_T1,LE71850582015020SG101,0,LE07,supplemental,True,LE07_185058_20150120,12155296.920492733,3013342.862563907,0.0153532671113449,0.0104005570621962,185,58
2015-01-28,1,2015,False,99.99,99.99,LANDSAT/LC08/C02/T1_L2,28,LANDSAT/LC08/C02/T1_L2/LC08_185057_20150128,2015,False,False,LC08_L2SP_185057_20150128_20200910_02_T1,LC81850572015028LGN01,0,LC08,primary,False,LC08_185057_20150128,0.0,0.0,0.0,0.0,185,57
2015-02-05,2,2015,False,100.0,100.0,LANDSAT/LE07/C02/T1_L2,36,LANDSAT/LE07/C02/T1_L2/LE07_185057_20150205,2015,False,False,LE07_L2SP_185057_20150205_20210519_02_T1,LE71850572015036ASN01,0,LE07,supplemental,True,LE07_185057_20150205,0.0,0.0,0.0,0.0,185,57
2015-02-05,2,2015,False,100.0,100.0,LANDSAT/LE07/C02/T1_L2,36,LANDSAT/LE07/C02/T1_L2/LE07_185058_20150205,2015,False,False,LE07_L2SP_185058_20150205_20210519_02_T1,LE71850582015036ASN01,0,LE07,supplemental,True,LE07_185058_20150205,0.0,0.0,0.0,0.0,185,58
2015-02-13,2,2015,False,99.91,99.91,LANDSAT/LC08/C02/T1_L2,44,LANDSAT/LC08/C02/T1_L2/LC08_185057_20150213,2015,False,False,LC08_L2SP_185057_20150213_20200910_02_T1,LC81850572015044LGN01,0,LC08,primary,False,LC08_185057_20150213,0.0,0.0,0.0,0.0,185,57
2015-02-13,2,2015,False,99.98,99.98,LANDSAT/LC08/C02/T1_L2,44,LANDSAT/LC08/C02/T1_L2/LC08_185058_20150213,2015,False,False,LC08_L2SP_185058_20150213_20200909_02_T1,LC81850582015044LGN01,0,LC08,primary,False,LC08_185058_20150213,0.0,0.0,0.0,0.0,185,58
2015-02-21,2,2015,True,88.0,88.0,LANDSAT/LE07/C02/T1_L2,52,LANDSAT/LE07/C02/T1_L2/LE07_185057_20150221,2015,True,False,LE07_L2SP_185057_20150221_20200905_02_T1,LE71850572015052ASN00,0,LE07,supplemental,True,LE07_185057_20150221,159299744.6137992,62985716.321836695,0.2012103485272618,0.2173952870902942,185,57
2015-02-21,2,2015,True,50.0,50.0,LANDSAT/LE07/C02/T1_L2,52,LANDSAT/LE07/C02/T1_L2/LE07_185058_20150221,2015,True,False,LE07_L2SP_185058_20150221_20200905_02_T1,LE71850582015052ASN00,0,LE07,supplemental,True,LE07_185058_20150221,61398069.901940465,13567901.120197851,0.0775514554265046,0.046829629501499,185,58
2015-03-01,3,2015,True,61.29,61.29,LANDSAT/LC08/C02/T1_L2,60,LANDSAT/LC08/C02/T1_L2/LC08_185057_20150301,2015,True,False,LC08_L2SP_185057_20150301_20200909_02_T1,LC81850572015060LGN01,0,LC08,primary,False,LC08_185057_20150301,156613577.627603,67482319.03880209,0.1978174705486731,0.2329153175935717,185,57
2015-03-09,3,2015,True,35.0,35.0,LANDSAT/LE07/C02/T1_L2,68,LANDSAT/LE07/C02/T1_L2/LE07_185057_20150309,2015,True,False,LE07_L2SP_185057_20150309_20200905_02_T1,LE71850572015068ASN00,0,LE07,supplemental,True,LE07_185057_20150309,412824836.7306842,174746268.86061198,0.5214360480029014,0.6031369889134683,185,57
2015-03-09,3,2015,True,76.0,76.0,LANDSAT/LE07/C02/T1_L2,68,LANDSAT/LE07/C02/T1_L2/LE07_185058_20150309,2015,True,False,LE07_L2SP_185058_20150309_20200905_02_T1,LE71850582015068ASN00,0,LE07,supplemental,True,LE07_185058_20150309,39774092.24024157,4665453.652727675,0.050238366554928,0.0161028197418398,185,58
2015-03-17,3,2015,False,100.0,100.0,LANDSAT/LC08/C02/T1_L2,76,LANDSAT/LC08/C02/T1_L2/LC08_185057_20150317,2015,False,False,LC08_L2SP_185057_20150317_20200909_02_T1,LC81850572015076LGN01,0,LC08,primary,False,LC08_185057_20150317,0.0,0.0,0.0,0.0,185,57
2015-03-17,3,2015,False,100.0,100.0,LANDSAT/LC08/C02/T1_L2,76,LANDSAT/LC08/C02/T1_L2/LC08_185058_20150317,2015,False,False,LC08_L2SP_185058_20150317_20200909_02_T1,LC81850582015076LGN01,0,LC08,primary,False,LC08_185058_20150317,0.0,0.0,0.0,0.0,185,58
2015-03-25,3,2015,False,100.0,100.0,LANDSAT/LE07/C02/T1_L2,84,LANDSAT/LE07/C02/T1_L2/LE07_185057_20150325,2015,False,False,LE07_L2SP_185057_20150325_20200905_02_T1,LE71850572015084ASN00,0,LE07,supplemental,True,LE07_185057_20150325,0.0,0.0,0.0,0.0,185,57
2015-03-25,3,2015,True,26.0,26.0,LANDSAT/LE07/C02/T1_L2,84,LANDSAT/LE07/C02/T1_L2/LE07_185058_20150325,2015,True,False,LE07_L2SP_185058_20150325_20200905_02_T1,LE71850582015084ASN00,0,LE07,supplemental,True,LE07_185058_20150325,26419893.80029225,6646362.891173838,0.0333707756562816,0.0229399307209606,185,58
2015-04-02,4,2015,False,100.0,100.0,LANDSAT/LC08/C02/T1_L2,92,LANDSAT/LC08/C02/T1_L2/LC08_185058_20150402,2015,False,False,LC08_L2SP_185058_20150402_20200909_02_T1,LC81850582015092LGN01,0,LC08,primary,False,LC08_185058_20150402,0.0,0.0,0.0,0.0,185,58
2015-04-10,4,2015,True,37.0,37.0,LANDSAT/LE07/C02/T1_L2,100,LANDSAT/LE07/C02/T1_L2/LE07_185057_20150410,2015,True,False,LE07_L2SP_185057_20150410_20200905_02_T1,LE71850572015100ASN00,0,LE07,supplemental,True,LE07_185057_20150410,493193114.5111,174425929.3855938,0.6229486349937814,0.6020313367719242,185,57
2015-04-10,4,2015,True,41.0,41.0,LANDSAT/LE07/C02/T1_L2,100,LANDSAT/LE07/C02/T1_L2/LE07_185058_20150410,2015,True,False,LE07_L2SP_185058_20150410_20200905_02_T1,LE71850582015100ASN00,0,LE07,supplemental,True,LE07_185058_20150410,138660492.71091217,27574310.90307857,0.1751410595978298,0.0951727722593755,185,58
2015-04-18,4,2015,True,66.63,66.63,LANDSAT/LC08/C02/T1_L2,108,LANDSAT/LC08/C02/T1_L2/LC08_185057_20150418,2015,True,False,LC08_L2SP_185057_20150418_20200909_02_T1,LC81850572015108LGN01,0,LC08,primary,False,LC08_185057_20150418,313178190.4369861,109076677.09141606,0.3955730939916683,0.3764783020007136,185,57
2015-04-18,4,2015,True,71.43,71.43,LANDSAT/LC08/C02/T1_L2,108,LANDSAT/LC08/C02/T1_L2/LC08_185058_20150418,2015,True,False,LC08_L2SP_185058_20150418_20200909_02_T1,LC81850582015108LGN01,0,LC08,primary,False,LC08_185058_20150418,203792217.6752384,87440160.36830935,0.2574084675715563,0.301799834574552,185,58
2015-04-26,4,2015,True,82.0,82.0,LANDSAT/LE07/C02/T1_L2,116,LANDSAT/LE07/C02/T1_L2/LE07_185057_20150426,2015,True,False,LE07_L2SP_185057_20150426_20200904_02_T1,LE71850572015116ASN00,0,LE07,supplemental,True,LE07_185057_20150426,11822924.374623016,2900950.924333639,0.0149334497666438,0.0100126361317847,185,57
2015-04-26,4,2015,False,97.0,97.0,LANDSAT/LE07/C02/T1_L2,116,LANDSAT/LE07/C02/T1_L2/LE07_185058_20150426,2015,False,False,LE07_L2SP_185058_20150426_20200904_02_T1,LE71850582015116ASN00,0,LE07,supplemental,True,LE07_185058_20150426,0.0,0.0,0.0,0.0,185,58
2015-05-04,5,2015,True,2.48,2.48,LANDSAT/LC08/C02/T1_L2,124,LANDSAT/LC08/C02/T1_L2/LC08_185057_20150504,2015,True,False,LC08_L2SP_185057_20150504_20200909_02_T1,LC81850572015124LGN02,0,LC08,primary,False,LC08_185057_20150504,647894996.301926,258819355.45274255,0.8183514564384742,0.8933153636877321,185,57
2015-05-04,5,2015,True,21.49,21.49,LANDSAT/LC08/C02/T1_L2,124,LANDSAT/LC08/C02/T1_L2/LC08_185058_20150504,2015,True,False,LC08_L2SP_185058_20150504_20200909_02_T1,LC81850582015124LGN02,0,LC08,primary,False,LC08_185058_20150504,318199453.4282535,117962449.31919213,0.4019154147466033,0.4071475571474813,185,58
2015-05-12,5,2015,True,75.0,75.0,LANDSAT/LE07/C02/T1_L2,132,LANDSAT/LE07/C02/T1_L2/LE07_185057_20150512,2015,True,False,LE07_L2SP_185057_20150512_20200905_02_T1,LE71850572015132ASN02,0,LE07,supplemental,True,LE07_185057_20150512,172159430.44814694,56870751.96961958,0.2174533241513173,0.1962894791622787,185,57
2015-05-12,5,2015,True,54.0,54.0,LANDSAT/LE07/C02/T1_L2,132,LANDSAT/LE07/C02/T1_L2/LE07_185058_20150512,2015,True,False,LE07_L2SP_185058_20150512_20200905_02_T1,LE71850582015132ASN01,0,LE07,supplemental,True,LE07_185058_20150512,30351059.280266497,5509236.790191769,0.0383362021750849,0.0190151384090383,185,58
2015-05-20,5,2015,True,79.52,79.52,LANDSAT/LC08/C02/T1_L2,140,LANDSAT/LC08/C02/T1_L2/LC08_185057_20150520,2015,True,False,LC08_L2SP_185057_20150520_20200909_02_T1,LC81850572015140LGN01,0,LC08,primary,False,LC08_185057_20150520,34716370.29037799,21522757.849600516,0.0438499947546264,0.0742858285167526,185,57
2015-05-20,5,2015,True,60.54,60.54,LANDSAT/LC08/C02/T1_L2,140,LANDSAT/LC08/C02/T1_L2/LC08_185058_20150520,2015,True,False,LC08_L2SP_185058_20150520_20200909_02_T1,LC81850582015140LGN01,0,LC08,primary,False,LC08_185058_20150520,18684327.43527928,10406220.319681324,0.0236000380563344,0.0359170838410813,185,58
2015-05-28,5,2015,True,73.0,73.0,LANDSAT/LE07/C02/T1_L2,148,LANDSAT/LE07/C02/T1_L2/LE07_185057_20150528,2015,True,False,LE07_L2SP_185057_20150528_20200904_02_T1,LE71850572015148ASN00,0,LE07,supplemental,True,LE07_185057_20150528,86130627.01525353,38993389.05406254,0.1087909683887184,0.1345857363075277,185,57
2015-05-28,5,2015,False,100.0,100.0,LANDSAT/LE07/C02/T1_L2,148,LANDSAT/LE07/C02/T1_L2/LE07_185058_20150528,2015,False,False,LE07_L2SP_185058_20150528_20200904_02_T1,LE71850582015148ASN00,0,LE07,supplemental,True,LE07_185058_20150528,0.0,0.0,0.0,0.0,185,58
2015-06-13,6,2015,False,100.0,100.0,LANDSAT/LE07/C02/T1_L2,164,LANDSAT/LE07/C02/T1_L2/LE07_185057_20150613,2015,False,False,LE07_L2SP_185057_20150613_20200904_02_T1,LE71850572015164SG100,0,LE07,supplemental,True,LE07_185057_20150613,0.0,0.0,0.0,0.0,185,57
2015-07-07,7,2015,True,53.41,53.41,LANDSAT/LC08/C02/T1_L2,188,LANDSAT/LC08/C02/T1_L2/LC08_185057_20150707,2015,True,False,LC08_L2SP_185057_20150707_20200909_02_T1,LC81850572015188LGN01,0,LC08,primary,False,LC08_185057_20150707,387275078.1617486,171946881.15267694,0.4891643338271738,0.5934748983637005,185,57
2015-07-07,7,2015,True,59.16,59.16,LANDSAT/LC08/C02/T1_L2,188,LANDSAT/LC08/C02/T1_L2/LC08_185058_20150707,2015,True,False,LC08_L2SP_185058_20150707_20200909_02_T1,LC81850582015188LGN01,0,LC08,primary,False,LC08_185058_20150707,182123123.62682793,76347146.40389766,0.2300383925201428,0.2635122815177989,185,58
2015-09-01,9,2015,True,83.0,83.0,LANDSAT/LE07/C02/T1_L2,244,LANDSAT/LE07/C02/T1_L2/LE07_185058_20150901,2015,True,False,LE07_L2SP_185058_20150901_20200904_02_T1,LE71850582015244SG100,0,LE07,supplemental,True,LE07_185058_20150901,1068743.792396695,1798.126220703125,0.0013499225091404,6.206235140312565e-06,185,58
2015-10-03,10,2015,False,98.0,98.0,LANDSAT/LE07/C02/T1_L2,276,LANDSAT/LE07/C02/T1_L2/LE07_185057_20151003,2015,False,False,LE07_L2SP_185057_20151003_20210519_02_T1,LE71850572015276ASN01,0,LE07,supplemental,True,LE07_185057_20151003,0.0,0.0,0.0,0.0,185,57
2015-10-03,10,2015,False,92.0,92.0,LANDSAT/LE07/C02/T1_L2,276,LANDSAT/LE07/C02/T1_L2/LE07_185058_20151003,2015,False,False,LE07_L2SP_185058_20151003_20210519_02_T1,LE71850582015276ASN01,0,LE07,supplemental,True,LE07_185058_20151003,0.0,0.0,0.0,0.0,185,58
2015-10-19,10,2015,True,83.0,83.0,LANDSAT/LE07/C02/T1_L2,292,LANDSAT/LE07/C02/T1_L2/LE07_185057_20151019,2015,True,False,LE07_L2SP_185057_20151019_20200903_02_T1,LE71850572015292SG100,0,LE07,supplemental,True,LE07_185057_20151019,56075209.151808545,18691868.996064547,0.0708281887364502,0.0645150117193289,185,57
2015-10-19,10,2015,True,84.0,84.0,LANDSAT/LE07/C02/T1_L2,292,LANDSAT/LE07/C02/T1_L2/LE07_185058_20151019,2015,True,False,LE07_L2SP_185058_20151019_20200903_02_T1,LE71850582015292SG100,0,LE07,supplemental,True,LE07_185058_20151019,36439047.24524069,6822902.5063273115,0.0460258954839599,0.0235492574470868,185,58
2015-11-04,11,2015,True,84.0,84.0,LANDSAT/LE07/C02/T1_L2,308,LANDSAT/LE07/C02/T1_L2/LE07_185057_20151104,2015,True,False,LE07_L2SP_185057_20151104_20200903_02_T1,LE71850572015308SG100,0,LE07,supplemental,True,LE07_185057_20151104,8251999.700378418,4230639.696287866,0.010423040788831,0.0146020587691758,185,57
2015-11-04,11,2015,True,83.0,83.0,LANDSAT/LE07/C02/T1_L2,308,LANDSAT/LE07/C02/T1_L2/LE07_185058_20151104,2015,True,False,LE07_L2SP_185058_20151104_20200903_02_T1,LE71850582015308SG100,0,LE07,supplemental,True,LE07_185058_20151104,191488.5021972656,95293.10858154295,0.0002418677340599,0.0003289042962051,185,58
2015-11-12,11,2015,True,26.68,26.68,LANDSAT/LC08/C02/T1_L2,316,LANDSAT/LC08/C02/T1_L2/LC08_185057_20151112,2015,True,False,LC08_L2SP_185057_20151112_20200908_02_T1,LC81850572015316LGN02,0,LC08,primary,False,LC08_185057_20151112,220998617.315664,79187569.61724254,0.2791417457820317,0.2733160061713037,185,57
2015-11-12,11,2015,True,26.8,26.8,LANDSAT/LC08/C02/T1_L2,316,LANDSAT/LC08/C02/T1_L2/LC08_185058_20151112,2015,True,False,LC08_L2SP_185058_20151112_20200908_02_T1,LC81850582015316LGN02,0,LC08,primary,False,LC08_185058_20151112,56087384.52687557,17093860.067813646,0.0708435673641224,0.0589994816909831,185,58
2015-11-28,11,2015,True,12.62,12.62,LANDSAT/LC08/C02/T1_L2,332,LANDSAT/LC08/C02/T1_L2/LC08_185057_20151128,2015,True,False,LC08_L2SP_185057_20151128_20200908_02_T1,LC81850572015332LGN01,0,LC08,primary,False,LC08_185057_20151128,386319908.97433126,145495722.69145915,0.4879578665753356,0.5021786883124432,185,57
2015-11-28,11,2015,True,61.88,61.88,LANDSAT/LC08/C02/T1_L2,332,LANDSAT/LC08/C02/T1_L2/LC08_185058_20151128,2015,True,False,LC08_L2SP_185058_20151128_20200908_02_T1,LC81850582015332LGN01,0,LC08,primary,False,LC08_185058_20151128,227452995.4284287,78467036.95724474,0.2872942238211184,0.2708290866977237,185,58
2015-12-06,12,2015,True,1.0,1.0,LANDSAT/LE07/C02/T1_L2,340,LANDSAT/LE07/C02/T1_L2/LE07_185057_20151206,2015,True,False,LE07_L2SP_185057_20151206_20200903_02_T1,LE71850572015340ASN00,0,LE07,supplemental,True,LE07_185057_20151206,539343426.2001932,202878075.2511475,0.6812407579480062,0.7002339576196696,185,57
2015-12-06,12,2015,True,49.0,49.0,LANDSAT/LE07/C02/T1_L2,340,LANDSAT/LE07/C02/T1_L2/LE07_185058_20151206,2015,True,False,LE07_L2SP_185058_20151206_20200903_02_T1,LE71850582015340ASN00,0,LE07,supplemental,True,LE07_185058_20151206,116098376.35848632,21470539.160881728,0.146643014570889,0.0741055956403415,185,58
2015-12-14,12,2015,True,21.91,21.91,LANDSAT/LC08/C02/T1_L2,348,LANDSAT/LC08/C02/T1_L2/LC08_185057_20151214,2015,True,False,LC08_L2SP_185057_20151214_20200908_02_T1,LC81850572015348LGN01,0,LC08,primary,False,LC08_185057_20151214,296315871.1237005,112486164.448775,0.3742744211392432,0.388246152335168,185,57
2015-12-14,12,2015,True,41.78,41.78,LANDSAT/LC08/C02/T1_L2,348,LANDSAT/LC08/C02/T1_L2/LC08_185058_20151214,2015,True,False,LC08_L2SP_185058_20151214_20200908_02_T1,LC81850582015348LGN01,0,LC08,primary,False,LC08_185058_20151214,157528204.1886214,46091201.693750024,0.1989727287040516,0.159083846460528,185,58
2015-12-22,12,2015,True,0.0,0.0,LANDSAT/LE07/C02/T1_L2,356,LANDSAT/LE07/C02/T1_L2/LE07_185057_20151222,2015,True,False,LE07_L2SP_185057_20151222_20200903_02_T1,LE71850572015356SG100,0,LE07,supplemental,True,LE07_185057_20151222,597727754.4167817,219327449.87742063,0.7549855781765015,0.7570089969168677,185,57
2015-12-22,12,2015,True,7.0,7.0,LANDSAT/LE07/C02/T1_L2,356,LANDSAT/LE07/C02/T1_L2/LE07_185058_20151222,2015,True,False,LE07_L2SP_185058_20151222_20200903_02_T1,LE71850582015356SG100,0,LE07,supplemental,True,LE07_185058_20151222,129189613.1688046,22806415.619407527,0.1631784605481757,0.0787163750865013,185,58
2015-12-30,12,2015,True,1.94,1.94,LANDSAT/LC08/C02/T1_L2,364,LANDSAT/LC08/C02/T1_L2/LC08_185057_20151230,2015,True,False,LC08_L2SP_185057_20151230_20200908_02_T1,LC81850572015364LGN01,0,LC08,primary,False,LC08_185057_20151230,778783426.8027693,287267820.5734172,0.9836756807999716,0.9915052804394312,185,57
2015-12-30,12,2015,True,21.58,21.58,LANDSAT/LC08/C02/T1_L2,364,LANDSAT/LC08/C02/T1_L2/LC08_185058_20151230,2015,True,False,LC08_L2SP_185058_20151230_20200908_02_T1,LC81850582015364LGN01,0,LC08,primary,False,LC08_185058_20151230,393338762.5103676,127966586.5079011,0.4968233294150377,0.4416768505053163,185,58
2016-01-07,1,2016,True,14.0,14.0,LANDSAT/LE07/C02/T1_L2,7,LANDSAT/LE07/C02/T1_L2/LE07_185057_20160107,2015,True,False,LE07_L2SP_185057_20160107_20200903_02_T1,LE71850572016007SG100,1,LE07,supplemental,True,LE07_185057_20160107,565667020.7978292,209635419.85810456,0.7144898987819827,0.7235569418863133,185,57
2016-01-07,1,2016,True,25.0,25.0,LANDSAT/LE07/C02/T1_L2,7,LANDSAT/LE07/C02/T1_L2/LE07_185058_20160107,2015,True,False,LE07_L2SP_185058_20160107_20200903_02_T1,LE71850582016007SG100,1,LE07,supplemental,True,LE07_185058_20160107,132592273.90700091,24293093.352589093,0.1674763365724742,0.0838476453409242,185,58
2016-01-15,1,2016,True,33.1,33.1,LANDSAT/LC08/C02/T1_L2,15,LANDSAT/LC08/C02/T1_L2/LC08_185057_20160115,2015,True,False,LC08_L2SP_185057_20160115_20200907_02_T1,LC81850572016015LGN02,1,LC08,primary,False,LC08_185057_20160115,280847585.5459485,108972064.9394323,0.3547365421566734,0.3761172330133032,185,57
2016-01-15,1,2016,True,77.69,77.69,LANDSAT/LC08/C02/T1_L2,15,LANDSAT/LC08/C02/T1_L2/LC08_185058_20160115,2015,True,False,LC08_L2SP_185058_20160115_20200907_02_T1,LC81850582016015LGN02,1,LC08,primary,False,LC08_185058_20160115,80253632.43982722,34763064.57057627,0.1013677792952193,0.1199847654957731,185,58
2016-01-23,1,2016,False,79.0,79.0,LANDSAT/LE07/C02/T1_L2,23,LANDSAT/LE07/C02/T1_L2/LE07_185057_20160123,2015,False,False,LE07_L2SP_185057_20160123_20200903_02_T1,LE71850572016023SG100,1,LE07,supplemental,True,LE07_185057_20160123,0.0,0.0,0.0,0.0,185,57
2016-01-31,1,2016,True,9.01,9.01,LANDSAT/LC08/C02/T1_L2,31,LANDSAT/LC08/C02/T1_L2/LC08_185057_20160131,2015,True,False,LC08_L2SP_185057_20160131_20200907_02_T1,LC81850572016031LGN01,1,LC08,primary,False,LC08_185057_20160131,632378788.8221337,253548756.12298927,0.7987530476500656,0.8751238828037974,185,57
2016-01-31,1,2016,True,54.17,54.17,LANDSAT/LC08/C02/T1_L2,31,LANDSAT/LC08/C02/T1_L2/LC08_185058_20160131,2015,True,False,LC08_L2SP_185058_20160131_20200907_02_T1,LC81850582016031LGN01,1,LC08,primary,False,LC08_185058_20160131,281075846.1712752,107036981.96478684,0.3550248564919435,0.3694382914471382,185,58
2016-02-08,2,2016,True,71.0,71.0,LANDSAT/LE07/C02/T1_L2,39,LANDSAT/LE07/C02/T1_L2/LE07_185057_20160208,2015,True,False,LE07_L2SP_185057_20160208_20200903_02_T1,LE71850572016039SG100,1,LE07,supplemental,True,LE07_185057_20160208,26972693.603149176,11960185.32007626,0.0340690130656905,0.0412805961914522,185,57
2016-02-08,2,2016,True,71.0,71.0,LANDSAT/LE07/C02/T1_L2,39,LANDSAT/LE07/C02/T1_L2/LE07_185058_20160208,2015,True,False,LE07_L2SP_185058_20160208_20200903_02_T1,LE71850582016039SG100,1,LE07,supplemental,True,LE07_185058_20160208,27799070.853108957,6159298.238380102,0.0351128041582784,0.0212588263974885,185,58
2016-02-16,2,2016,True,53.97,53.97,LANDSAT/LC08/C02/T1_L2,47,LANDSAT/LC08/C02/T1_L2/LC08_185057_20160216,2015,True,False,LC08_L2SP_185057_20160216_20200907_02_T1,LC81850572016047LGN01,1,LC08,primary,False,LC08_185057_20160216,92784726.56725097,32810994.22138433,0.1171957131247406,0.1132471919828414,185,57
2016-02-16,2,2016,False,99.97,99.97,LANDSAT/LC08/C02/T1_L2,47,LANDSAT/LC08/C02/T1_L2/LC08_185058_20160216,2015,False,False,LC08_L2SP_185058_20160216_20200907_02_T1,LC81850582016047LGN01,1,LC08,primary,False,LC08_185058_20160216,0.0,0.0,0.0,0.0,185,58
2016-02-24,2,2016,False,100.0,100.0,LANDSAT/LE07/C02/T1_L2,55,LANDSAT/LE07/C02/T1_L2/LE07_185057_20160224,2015,False,False,LE07_L2SP_185057_20160224_20200903_02_T1,LE71850572016055SG100,1,LE07,supplemental,True,LE07_185057_20160224,0.0,0.0,0.0,0.0,185,57
2016-02-24,2,2016,False,100.0,100.0,LANDSAT/LE07/C02/T1_L2,55,LANDSAT/LE07/C02/T1_L2/LE07_185058_20160224,2015,False,False,LE07_L2SP_185058_20160224_20200903_02_T1,LE71850582016055SG100,1,LE07,supplemental,True,LE07_185058_20160224,0.0,0.0,0.0,0.0,185,58
2016-03-11,3,2016,False,100.0,100.0,LANDSAT/LE07/C02/T1_L2,71,LANDSAT/LE07/C02/T1_L2/LE07_185057_20160311,2015,False,False,LE07_L2SP_185057_20160311_20200902_02_T1,LE71850572016071ASN00,1,LE07,supplemental,True,LE07_185057_20160311,0.0,0.0,0.0,0.0,185,57
2016-03-11,3,2016,False,100.0,100.0,LANDSAT/LE07/C02/T1_L2,71,LANDSAT/LE07/C02/T1_L2/LE07_185058_20160311,2015,False,False,LE07_L2SP_185058_20160311_20200902_02_T1,LE71850582016071ASN00,1,LE07,supplemental,True,LE07_185058_20160311,0.0,0.0,0.0,0.0,185,58
2016-03-27,3,2016,True,55.0,55.0,LANDSAT/LE07/C02/T1_L2,87,LANDSAT/LE07/C02/T1_L2/LE07_185057_20160327,2015,True,False,LE07_L2SP_185057_20160327_20200902_02_T1,LE71850572016087ASN00,1,LE07,supplemental,True,LE07_185057_20160327,104461007.76697569,34280115.4268423,0.1319439389639891,0.1183178658575187,185,57
2016-03-27,3,2016,True,74.0,74.0,LANDSAT/LE07/C02/T1_L2,87,LANDSAT/LE07/C02/T1_L2/LE07_185058_20160327,2015,True,False,LE07_L2SP_185058_20160327_20200903_02_T1,LE71850582016087ASN00,1,LE07,supplemental,True,LE07_185058_20160327,13056673.801383223,546476.8577184341,0.0164917896921443,0.0018861656310275,185,58
2016-04-04,4,2016,False,99.99,99.99,LANDSAT/LC08/C02/T1_L2,95,LANDSAT/LC08/C02/T1_L2/LC08_185057_20160404,2015,False,False,LC08_L2SP_185057_20160404_20200907_02_T1,LC81850572016095LGN01,1,LC08,primary,False,LC08_185057_20160404,0.0,0.0,0.0,0.0,185,57
2016-04-04,4,2016,False,99.91,99.91,LANDSAT/LC08/C02/T1_L2,95,LANDSAT/LC08/C02/T1_L2/LC08_185058_20160404,2015,False,False,LC08_L2SP_185058_20160404_20200907_02_T1,LC81850582016095LGN01,1,LC08,primary,False,LC08_185058_20160404,0.0,0.0,0.0,0.0,185,58
2016-04-12,4,2016,False,94.0,94.0,LANDSAT/LE07/C02/T1_L2,103,LANDSAT/LE07/C02/T1_L2/LE07_185057_20160412,2015,False,False,LE07_L2SP_185057_20160412_20200902_02_T1,LE71850572016103ASN00,1,LE07,supplemental,True,LE07_185057_20160412,0.0,0.0,0.0,0.0,185,57
2016-04-12,4,2016,False,95.0,95.0,LANDSAT/LE07/C02/T1_L2,103,LANDSAT/LE07/C02/T1_L2/LE07_185058_20160412,2015,False,False,LE07_L2SP_185058_20160412_20200902_02_T1,LE71850582016103ASN00,1,LE07,supplemental,True,LE07_185058_20160412,0.0,0.0,0.0,0.0,185,58
2016-04-20,4,2016,True,34.3,34.3,LANDSAT/LC08/C02/T1_L2,111,LANDSAT/LC08/C02/T1_L2/LC08_185057_20160420,2015,True,False,LC08_L2SP_185057_20160420_20200907_02_T1,LC81850572016111LGN01,1,LC08,primary,False,LC08_185057_20160420,443977912.91918105,201016323.2765228,0.5607852719001556,0.693808118101605,185,57
2016-04-20,4,2016,True,67.78,67.78,LANDSAT/LC08/C02/T1_L2,111,LANDSAT/LC08/C02/T1_L2/LC08_185058_20160420,2015,True,False,LC08_L2SP_185058_20160420_20200907_02_T1,LC81850582016111LGN01,1,LC08,primary,False,LC08_185058_20160420,291394724.6457802,104831959.71969092,0.3680585568239763,0.3618276541152752,185,58
2016-04-28,4,2016,True,59.0,59.0,LANDSAT/LE07/C02/T1_L2,119,LANDSAT/LE07/C02/T1_L2/LE07_185057_20160428,2015,True,False,LE07_L2SP_185057_20160428_20200902_02_T1,LE71850572016119EDC00,1,LE07,supplemental,True,LE07_185057_20160428,213145979.81130445,69779772.03070882,0.2692231364776602,0.2408449797760253,185,57
2016-04-28,4,2016,True,49.0,49.0,LANDSAT/LE07/C02/T1_L2,119,LANDSAT/LE07/C02/T1_L2/LE07_185058_20160428,2015,True,False,LE07_L2SP_185058_20160428_20200902_02_T1,LE71850582016119EDC00,1,LE07,supplemental,True,LE07_185058_20160428,6518093.711815926,153724.74188232422,0.0082329567487217,0.000530581159443,185,58
2016-05-06,5,2016,True,78.35,78.35,LANDSAT/LC08/C02/T1_L2,127,LANDSAT/LC08/C02/T1_L2/LC08_185057_20160506,2015,True,False,LC08_L2SP_185057_20160506_20200907_02_T1,LC81850572016127LGN01,1,LC08,primary,False,LC08_185057_20160506,245126624.91118905,98475401.44716366,0.3096176566463826,0.3398879844368156,185,57
2016-05-06,5,2016,False,85.67,85.67,LANDSAT/LC08/C02/T1_L2,127,LANDSAT/LC08/C02/T1_L2/LC08_185058_20160506,2015,False,False,LC08_L2SP_185058_20160506_20200907_02_T1,LC81850582016127LGN01,1,LC08,primary,False,LC08_185058_20160506,10866301.74320475,0.0,0.0137251466802616,0.0,185,58
2016-05-14,5,2016,True,21.0,21.0,LANDSAT/LE07/C02/T1_L2,135,LANDSAT/LE07/C02/T1_L2/LE07_185057_20160514,2015,True,False,LE07_L2SP_185057_20160514_20200902_02_T1,LE71850572016135EDC00,1,LE07,supplemental,True,LE07_185057_20160514,298372188.5937196,82484067.49975829,0.3768717407760595,0.2846938731768997,185,57
2016-05-14,5,2016,True,45.0,45.0,LANDSAT/LE07/C02/T1_L2,135,LANDSAT/LE07/C02/T1_L2/LE07_185058_20160514,2015,True,False,LE07_L2SP_185058_20160514_20200902_02_T1,LE71850582016135EDC00,1,LE07,supplemental,True,LE07_185058_20160514,100824897.48888876,14141570.362853764,0.1273511945241838,0.0488096496867869,185,58
2016-06-07,6,2016,True,68.28,68.28,LANDSAT/LC08/C02/T1_L2,159,LANDSAT/LC08/C02/T1_L2/LC08_185058_20160607,2015,True,False,LC08_L2SP_185058_20160607_20200906_02_T1,LC81850582016159LGN01,1,LC08,primary,False,LC08_185058_20160607,5812323.5904327985,3329006.5822753906,0.0073415036428307,0.0114900708278256,185,58
2016-09-03,9,2016,True,60.0,60.0,LANDSAT/LE07/C02/T1_L2,247,LANDSAT/LE07/C02/T1_L2/LE07_185057_20160903,2015,True,False,LE07_L2SP_185057_20160903_20200902_02_T1,LE71850572016247SG100,1,LE07,supplemental,True,LE07_185057_20160903,78479307.89942051,25183045.723706774,0.0991266428763177,0.0869193171820006,185,57
2016-09-03,9,2016,False,58.0,58.0,LANDSAT/LE07/C02/T1_L2,247,LANDSAT/LE07/C02/T1_L2/LE07_185058_20160903,2015,False,False,LE07_L2SP_185058_20160903_20200902_02_T1,LE71850582016247ASN00,1,LE07,supplemental,True,LE07_185058_20160903,196887.5771484375,0.0,0.0002486872663529,0.0,185,58
2016-10-05,10,2016,False,78.0,78.0,LANDSAT/LE07/C02/T1_L2,279,LANDSAT/LE07/C02/T1_L2/LE07_185058_20161005,2015,False,False,LE07_L2SP_185058_20161005_20200901_02_T1,LE71850582016279ASN00,1,LE07,supplemental,True,LE07_185058_20161005,0.0,0.0,0.0,0.0,185,58
2016-10-13,10,2016,True,77.0,77.0,LANDSAT/LC08/C02/T1_L2,287,LANDSAT/LC08/C02/T1_L2/LC08_185057_20161013,2015,True,False,LC08_L2SP_185057_20161013_20200905_02_T1,LC81850572016287LGN01,1,LC08,primary,False,LC08_185057_20161013,249034.58618164065,249034.58618164065,0.0003145537740969,0.0008595432190012,185,57
2016-10-21,10,2016,False,93.0,93.0,LANDSAT/LE07/C02/T1_L2,295,LANDSAT/LE07/C02/T1_L2/LE07_185058_20161021,2015,False,False,LE07_L2SP_185058_20161021_20200901_02_T1,LE71850582016295SG100,1,LE07,supplemental,True,LE07_185058_20161021,0.0,0.0,0.0,0.0,185,58
2016-10-29,10,2016,True,52.98,52.98,LANDSAT/LC08/C02/T1_L2,303,LANDSAT/LC08/C02/T1_L2/LC08_185057_20161029,2015,True,False,LC08_L2SP_185057_20161029_20200905_02_T1,LC81850572016303LGN01,1,LC08,primary,False,LC08_185057_20161029,163087572.20763373,11224456.122607663,0.2059947260048551,0.0387412258477518,185,57
2016-10-29,10,2016,True,59.03,59.03,LANDSAT/LC08/C02/T1_L2,303,LANDSAT/LC08/C02/T1_L2/LC08_185058_20161029,2015,True,False,LC08_L2SP_185058_20161029_20200905_02_T1,LC81850582016303LGN01,1,LC08,primary,False,LC08_185058_20161029,99428582.1235754,3007060.736984194,0.1255875187443525,0.0103788742970601,185,58
2016-11-06,11,2016,False,78.0,78.0,LANDSAT/LE07/C02/T1_L2,311,LANDSAT/LE07/C02/T1_L2/LE07_185057_20161106,2015,False,False,LE07_L2SP_185057_20161106_20200901_02_T1,LE71850572016311SG100,1,LE07,supplemental,True,LE07_185057_20161106,0.0,0.0,0.0,0.0,185,57
2016-11-06,11,2016,False,73.0,73.0,LANDSAT/LE07/C02/T1_L2,311,LANDSAT/LE07/C02/T1_L2/LE07_185058_20161106,2015,False,False,LE07_L2SP_185058_20161106_20200901_02_T1,LE71850582016311SG100,1,LE07,supplemental,True,LE07_185058_20161106,0.0,0.0,0.0,0.0,185,58
2016-11-14,11,2016,True,33.71,33.71,LANDSAT/LC08/C02/T1_L2,319,LANDSAT/LC08/C02/T1_L2/LC08_185057_20161114,2015,True,False,LC08_L2SP_185057_20161114_20200905_02_T1,LC81850572016319LGN01,1,LC08,primary,False,LC08_185057_20161114,281339395.5071212,105328092.77751562,0.3553577437407477,0.3635400580512671,185,57
2016-11-14,11,2016,True,57.58,57.58,LANDSAT/LC08/C02/T1_L2,319,LANDSAT/LC08/C02/T1_L2/LC08_185058_20161114,2015,True,False,LC08_L2SP_185058_20161114_20200905_02_T1,LC81850582016319LGN01,1,LC08,primary,False,LC08_185058_20161114,63485008.11388969,14277824.127602492,0.0801874518996891,0.0492799297444643,185,58
2016-11-22,11,2016,True,86.0,86.0,LANDSAT/LE07/C02/T1_L2,327,LANDSAT/LE07/C02/T1_L2/LE07_185057_20161122,2015,True,False,LE07_L2SP_185057_20161122_20200901_02_T1,LE71850572016327SG100,1,LE07,supplemental,True,LE07_185057_20161122,176912771.97451675,59104971.101176925,0.22345723525305,0.2040008895881874,185,57
2016-12-08,12,2016,True,87.0,87.0,LANDSAT/LE07/C02/T1_L2,343,LANDSAT/LE07/C02/T1_L2/LE07_185057_20161208,2015,True,False,LE07_L2SP_185057_20161208_20201008_02_T1,LE71850572016343SG100,1,LE07,supplemental,True,LE07_185057_20161208,66599118.1267346,22049669.7255182,0.0841208616019824,0.0761044655860066,185,57
2016-12-16,12,2016,True,67.54,67.54,LANDSAT/LC08/C02/T1_L2,351,LANDSAT/LC08/C02/T1_L2/LC08_185057_20161216,2015,True,False,LC08_L2SP_185057_20161216_20200905_02_T1,LC81850572016351LGN01,1,LC08,primary,False,LC08_185057_20161216,6532421.897369744,1203493.1156915403,0.0082510545756582,0.004153858155079,185,57
2016-12-24,12,2016,True,40.0,40.0,LANDSAT/LE07/C02/T1_L2,359,LANDSAT/LE07/C02/T1_L2/LE07_185057_20161224,2015,True,False,LE07_L2SP_185057_20161224_20201008_02_T1,LE71850572016359SG100,1,LE07,supplemental,True,LE07_185057_20161224,26102076.609928623,26069.62091064453,0.032969343075231,8.997933266720433e-05,185,57
2016-12-24,12,2016,False,42.0,42.0,LANDSAT/LE07/C02/T1_L2,359,LANDSAT/LE07/C02/T1_L2/LE07_185058_20161224,2015,False,False,LE07_L2SP_185058_20161224_20201008_02_T1,LE71850582016359SG100,1,LE07,supplemental,True,LE07_185058_20161224,0.0,0.0,0.0,0.0,185,58
2019-01-07,1,2019,False,75.99,75.99,LANDSAT/LC08/C02/T1_L2,7,LANDSAT/LC08/C02/T1_L2/LC08_185057_20190107,2020,False,False,LC08_L2SP_185057_20190107_20200829_02_T1,LC81850572019007LGN00,-1,LC08,primary,False,LC08_185057_20190107,0.0,0.0,0.0,0.0,185,57
2019-01-15,1,2019,False,62.0,62.0,LANDSAT/LE07/C02/T1_L2,15,LANDSAT/LE07/C02/T1_L2/LE07_185057_20190115,2020,True,True,LE07_L2SP_185057_20190115_20200827_02_T1,LE71850572019015ASN00,-1,LE07,diagnostic_only,True,LE07_185057_20190115,550504566.9942423,202189314.2568618,0.6953383136884561,0.6978566980942837,185,57
2019-01-15,1,2019,False,42.0,42.0,LANDSAT/LE07/C02/T1_L2,15,LANDSAT/LE07/C02/T1_L2/LE07_185058_20190115,2020,True,True,LE07_L2SP_185058_20190115_20200827_02_T1,LE71850582019015ASN00,-1,LE07,diagnostic_only,True,LE07_185058_20190115,130745106.7397224,25535626.07646557,0.1651431931614958,0.0881362487577049,185,58
2019-01-23,1,2019,True,45.95,45.95,LANDSAT/LC08/C02/T1_L2,23,LANDSAT/LC08/C02/T1_L2/LC08_185057_20190123,2020,True,False,LC08_L2SP_185057_20190123_20200829_02_T1,LC81850572019023LGN00,-1,LC08,primary,False,LC08_185057_20190123,610445816.930214,226135077.22449425,0.7710496704142084,0.7805055321306413,185,57
2019-01-23,1,2019,True,31.65,31.65,LANDSAT/LC08/C02/T1_L2,23,LANDSAT/LC08/C02/T1_L2/LC08_185058_20190123,2020,True,False,LC08_L2SP_185058_20190123_20200830_02_T1,LC81850582019023LGN00,-1,LC08,primary,False,LC08_185058_20190123,291970257.88891244,100077938.20985204,0.3687855086764128,0.3454191422919914,185,58
2019-02-08,2,2019,False,75.06,75.06,LANDSAT/LC08/C02/T1_L2,39,LANDSAT/LC08/C02/T1_L2/LC08_185057_20190208,2020,False,False,LC08_L2SP_185057_20190208_20200829_02_T1,LC81850572019039LGN00,-1,LC08,primary,False,LC08_185057_20190208,276043.65545654297,0.0,0.0003486687330089,0.0,185,57
2019-02-08,2,2019,False,75.89,75.89,LANDSAT/LC08/C02/T1_L2,39,LANDSAT/LC08/C02/T1_L2/LC08_185058_20190208,2020,False,False,LC08_L2SP_185058_20190208_20200829_02_T1,LC81850582019039LGN00,-1,LC08,primary,False,LC08_185058_20190208,851503.258972168,0.0,0.0010755275717814,0.0,185,58
2019-02-16,2,2019,False,94.0,94.0,LANDSAT/LE07/C02/T1_L2,47,LANDSAT/LE07/C02/T1_L2/LE07_185057_20190216,2020,False,True,LE07_L2SP_185057_20190216_20200827_02_T1,LE71850572019047SG100,-1,LE07,diagnostic_only,True,LE07_185057_20190216,0.0,0.0,0.0,0.0,185,57
2019-02-16,2,2019,False,100.0,100.0,LANDSAT/LE07/C02/T1_L2,47,LANDSAT/LE07/C02/T1_L2/LE07_185058_20190216,2020,False,True,LE07_L2SP_185058_20190216_20200827_02_T1,LE71850582019047SG100,-1,LE07,diagnostic_only,True,LE07_185058_20190216,0.0,0.0,0.0,0.0,185,58
2019-02-24,2,2019,True,51.46,51.46,LANDSAT/LC08/C02/T1_L2,55,LANDSAT/LC08/C02/T1_L2/LC08_185057_20190224,2020,True,False,LC08_L2SP_185057_20190224_20200829_02_T1,LC81850572019055LGN00,-1,LC08,primary,False,LC08_185057_20190224,266607742.34646088,123757417.02178356,0.3367502998052574,0.4271488961962695,185,57
2019-02-24,2,2019,True,45.04,45.04,LANDSAT/LC08/C02/T1_L2,55,LANDSAT/LC08/C02/T1_L2/LC08_185058_20190224,2020,True,False,LC08_L2SP_185058_20190224_20200829_02_T1,LC81850582019055LGN00,-1,LC08,primary,False,LC08_185058_20190224,61895106.34590777,32220761.158197142,0.0781792585429746,0.1112100017480568,185,58
2019-03-20,3,2019,False,36.0,36.0,LANDSAT/LE07/C02/T1_L2,79,LANDSAT/LE07/C02/T1_L2/LE07_185057_20190320,2020,True,True,LE07_L2SP_185057_20190320_20200827_02_T1,LE71850572019079ASN00,-1,LE07,diagnostic_only,True,LE07_185057_20190320,127494144.66022184,65871924.18318685,0.1610369266093989,0.2273570375197792,185,57
2019-03-28,3,2019,True,51.4,51.4,LANDSAT/LC08/C02/T1_L2,87,LANDSAT/LC08/C02/T1_L2/LC08_185057_20190328,2020,True,False,LC08_L2SP_185057_20190328_20200829_02_T1,LC81850572019087LGN00,-1,LC08,primary,False,LC08_185057_20190328,37401029.95868614,18968707.67841965,0.0472409688509564,0.0654705208147684,185,57
2019-03-28,3,2019,False,94.26,94.26,LANDSAT/LC08/C02/T1_L2,87,LANDSAT/LC08/C02/T1_L2/LC08_185058_20190328,2020,False,False,LC08_L2SP_185058_20190328_20200829_02_T1,LC81850582019087LGN00,-1,LC08,primary,False,LC08_185058_20190328,0.0,0.0,0.0,0.0,185,58
2019-04-05,4,2019,False,81.0,81.0,LANDSAT/LE07/C02/T1_L2,95,LANDSAT/LE07/C02/T1_L2/LE07_185057_20190405,2020,True,True,LE07_L2SP_185057_20190405_20200827_02_T1,LE71850572019095SG100,-1,LE07,diagnostic_only,True,LE07_185057_20190405,9245039.99221335,6275359.412395163,0.0116773427571495,0.0216594117002914,185,57
2019-04-05,4,2019,False,76.0,76.0,LANDSAT/LE07/C02/T1_L2,95,LANDSAT/LE07/C02/T1_L2/LE07_185058_20190405,2020,True,True,LE07_L2SP_185058_20190405_20200827_02_T1,LE71850582019095ASN00,-1,LE07,diagnostic_only,True,LE07_185058_20190405,448331.1821830001,156439.2719116211,0.0005662838546375,0.0005399503635974,185,58
2019-04-13,4,2019,False,88.61,88.61,LANDSAT/LC08/C02/T1_L2,103,LANDSAT/LC08/C02/T1_L2/LC08_185057_20190413,2020,False,False,LC08_L2SP_185057_20190413_20200829_02_T1,LC81850572019103LGN00,-1,LC08,primary,False,LC08_185057_20190413,0.0,0.0,0.0,0.0,185,57
2019-04-13,4,2019,False,78.91,78.91,LANDSAT/LC08/C02/T1_L2,103,LANDSAT/LC08/C02/T1_L2/LC08_185058_20190413,2020,False,False,LC08_L2SP_185058_20190413_20200829_02_T1,LC81850582019103LGN00,-1,LC08,primary,False,LC08_185058_20190413,0.0,0.0,0.0,0.0,185,58
2019-04-21,4,2019,False,41.0,41.0,LANDSAT/LE07/C02/T1_L2,111,LANDSAT/LE07/C02/T1_L2/LE07_185057_20190421,2020,True,True,LE07_L2SP_185057_20190421_20200825_02_T1,LE71850572019111SG100,-1,LE07,diagnostic_only,True,LE07_185057_20190421,385711990.41626674,127615339.8247985,0.487190009067209,0.4404645220922769,185,57
2019-04-21,4,2019,False,82.0,82.0,LANDSAT/LE07/C02/T1_L2,111,LANDSAT/LE07/C02/T1_L2/LE07_185058_20190421,2020,True,True,LE07_L2SP_185058_20190421_20200825_02_T1,LE71850582019111ASN00,-1,LE07,diagnostic_only,True,LE07_185058_20190421,39514497.09384598,6293724.274889655,0.0499104738140521,0.0217227980486178,185,58
2019-05-07,5,2019,False,35.0,35.0,LANDSAT/LE07/C02/T1_L2,127,LANDSAT/LE07/C02/T1_L2/LE07_185057_20190507,2020,True,True,LE07_L2SP_185057_20190507_20200825_02_T1,LE71850572019127ASN00,-1,LE07,diagnostic_only,True,LE07_185057_20190507,539854666.9426743,211264774.0528684,0.6818865024105937,0.7291806601454268,185,57
2019-05-07,5,2019,False,35.0,35.0,LANDSAT/LE07/C02/T1_L2,127,LANDSAT/LE07/C02/T1_L2/LE07_185058_20190507,2020,True,True,LE07_L2SP_185058_20190507_20200825_02_T1,LE71850582019127ASN00,-1,LE07,diagnostic_only,True,LE07_185058_20190507,135127760.07241428,25789162.343075983,0.1706788907025244,0.0890113295329388,185,58
2019-05-15,5,2019,True,60.25,60.25,LANDSAT/LC08/C02/T1_L2,135,LANDSAT/LC08/C02/T1_L2/LC08_185057_20190515,2020,True,False,LC08_L2SP_185057_20190515_20200828_02_T1,LC81850572019135LGN00,-1,LC08,primary,False,LC08_185057_20190515,54910982.62732149,27247304.406808168,0.0693576626830367,0.0940441088847486,185,57
2019-05-15,5,2019,True,62.96,62.96,LANDSAT/LC08/C02/T1_L2,135,LANDSAT/LC08/C02/T1_L2/LC08_185058_20190515,2020,True,False,LC08_L2SP_185058_20190515_20200828_02_T1,LC81850582019135LGN00,-1,LC08,primary,False,LC08_185058_20190515,24683202.546325684,17901177.17988257,0.031177173567703,0.061785937821042,185,58
2019-05-23,5,2019,False,63.0,63.0,LANDSAT/LE07/C02/T1_L2,143,LANDSAT/LE07/C02/T1_L2/LE07_185057_20190523,2020,False,True,LE07_L2SP_185057_20190523_20200825_02_T1,LE71850572019143ASN00,-1,LE07,diagnostic_only,True,LE07_185057_20190523,0.0,0.0,0.0,0.0,185,57
2019-05-31,5,2019,False,84.74,84.74,LANDSAT/LC08/C02/T1_L2,151,LANDSAT/LC08/C02/T1_L2/LC08_185058_20190531,2020,False,False,LC08_L2SP_185058_20190531_20200828_02_T1,LC81850582019151LGN00,-1,LC08,primary,False,LC08_185058_20190531,0.0,0.0,0.0,0.0,185,58
2019-06-08,6,2019,False,62.0,62.0,LANDSAT/LE07/C02/T1_L2,159,LANDSAT/LE07/C02/T1_L2/LE07_185057_20190608,2020,True,True,LE07_L2SP_185057_20190608_20200825_02_T1,LE71850572019159ASN00,-1,LE07,diagnostic_only,True,LE07_185057_20190608,176207.9765625,119567.5675048828,0.0002225670132954,0.0004126876247877,185,57
2019-06-08,6,2019,False,60.0,60.0,LANDSAT/LE07/C02/T1_L2,159,LANDSAT/LE07/C02/T1_L2/LE07_185058_20190608,2020,False,True,LE07_L2SP_185058_20190608_20200825_02_T1,LE71850582019159ASN00,-1,LE07,diagnostic_only,True,LE07_185058_20190608,0.0,0.0,0.0,0.0,185,58
2019-08-27,8,2019,False,93.0,93.0,LANDSAT/LE07/C02/T1_L2,239,LANDSAT/LE07/C02/T1_L2/LE07_185057_20190827,2020,False,True,LE07_L2SP_185057_20190827_20200825_02_T1,LE71850572019239ASN00,-1,LE07,diagnostic_only,True,LE07_185057_20190827,0.0,0.0,0.0,0.0,185,57
2019-08-27,8,2019,False,79.0,79.0,LANDSAT/LE07/C02/T1_L2,239,LANDSAT/LE07/C02/T1_L2/LE07_185058_20190827,2020,True,True,LE07_L2SP_185058_20190827_20200824_02_T1,LE71850582019239ASN00,-1,LE07,diagnostic_only,True,LE07_185058_20190827,36774858.856396,7123464.868467083,0.0464500566870044,0.0245866488561492,185,58
2019-09-04,9,2019,False,96.25,96.25,LANDSAT/LC08/C02/T1_L2,247,LANDSAT/LC08/C02/T1_L2/LC08_185057_20190904,2020,False,False,LC08_L2SP_185057_20190904_20200826_02_T1,LC81850572019247LGN00,-1,LC08,primary,False,LC08_185057_20190904,0.0,0.0,0.0,0.0,185,57
2019-09-04,9,2019,False,95.7,95.7,LANDSAT/LC08/C02/T1_L2,247,LANDSAT/LC08/C02/T1_L2/LC08_185058_20190904,2020,False,False,LC08_L2SP_185058_20190904_20200826_02_T1,LC81850582019247LGN00,-1,LC08,primary,False,LC08_185058_20190904,0.0,0.0,0.0,0.0,185,58
2019-09-20,9,2019,True,81.07,81.07,LANDSAT/LC08/C02/T1_L2,263,LANDSAT/LC08/C02/T1_L2/LC08_185057_20190920,2020,True,False,LC08_L2SP_185057_20190920_20200826_02_T1,LC81850572019263LGN00,-1,LC08,primary,False,LC08_185057_20190920,199592686.90710473,48771880.75503048,0.2521040708096173,0.1683362139520121,185,57
2019-09-28,9,2019,False,67.0,67.0,LANDSAT/LE07/C02/T1_L2,271,LANDSAT/LE07/C02/T1_L2/LE07_185058_20190928,2020,False,True,LE07_L2SP_185058_20190928_20200823_02_T1,LE71850582019271ASN00,-1,LE07,diagnostic_only,True,LE07_185058_20190928,0.0,0.0,0.0,0.0,185,58
2019-10-30,10,2019,False,56.0,56.0,LANDSAT/LE07/C02/T1_L2,303,LANDSAT/LE07/C02/T1_L2/LE07_185057_20191030,2020,True,True,LE07_L2SP_185057_20191030_20200823_02_T1,LE71850572019303SG100,-1,LE07,diagnostic_only,True,LE07_185057_20191030,67918018.87361869,11151572.171230895,0.0857867555404616,0.038489666788665,185,57
2019-10-30,10,2019,False,60.0,60.0,LANDSAT/LE07/C02/T1_L2,303,LANDSAT/LE07/C02/T1_L2/LE07_185058_20191030,2020,True,True,LE07_L2SP_185058_20191030_20200823_02_T1,LE71850582019303SG100,-1,LE07,diagnostic_only,True,LE07_185058_20191030,21907349.00775745,5671612.723683552,0.0276710131572766,0.0195755791682992,185,58
2019-11-07,11,2019,True,46.51,46.51,LANDSAT/LC08/C02/T1_L2,311,LANDSAT/LC08/C02/T1_L2/LC08_185057_20191107,2020,True,False,LC08_L2SP_185057_20191107_20200825_02_T1,LC81850572019311LGN00,-1,LC08,primary,False,LC08_185057_20191107,27282705.73357173,10565959.41478032,0.0344605871323108,0.0364684235489787,185,57
2019-11-07,11,2019,True,41.48,41.48,LANDSAT/LC08/C02/T1_L2,311,LANDSAT/LC08/C02/T1_L2/LC08_185058_20191107,2020,True,False,LC08_L2SP_185058_20191107_20200825_02_T1,LC81850582019311LGN00,-1,LC08,primary,False,LC08_185058_20191107,538524.5594482422,538524.5594482422,0.0006802064533108,0.0018587182625378,185,58
2019-11-15,11,2019,False,83.0,83.0,LANDSAT/LE07/C02/T1_L2,319,LANDSAT/LE07/C02/T1_L2/LE07_185057_20191115,2020,False,True,LE07_L2SP_185057_20191115_20200823_02_T1,LE71850572019319SG100,-1,LE07,diagnostic_only,True,LE07_185057_20191115,0.0,0.0,0.0,0.0,185,57
2019-11-15,11,2019,False,70.0,70.0,LANDSAT/LE07/C02/T1_L2,319,LANDSAT/LE07/C02/T1_L2/LE07_185058_20191115,2020,False,True,LE07_L2SP_185058_20191115_20200823_02_T1,LE71850582019319SG100,-1,LE07,diagnostic_only,True,LE07_185058_20191115,0.0,0.0,0.0,0.0,185,58
2019-11-23,11,2019,True,66.49,66.49,LANDSAT/LC08/C02/T1_L2,327,LANDSAT/LC08/C02/T1_L2/LC08_185057_20191123,2020,True,False,LC08_L2SP_185057_20191123_20200825_02_T1,LC81850572019327LGN00,-1,LC08,primary,False,LC08_185057_20191123,246934262.8842888,84738178.52740598,0.311900871019766,0.2924739405097051,185,57
2019-11-23,11,2019,True,58.55,58.55,LANDSAT/LC08/C02/T1_L2,327,LANDSAT/LC08/C02/T1_L2/LC08_185058_20191123,2020,True,False,LC08_L2SP_185058_20191123_20200825_02_T1,LC81850582019327LGN00,-1,LC08,primary,False,LC08_185058_20191123,154601968.46234342,52407377.848909765,0.1952766216463488,0.1808841372049832,185,58
2019-12-01,12,2019,False,78.0,78.0,LANDSAT/LE07/C02/T1_L2,335,LANDSAT/LE07/C02/T1_L2/LE07_185057_20191201,2020,True,True,LE07_L2SP_185057_20191201_20200823_02_T1,LE71850572019335SG100,-1,LE07,diagnostic_only,True,LE07_185057_20191201,7404842.353723863,1683957.230145862,0.0093530025072817,0.005812180711334,185,57
2019-12-09,12,2019,True,20.24,20.24,LANDSAT/LC08/C02/T1_L2,343,LANDSAT/LC08/C02/T1_L2/LC08_185057_20191209,2020,True,False,LC08_L2SP_185057_20191209_20200824_02_T1,LC81850572019343LGN00,-1,LC08,primary,False,LC08_185057_20191209,613639562.647276,232155113.3879397,0.7750836673951541,0.8012836952836808,185,57
2019-12-09,12,2019,True,34.28,34.28,LANDSAT/LC08/C02/T1_L2,343,LANDSAT/LC08/C02/T1_L2/LC08_185058_20191209,2020,True,False,LC08_L2SP_185058_20191209_20200824_02_T1,LC81850582019343LGN00,-1,LC08,primary,False,LC08_185058_20191209,326663605.4105911,105909141.25371,0.4126064235393842,0.3655455476713297,185,58
2019-12-25,12,2019,True,19.97,19.97,LANDSAT/LC08/C02/T1_L2,359,LANDSAT/LC08/C02/T1_L2/LC08_185057_20191225,2020,True,False,LC08_L2SP_185057_20191225_20200824_02_T1,LC81850572019359LGN00,-1,LC08,primary,False,LC08_185057_20191225,352546331.14373946,142777385.12629732,0.4452987061179162,0.4927963424426732,185,57
2019-12-25,12,2019,True,45.5,45.5,LANDSAT/LC08/C02/T1_L2,359,LANDSAT/LC08/C02/T1_L2/LC08_185058_20191225,2020,True,False,LC08_L2SP_185058_20191225_20200824_02_T1,LC81850582019359LGN00,-1,LC08,primary,False,LC08_185058_20191225,200661449.37468404,70570195.5395563,0.253454016907245,0.2435731276111757,185,58
2020-01-02,1,2020,False,71.0,71.0,LANDSAT/LE07/C02/T1_L2,2,LANDSAT/LE07/C02/T1_L2/LE07_185057_20200102,2020,True,True,LE07_L2SP_185057_20200102_20200822_02_T1,LE71850572020002SG100,0,LE07,diagnostic_only,True,LE07_185057_20200102,345904540.73364204,159291671.79834846,0.4369095089694799,0.5497954257557466,185,57
2020-01-02,1,2020,False,51.0,51.0,LANDSAT/LE07/C02/T1_L2,2,LANDSAT/LE07/C02/T1_L2/LE07_185058_20200102,2020,True,True,LE07_L2SP_185058_20200102_20200822_02_T1,LE71850582020002SG100,0,LE07,diagnostic_only,True,LE07_185058_20200102,138700429.6760553,27203888.61777272,0.1751915036879635,0.0938942592287824,185,58
2020-01-10,1,2020,True,80.78,80.78,LANDSAT/LC08/C02/T1_L2,10,LANDSAT/LC08/C02/T1_L2/LC08_185057_20200110,2020,True,False,LC08_L2SP_185057_20200110_20200824_02_T1,LC81850572020010LGN00,0,LC08,primary,False,LC08_185057_20200110,205681128.5109815,86162527.13779393,0.25979433710649,0.2973900817105093,185,57
2020-01-10,1,2020,True,70.12,70.12,LANDSAT/LC08/C02/T1_L2,10,LANDSAT/LC08/C02/T1_L2/LC08_185058_20200110,2020,True,False,LC08_L2SP_185058_20200110_20200823_02_T1,LC81850582020010LGN00,0,LC08,primary,False,LC08_185058_20200110,87625040.40674283,20882777.63057622,0.1106785510717563,0.0720769359047198,185,58
2020-01-18,1,2020,False,51.0,51.0,LANDSAT/LE07/C02/T1_L2,18,LANDSAT/LE07/C02/T1_L2/LE07_185057_20200118,2020,True,True,LE07_L2SP_185057_20200118_20200822_02_T1,LE71850572020018SG100,0,LE07,diagnostic_only,True,LE07_185057_20200118,71870345.40418294,20031767.226575665,0.09077891042832,0.0691396723170643,185,57
2020-01-18,1,2020,False,100.0,100.0,LANDSAT/LE07/C02/T1_L2,18,LANDSAT/LE07/C02/T1_L2/LE07_185058_20200118,2020,False,True,LE07_L2SP_185058_20200118_20200822_02_T1,LE71850582020018SG100,0,LE07,diagnostic_only,True,LE07_185058_20200118,0.0,0.0,0.0,0.0,185,58
2020-01-26,1,2020,True,0.0,0.0,LANDSAT/LC08/C02/T1_L2,26,LANDSAT/LC08/C02/T1_L2/LC08_185057_20200126,2020,True,False,LC08_L2SP_185057_20200126_20200823_02_T1,LC81850572020026LGN00,0,LC08,primary,False,LC08_185057_20200126,790810205.4364349,289393419.4320385,0.9988666173981864,0.9988417878429132,185,57
2020-01-26,1,2020,True,0.31,0.31,LANDSAT/LC08/C02/T1_L2,26,LANDSAT/LC08/C02/T1_L2/LC08_185058_20200126,2020,True,False,LC08_L2SP_185058_20200126_20200823_02_T1,LC81850582020026LGN00,0,LC08,primary,False,LC08_185058_20200126,412607182.1754867,137171732.41650853,0.521161130117653,0.4734484243536552,185,58
2020-02-03,2,2020,False,57.0,57.0,LANDSAT/LE07/C02/T1_L2,34,LANDSAT/LE07/C02/T1_L2/LE07_185057_20200203,2020,False,True,LE07_L2SP_185057_20200203_20200822_02_T1,LE71850572020034SG100,0,LE07,diagnostic_only,True,LE07_185057_20200203,0.0,0.0,0.0,0.0,185,57
2020-02-03,2,2020,False,100.0,100.0,LANDSAT/LE07/C02/T1_L2,34,LANDSAT/LE07/C02/T1_L2/LE07_185058_20200203,2020,False,True,LE07_L2SP_185058_20200203_20200822_02_T1,LE71850582020034SG100,0,LE07,diagnostic_only,True,LE07_185058_20200203,0.0,0.0,0.0,0.0,185,58
2020-02-11,2,2020,True,1.87,1.87,LANDSAT/LC08/C02/T1_L2,42,LANDSAT/LC08/C02/T1_L2/LC08_185057_20200211,2020,True,False,LC08_L2SP_185057_20200211_20200823_02_T1,LC81850572020042LGN00,0,LC08,primary,False,LC08_185057_20200211,723619664.1785699,281306658.13147527,0.913998733541835,0.9709303200176737,185,57
2020-02-11,2,2020,True,47.34,47.34,LANDSAT/LC08/C02/T1_L2,42,LANDSAT/LC08/C02/T1_L2/LC08_185058_20200211,2020,True,False,LC08_L2SP_185058_20200211_20200823_02_T1,LC81850582020042LGN00,0,LC08,primary,False,LC08_185058_20200211,345348505.42231107,128087327.0013902,0.4362071848128555,0.4420935864857625,185,58
2020-02-19,2,2020,False,89.0,89.0,LANDSAT/LE07/C02/T1_L2,50,LANDSAT/LE07/C02/T1_L2/LE07_185057_20200219,2020,True,True,LE07_L2SP_185057_20200219_20200822_02_T1,LE71850572020050SG100,0,LE07,diagnostic_only,True,LE07_185057_20200219,1417763.8219604492,1411469.9252929688,0.0017907671693862,0.004871690401368,185,57
2020-02-19,2,2020,False,100.0,100.0,LANDSAT/LE07/C02/T1_L2,50,LANDSAT/LE07/C02/T1_L2/LE07_185058_20200219,2020,False,True,LE07_L2SP_185058_20200219_20200822_02_T1,LE71850582020050SG100,0,LE07,diagnostic_only,True,LE07_185058_20200219,0.0,0.0,0.0,0.0,185,58
2020-02-27,2,2020,True,14.87,14.87,LANDSAT/LC08/C02/T1_L2,58,LANDSAT/LC08/C02/T1_L2/LC08_185057_20200227,2020,True,False,LC08_L2SP_185057_20200227_20200822_02_T1,LC81850572020058LGN00,0,LC08,primary,False,LC08_185057_20200227,621520508.8032873,232973855.5446624,0.7850380331514835,0.8041095849711806,185,57
2020-02-27,2,2020,True,39.12,39.12,LANDSAT/LC08/C02/T1_L2,58,LANDSAT/LC08/C02/T1_L2/LC08_185058_20200227,2020,True,False,LC08_L2SP_185058_20200227_20200822_02_T1,LC81850582020058LGN00,0,LC08,primary,False,LC08_185058_20200227,379614663.7724695,128965691.50274377,0.4794885201410508,0.4451252627783044,185,58
2020-03-06,3,2020,False,87.0,87.0,LANDSAT/LE07/C02/T1_L2,66,LANDSAT/LE07/C02/T1_L2/LE07_185057_20200306,2020,False,True,LE07_L2SP_185057_20200306_20200822_02_T1,LE71850572020066ASN00,0,LE07,diagnostic_only,True,LE07_185057_20200306,0.0,0.0,0.0,0.0,185,57
2020-03-06,3,2020,False,82.0,82.0,LANDSAT/LE07/C02/T1_L2,66,LANDSAT/LE07/C02/T1_L2/LE07_185058_20200306,2020,False,True,LE07_L2SP_185058_20200306_20200822_02_T1,LE71850582020066ASN00,0,LE07,diagnostic_only,True,LE07_185058_20200306,0.0,0.0,0.0,0.0,185,58
2020-03-14,3,2020,True,48.21,48.21,LANDSAT/LC08/C02/T1_L2,74,LANDSAT/LC08/C02/T1_L2/LC08_185057_20200314,2020,True,False,LC08_L2SP_185057_20200314_20200822_02_T1,LC81850572020074LGN00,0,LC08,primary,False,LC08_185057_20200314,9414522.123890596,2038076.635170611,0.0118914144047005,0.0070344243280651,185,57
2020-03-14,3,2020,True,60.8,60.8,LANDSAT/LC08/C02/T1_L2,74,LANDSAT/LC08/C02/T1_L2/LC08_185058_20200314,2020,True,False,LC08_L2SP_185058_20200314_20200822_02_T1,LC81850582020074LGN00,0,LC08,primary,False,LC08_185058_20200314,176461625.70405367,73067110.73051424,0.2228873956808854,0.2521912338498155,185,58
2020-03-22,3,2020,False,64.0,64.0,LANDSAT/LE07/C02/T1_L2,82,LANDSAT/LE07/C02/T1_L2/LE07_185057_20200322,2020,False,True,LE07_L2SP_185057_20200322_20200822_02_T1,LE71850572020082ASN00,0,LE07,diagnostic_only,True,LE07_185057_20200322,0.0,0.0,0.0,0.0,185,57
2020-03-30,3,2020,True,37.63,37.63,LANDSAT/LC08/C02/T1_L2,90,LANDSAT/LC08/C02/T1_L2/LC08_185057_20200330,2020,True,False,LC08_L2SP_185057_20200330_20200822_02_T1,LC81850572020090LGN00,0,LC08,primary,False,LC08_185057_20200330,445038279.979907,208180456.740395,0.5621246138204627,0.7185351346711019,185,57
2020-03-30,3,2020,True,71.36,71.36,LANDSAT/LC08/C02/T1_L2,90,LANDSAT/LC08/C02/T1_L2/LC08_185058_20200330,2020,True,False,LC08_L2SP_185058_20200330_20200822_02_T1,LC81850582020090LGN00,0,LC08,primary,False,LC08_185058_20200330,139232832.2629416,70727853.44345918,0.1758639775222683,0.2441172840847782,185,58
2020-04-07,4,2020,False,0.0,0.0,LANDSAT/LE07/C02/T1_L2,98,LANDSAT/LE07/C02/T1_L2/LE07_185057_20200407,2020,True,True,LE07_L2SP_185057_20200407_20200822_02_T1,LE71850572020098ASN00,0,LE07,diagnostic_only,True,LE07_185057_20200407,581369460.317544,215161049.43413424,0.7343235359051923,0.7426286600183675,185,57
2020-04-07,4,2020,False,4.0,4.0,LANDSAT/LE07/C02/T1_L2,98,LANDSAT/LE07/C02/T1_L2/LE07_185058_20200407,2020,True,True,LE07_L2SP_185058_20200407_20200822_02_T1,LE71850582020098ASN00,0,LE07,diagnostic_only,True,LE07_185058_20200407,131082604.31637922,23118343.78345158,0.1655694838952999,0.0797929955765726,185,58
2020-04-15,4,2020,True,26.01,26.01,LANDSAT/LC08/C02/T1_L2,106,LANDSAT/LC08/C02/T1_L2/LC08_185057_20200415,2020,True,False,LC08_L2SP_185057_20200415_20200822_02_T1,LC81850572020106LGN00,0,LC08,primary,False,LC08_185057_20200415,402263144.66951495,161991796.28002024,0.5080956515960048,0.5591149091426342,185,57
2020-04-15,4,2020,True,37.29,37.29,LANDSAT/LC08/C02/T1_L2,106,LANDSAT/LC08/C02/T1_L2/LC08_185058_20200415,2020,True,False,LC08_L2SP_185058_20200415_20200822_02_T1,LC81850582020106LGN00,0,LC08,primary,False,LC08_185058_20200415,255659487.8217244,100416191.89355302,0.3229216391628437,0.3465866253496069,185,58
2020-04-23,4,2020,False,36.0,36.0,LANDSAT/LE07/C02/T1_L2,114,LANDSAT/LE07/C02/T1_L2/LE07_185057_20200423,2020,True,True,LE07_L2SP_185057_20200423_20200820_02_T1,LE71850572020114SG100,0,LE07,diagnostic_only,True,LE07_185057_20200423,508037630.0743894,193514560.444964,0.6416986346089665,0.6679157733020807,185,57
2020-04-23,4,2020,False,9.0,9.0,LANDSAT/LE07/C02/T1_L2,114,LANDSAT/LE07/C02/T1_L2/LE07_185058_20200423,2020,True,True,LE07_L2SP_185058_20200423_20200820_02_T1,LE71850582020114ASN00,0,LE07,diagnostic_only,True,LE07_185058_20200423,111557106.65971103,21323048.0064568,0.1409069698517833,0.0735965297166382,185,58
2020-05-01,5,2020,True,80.81,80.81,LANDSAT/LC08/C02/T1_L2,122,LANDSAT/LC08/C02/T1_L2/LC08_185057_20200501,2020,True,False,LC08_L2SP_185057_20200501_20200820_02_T1,LC81850572020122LGN00,0,LC08,primary,False,LC08_185057_20200501,70534523.11421497,43430181.65755281,0.0890916430118746,0.1498993321213371,185,57
2020-05-01,5,2020,True,37.53,37.53,LANDSAT/LC08/C02/T1_L2,122,LANDSAT/LC08/C02/T1_L2/LC08_185058_20200501,2020,True,False,LC08_L2SP_185058_20200501_20200820_02_T1,LC81850582020122LGN00,0,LC08,primary,False,LC08_185058_20200501,29452047.150928453,17684198.39314132,0.037200666494768,0.0610370352381914,185,58
2020-05-09,5,2020,False,80.0,80.0,LANDSAT/LE07/C02/T1_L2,130,LANDSAT/LE07/C02/T1_L2/LE07_185057_20200509,2020,True,True,LE07_L2SP_185057_20200509_20200820_02_T1,LE71850572020130ASN00,0,LE07,diagnostic_only,True,LE07_185057_20200509,250243054.32560647,68980258.90618682,0.3160801814180695,0.2380854591197894,185,57
2020-05-09,5,2020,False,79.0,79.0,LANDSAT/LE07/C02/T1_L2,130,LANDSAT/LE07/C02/T1_L2/LE07_185058_20200509,2020,True,True,LE07_L2SP_185058_20200509_20200820_02_T1,LE71850582020130ASN00,0,LE07,diagnostic_only,True,LE07_185058_20200509,27374652.855726533,816302.198318302,0.0345767248733957,0.0028174681676887,185,58
2020-05-17,5,2020,True,41.48,41.48,LANDSAT/LC08/C02/T1_L2,138,LANDSAT/LC08/C02/T1_L2/LC08_185057_20200517,2020,True,False,LC08_L2SP_185057_20200517_20200820_02_T1,LC81850572020138LGN00,0,LC08,primary,False,LC08_185057_20200517,210050262.75165752,77347354.1940595,0.2653129587807439,0.266964500090358,185,57
2020-05-17,5,2020,True,65.18,65.18,LANDSAT/LC08/C02/T1_L2,138,LANDSAT/LC08/C02/T1_L2/LC08_185058_20200517,2020,True,False,LC08_L2SP_185058_20200517_20200820_02_T1,LC81850582020138LGN00,0,LC08,primary,False,LC08_185058_20200517,54021137.30113717,21290443.596187584,0.0682337055250953,0.0734839955494523,185,58
2020-06-02,6,2020,True,70.54,70.54,LANDSAT/LC08/C02/T1_L2,154,LANDSAT/LC08/C02/T1_L2/LC08_185057_20200602,2020,True,False,LC08_L2SP_185057_20200602_20200824_02_T1,LC81850572020154LGN00,0,LC08,primary,False,LC08_185057_20200602,119897824.1375761,34797691.660645485,0.1514420694199421,0.1201042809450891,185,57
2020-06-02,6,2020,False,100.0,100.0,LANDSAT/LC08/C02/T1_L2,154,LANDSAT/LC08/C02/T1_L2/LC08_185058_20200602,2020,False,False,LC08_L2SP_185058_20200602_20200824_02_T1,LC81850582020154LGN00,0,LC08,primary,False,LC08_185058_20200602,0.0,0.0,0.0,0.0,185,58
2020-06-10,6,2020,False,80.0,80.0,LANDSAT/LE07/C02/T1_L2,162,LANDSAT/LE07/C02/T1_L2/LE07_185057_20200610,2020,True,True,LE07_L2SP_185057_20200610_20200823_02_T1,LE71850572020162ASN00,0,LE07,diagnostic_only,True,LE07_185057_20200610,116024813.5119952,51017413.000916,0.1465500978746506,0.1760866716076878,185,57
2020-07-12,7,2020,False,81.0,81.0,LANDSAT/LE07/C02/T1_L2,194,LANDSAT/LE07/C02/T1_L2/LE07_185058_20200712,2020,True,True,LE07_L2SP_185058_20200712_20200907_02_T1,LE71850582020194ASN00,0,LE07,diagnostic_only,True,LE07_185058_20200712,32825781.131210502,10247179.344987936,0.041462005341585,0.0353681536967304,185,58
2020-08-05,8,2020,True,69.1,69.1,LANDSAT/LC08/C02/T1_L2,218,LANDSAT/LC08/C02/T1_L2/LC08_185057_20200805,2020,True,False,LC08_L2SP_185057_20200805_20200916_02_T1,LC81850572020218LGN00,0,LC08,primary,False,LC08_185057_20200805,261111533.79992428,90320543.78744398,0.3298080787746573,0.3117414819336661,185,57
2020-08-13,8,2020,False,100.0,100.0,LANDSAT/LE07/C02/T1_L2,226,LANDSAT/LE07/C02/T1_L2/LE07_185058_20200813,2020,False,True,LE07_L2SP_185058_20200813_20200917_02_T1,LE71850582020226ASN00,0,LE07,diagnostic_only,True,LE07_185058_20200813,0.0,0.0,0.0,0.0,185,58
2020-08-29,8,2020,False,100.0,100.0,LANDSAT/LE07/C02/T1_L2,242,LANDSAT/LE07/C02/T1_L2/LE07_185057_20200829,2020,False,True,LE07_L2SP_185057_20200829_20200924_02_T1,LE71850572020242ASN00,0,LE07,diagnostic_only,True,LE07_185057_20200829,0.0,0.0,0.0,0.0,185,57
2020-10-08,10,2020,True,85.82,85.82,LANDSAT/LC08/C02/T1_L2,282,LANDSAT/LC08/C02/T1_L2/LC08_185057_20201008,2020,True,False,LC08_L2SP_185057_20201008_20201016_02_T1,LC81850572020282LGN00,0,LC08,primary,False,LC08_185057_20201008,107180900.28695115,50905360.32049895,0.1353794154189435,0.1756999216260883,185,57
2020-10-08,10,2020,True,83.19,83.19,LANDSAT/LC08/C02/T1_L2,282,LANDSAT/LC08/C02/T1_L2/LC08_185058_20201008,2020,True,False,LC08_L2SP_185058_20201008_20201016_02_T1,LC81850582020282LGN00,0,LC08,primary,False,LC08_185058_20201008,7266963.941833496,2769231.142295209,0.0091788492882787,0.0095580051217093,185,58
2020-10-24,10,2020,True,73.48,73.48,LANDSAT/LC08/C02/T1_L2,298,LANDSAT/LC08/C02/T1_L2/LC08_185057_20201024,2020,True,False,LC08_L2SP_185057_20201024_20201106_02_T1,LC81850572020298LGN00,0,LC08,primary,False,LC08_185057_20201024,44177272.82524318,23746008.957829013,0.0557999919190147,0.0819593827949562,185,57
2020-11-01,11,2020,False,84.0,84.0,LANDSAT/LE07/C02/T1_L2,306,LANDSAT/LE07/C02/T1_L2/LE07_185057_20201101,2020,True,True,LE07_L2SP_185057_20201101_20201127_02_T1,LE71850572020306SG100,0,LE07,diagnostic_only,True,LE07_185057_20201101,4287826.825622559,1116241.3479485004,0.0054159228698055,0.0038527085579114,185,57
2020-11-17,11,2020,False,21.0,21.0,LANDSAT/LE07/C02/T1_L2,322,LANDSAT/LE07/C02/T1_L2/LE07_185057_20201117,2020,True,True,LE07_L2SP_185057_20201117_20201213_02_T1,LE71850572020322SG100,0,LE07,diagnostic_only,True,LE07_185057_20201117,294818433.4012914,123220032.19268084,0.3723830184458223,0.4252941117145972,185,57
2020-11-17,11,2020,False,66.0,66.0,LANDSAT/LE07/C02/T1_L2,322,LANDSAT/LE07/C02/T1_L2/LE07_185058_20201117,2020,True,True,LE07_L2SP_185058_20201117_20201213_02_T1,LE71850582020322SG100,0,LE07,diagnostic_only,True,LE07_185058_20201117,49932388.10854324,9197942.334056184,0.0630692361652925,0.0317467107008017,185,58
2020-11-25,11,2020,False,99.97,99.97,LANDSAT/LC08/C02/T1_L2,330,LANDSAT/LC08/C02/T1_L2/LC08_185057_20201125,2020,False,False,LC08_L2SP_185057_20201125_20210316_02_T1,LC81850572020330LGN00,0,LC08,primary,False,LC08_185057_20201125,0.0,0.0,0.0,0.0,185,57
2020-11-25,11,2020,False,91.03,91.03,LANDSAT/LC08/C02/T1_L2,330,LANDSAT/LC08/C02/T1_L2/LC08_185058_20201125,2020,False,False,LC08_L2SP_185058_20201125_20210316_02_T1,LC81850582020330LGN00,0,LC08,primary,False,LC08_185058_20201125,0.0,0.0,0.0,0.0,185,58
2020-12-03,12,2020,False,55.0,55.0,LANDSAT/LE07/C02/T1_L2,338,LANDSAT/LE07/C02/T1_L2/LE07_185057_20201203,2020,True,True,LE07_L2SP_185057_20201203_20201229_02_T1,LE71850572020338SG100,0,LE07,diagnostic_only,True,LE07_185057_20201203,130564621.21265414,52958471.22158011,0.1649152232052754,0.182786236743759,185,57
2020-12-03,12,2020,False,53.0,53.0,LANDSAT/LE07/C02/T1_L2,338,LANDSAT/LE07/C02/T1_L2/LE07_185058_20201203,2020,True,True,LE07_L2SP_185058_20201203_20201229_02_T1,LE71850582020338SG100,0,LE07,diagnostic_only,True,LE07_185058_20201203,31532914.42834425,5428193.5074726185,0.0398289948147089,0.0187354174065265,185,58
2020-12-11,12,2020,True,75.49,75.49,LANDSAT/LC08/C02/T1_L2,346,LANDSAT/LC08/C02/T1_L2/LC08_185058_20201211,2020,True,False,LC08_L2SP_185058_20201211_20210313_02_T1,LC81850582020346LGN00,0,LC08,primary,False,LC08_185058_20201211,72076480.3843233,33959726.16176375,0.0910392780221178,0.1172120418655123,185,58
2020-12-19,12,2020,False,47.0,47.0,LANDSAT/LE07/C02/T1_L2,354,LANDSAT/LE07/C02/T1_L2/LE07_185057_20201219,2020,True,True,LE07_L2SP_185057_20201219_20210114_02_T1,LE71850572020354SG100,0,LE07,diagnostic_only,True,LE07_185057_20201219,246545924.3644323,97280328.46376786,0.3114103634604706,0.3357631883800133,185,57
2020-12-19,12,2020,False,100.0,100.0,LANDSAT/LE07/C02/T1_L2,354,LANDSAT/LE07/C02/T1_L2/LE07_185058_20201219,2020,False,True,LE07_L2SP_185058_20201219_20210114_02_T1,LE71850582020354SG100,0,LE07,diagnostic_only,True,LE07_185058_20201219,0.0,0.0,0.0,0.0,185,58
2020-12-27,12,2020,True,73.56,73.56,LANDSAT/LC08/C02/T1_L2,362,LANDSAT/LC08/C02/T1_L2/LC08_185057_20201227,2020,True,False,LC08_L2SP_185057_20201227_20210310_02_T1,LC81850572020362LGN00,0,LC08,primary,False,LC08_185057_20201227,43028682.89749014,19530644.68248578,0.0543492163371807,0.06741004716232,185,57
2021-01-04,1,2021,False,90.0,90.0,LANDSAT/LE07/C02/T1_L2,4,LANDSAT/LE07/C02/T1_L2/LE07_185057_20210104,2020,False,True,LE07_L2SP_185057_20210104_20210130_02_T1,LE71850572021004ASN00,1,LE07,diagnostic_only,True,LE07_185057_20210104,0.0,0.0,0.0,0.0,185,57
2021-01-12,1,2021,True,25.51,25.51,LANDSAT/LC08/C02/T1_L2,12,LANDSAT/LC08/C02/T1_L2/LC08_185057_20210112,2020,True,False,LC08_L2SP_185057_20210112_20210308_02_T1,LC81850572021012LGN00,1,LC08,primary,False,LC08_185057_20210112,538157565.0346261,202033074.5993277,0.679742905336835,0.6973174366999867,185,57
2021-01-12,1,2021,True,42.91,42.91,LANDSAT/LC08/C02/T1_L2,12,LANDSAT/LC08/C02/T1_L2/LC08_185058_20210112,2020,True,False,LC08_L2SP_185058_20210112_20210308_02_T1,LC81850582021012LGN00,1,LC08,primary,False,LC08_185058_20210112,346636362.7344289,123347962.176968,0.4378338680147202,0.425735662232487,185,58
2021-01-20,1,2021,False,14.0,14.0,LANDSAT/LE07/C02/T1_L2,20,LANDSAT/LE07/C02/T1_L2/LE07_185057_20210120,2020,True,True,LE07_L2SP_185057_20210120_20210216_02_T1,LE71850572021020SG100,1,LE07,diagnostic_only,True,LE07_185057_20210120,598683376.2087164,220983419.85894084,0.7561926171098129,0.7627245796008211,185,57
2021-01-20,1,2021,False,28.0,28.0,LANDSAT/LE07/C02/T1_L2,20,LANDSAT/LE07/C02/T1_L2/LE07_185058_20210120,2020,True,True,LE07_L2SP_185058_20210120_20210216_02_T1,LE71850582021020SG100,1,LE07,diagnostic_only,True,LE07_185058_20210120,127686359.55411813,22136278.29049481,0.1612797118435295,0.0764033951679353,185,58
2021-01-28,1,2021,True,43.58,43.58,LANDSAT/LC08/C02/T1_L2,28,LANDSAT/LC08/C02/T1_L2/LC08_185057_20210128,2020,True,False,LC08_L2SP_185057_20210128_20210305_02_T1,LC81850572021028LGN00,1,LC08,primary,False,LC08_185057_20210128,297993310.3208888,97316739.13707586,0.3763931823859597,0.3358888598693474,185,57
2021-01-28,1,2021,True,30.95,30.95,LANDSAT/LC08/C02/T1_L2,28,LANDSAT/LC08/C02/T1_L2/LC08_185058_20210128,2020,True,False,LC08_L2SP_185058_20210128_20210305_02_T1,LC81850582021028LGN00,1,LC08,primary,False,LC08_185058_20210128,167983397.56023857,35967259.55842188,0.2121786073909455,0.1241410461635636,185,58
2021-02-05,2,2021,False,39.0,39.0,LANDSAT/LE07/C02/T1_L2,36,LANDSAT/LE07/C02/T1_L2/LE07_185057_20210205,2020,True,True,LE07_L2SP_185057_20210205_20210303_02_T1,LE71850572021036SG100,1,LE07,diagnostic_only,True,LE07_185057_20210205,182578428.6010168,78460518.52244419,0.2306134849207291,0.2708065883109847,185,57
2021-02-05,2,2021,False,46.0,46.0,LANDSAT/LE07/C02/T1_L2,36,LANDSAT/LE07/C02/T1_L2/LE07_185058_20210205,2020,True,True,LE07_L2SP_185058_20210205_20210303_02_T1,LE71850582021036SG100,1,LE07,diagnostic_only,True,LE07_185058_20210205,87442910.85643001,17065084.105758604,0.1104485045617359,0.058900161418109,185,58
2021-02-13,2,2021,True,31.69,31.69,LANDSAT/LC08/C02/T1_L2,44,LANDSAT/LC08/C02/T1_L2/LC08_185057_20210213,2020,True,False,LC08_L2SP_185057_20210213_20210301_02_T1,LC81850572021044LGN00,1,LC08,primary,False,LC08_185057_20210213,197670679.09013504,66793940.35794678,0.2496763967184745,0.2305393776235202,185,57
2021-02-13,2,2021,False,99.98,99.98,LANDSAT/LC08/C02/T1_L2,44,LANDSAT/LC08/C02/T1_L2/LC08_185058_20210213,2020,False,False,LC08_L2SP_185058_20210213_20210301_02_T1,LC81850582021044LGN00,1,LC08,primary,False,LC08_185058_20210213,0.0,0.0,0.0,0.0,185,58
2021-02-21,2,2021,False,100.0,100.0,LANDSAT/LE07/C02/T1_L2,52,LANDSAT/LE07/C02/T1_L2/LE07_185057_20210221,2020,False,True,LE07_L2SP_185057_20210221_20210319_02_T1,LE71850572021052SG100,1,LE07,diagnostic_only,True,LE07_185057_20210221,0.0,0.0,0.0,0.0,185,57
2021-02-21,2,2021,False,10.0,10.0,LANDSAT/LE07/C02/T1_L2,52,LANDSAT/LE07/C02/T1_L2/LE07_185058_20210221,2020,True,True,LE07_L2SP_185058_20210221_20210319_02_T1,LE71850582021052SG100,1,LE07,diagnostic_only,True,LE07_185058_20210221,126801789.97560558,21672414.935351327,0.1601624184440917,0.0748023701554259,185,58
2021-03-01,3,2021,True,29.7,29.7,LANDSAT/LC08/C02/T1_L2,60,LANDSAT/LC08/C02/T1_L2/LC08_185057_20210301,2020,True,False,LC08_L2SP_185057_20210301_20210311_02_T1,LC81850572021060LGN00,1,LC08,primary,False,LC08_185057_20210301,385433118.194907,165999525.3625814,0.4868377675931853,0.5729475916199064,185,57
2021-03-01,3,2021,True,79.92,79.92,LANDSAT/LC08/C02/T1_L2,60,LANDSAT/LC08/C02/T1_L2/LC08_185058_20210301,2020,True,False,LC08_L2SP_185058_20210301_20210311_02_T1,LC81850582021060LGN00,1,LC08,primary,False,LC08_185058_20210301,322106289.29132795,125464452.10540822,0.4068501107032968,0.4330407301508375,185,58
2021-03-09,3,2021,False,17.0,17.0,LANDSAT/LE07/C02/T1_L2,68,LANDSAT/LE07/C02/T1_L2/LE07_185057_20210309,2020,True,True,LE07_L2SP_185057_20210309_20210404_02_T1,LE71850572021068SG100,1,LE07,diagnostic_only,True,LE07_185057_20210309,279799510.1389081,107069387.93095228,0.3534127257347154,0.3695501406842252,185,57
2021-03-09,3,2021,False,32.0,32.0,LANDSAT/LE07/C02/T1_L2,68,LANDSAT/LE07/C02/T1_L2/LE07_185058_20210309,2020,True,True,LE07_L2SP_185058_20210309_20210404_02_T1,LE71850582021068SG100,1,LE07,diagnostic_only,True,LE07_185058_20210309,1756766.8433282592,45850.96905517578,0.0022189594194528,0.0001582546831758,185,58
2021-03-17,3,2021,False,99.91,99.91,LANDSAT/LC08/C02/T1_L2,76,LANDSAT/LC08/C02/T1_L2/LC08_185057_20210317,2020,False,False,LC08_L2SP_185057_20210317_20210328_02_T1,LC81850572021076LGN00,1,LC08,primary,False,LC08_185057_20210317,0.0,0.0,0.0,0.0,185,57
2021-03-17,3,2021,True,74.3,74.3,LANDSAT/LC08/C02/T1_L2,76,LANDSAT/LC08/C02/T1_L2/LC08_185058_20210317,2020,True,False,LC08_L2SP_185058_20210317_20210328_02_T1,LC81850582021076LGN00,1,LC08,primary,False,LC08_185058_20210317,20754186.44006994,7984946.608291925,0.026214461907207,0.0275600542739,185,58
2021-03-25,3,2021,False,74.0,74.0,LANDSAT/LE07/C02/T1_L2,84,LANDSAT/LE07/C02/T1_L2/LE07_185057_20210325,2020,True,True,LE07_L2SP_185057_20210325_20210420_02_T1,LE71850572021084ASN00,1,LE07,diagnostic_only,True,LE07_185057_20210325,324667407.55692434,151699258.44694346,0.4100850405526166,0.523590200561465,185,57
2021-03-25,3,2021,False,100.0,100.0,LANDSAT/LE07/C02/T1_L2,84,LANDSAT/LE07/C02/T1_L2/LE07_185058_20210325,2020,False,True,LE07_L2SP_185058_20210325_20210420_02_T1,LE71850582021084ASN00,1,LE07,diagnostic_only,True,LE07_185058_20210325,0.0,0.0,0.0,0.0,185,58
2021-04-02,4,2021,True,13.55,13.55,LANDSAT/LC08/C02/T1_L2,92,LANDSAT/LC08/C02/T1_L2/LC08_185057_20210402,2020,True,False,LC08_L2SP_185057_20210402_20210409_02_T1,LC81850572021092LGN00,1,LC08,primary,False,LC08_185057_20210402,270726321.367318,88212945.47200975,0.3419524470041296,0.3044671034299164,185,57
2021-04-02,4,2021,False,99.96,99.96,LANDSAT/LC08/C02/T1_L2,92,LANDSAT/LC08/C02/T1_L2/LC08_185058_20210402,2020,False,False,LC08_L2SP_185058_20210402_20210409_02_T1,LC81850582021092LGN00,1,LC08,primary,False,LC08_185058_20210402,0.0,0.0,0.0,0.0,185,58
2021-04-10,4,2021,False,44.0,44.0,LANDSAT/LE07/C02/T1_L2,100,LANDSAT/LE07/C02/T1_L2/LE07_185057_20210410,2020,True,True,LE07_L2SP_185057_20210410_20210506_02_T1,LE71850572021100ASN00,1,LE07,diagnostic_only,True,LE07_185057_20210410,509597029.6630686,203524903.902626,0.6436683008849049,0.7024664876057998,185,57
2021-04-10,4,2021,False,68.0,68.0,LANDSAT/LE07/C02/T1_L2,100,LANDSAT/LE07/C02/T1_L2/LE07_185058_20210410,2020,True,True,LE07_L2SP_185058_20210410_20210506_02_T1,LE71850582021100ASN00,1,LE07,diagnostic_only,True,LE07_185058_20210410,88283273.98072392,16928746.796914965,0.111509961110449,0.0584295930078724,185,58
2021-04-18,4,2021,False,80.51,80.51,LANDSAT/LC08/C02/T1_L2,108,LANDSAT/LC08/C02/T1_L2/LC08_185057_20210418,2020,False,False,LC08_L2SP_185057_20210418_20210424_02_T1,LC81850572021108LGN00,1,LC08,primary,False,LC08_185057_20210418,0.0,0.0,0.0,0.0,185,57
2021-04-18,4,2021,False,76.43,76.43,LANDSAT/LC08/C02/T1_L2,108,LANDSAT/LC08/C02/T1_L2/LC08_185058_20210418,2020,False,False,LC08_L2SP_185058_20210418_20210424_02_T1,LC81850582021108LGN00,1,LC08,primary,False,LC08_185058_20210418,0.0,0.0,0.0,0.0,185,58
2021-04-26,4,2021,False,69.0,69.0,LANDSAT/LE07/C02/T1_L2,116,LANDSAT/LE07/C02/T1_L2/LE07_185057_20210426,2020,True,True,LE07_L2SP_185057_20210426_20210522_02_T1,LE71850572021116SG100,1,LE07,diagnostic_only,True,LE07_185057_20210426,552474316.6395093,206463878.2670284,0.6978262901356029,0.7126103616936263,185,57
2021-04-26,4,2021,False,50.0,50.0,LANDSAT/LE07/C02/T1_L2,116,LANDSAT/LE07/C02/T1_L2/LE07_185058_20210426,2020,True,True,LE07_L2SP_185058_20210426_20210522_02_T1,LE71850582021116ASN00,1,LE07,diagnostic_only,True,LE07_185058_20210426,135353242.40120614,26321569.205855083,0.1709636957916533,0.0908489325569529,185,58
2021-05-04,5,2021,False,88.02,88.02,LANDSAT/LC08/C02/T1_L2,124,LANDSAT/LC08/C02/T1_L2/LC08_185058_20210504,2020,False,False,LC08_L2SP_185058_20210504_20210508_02_T1,LC81850582021124LGN00,1,LC08,primary,False,LC08_185058_20210504,0.0,0.0,0.0,0.0,185,58
2021-05-12,5,2021,False,62.0,62.0,LANDSAT/LE07/C02/T1_L2,132,LANDSAT/LE07/C02/T1_L2/LE07_185057_20210512,2020,True,True,LE07_L2SP_185057_20210512_20210607_02_T1,LE71850572021132ASN00,1,LE07,diagnostic_only,True,LE07_185057_20210512,477921488.04054046,150740419.7591194,0.6036591546988251,0.5202807675029014,185,57
2021-05-12,5,2021,False,50.0,50.0,LANDSAT/LE07/C02/T1_L2,132,LANDSAT/LE07/C02/T1_L2/LE07_185058_20210512,2020,True,True,LE07_L2SP_185058_20210512_20210607_02_T1,LE71850582021132ASN00,1,LE07,diagnostic_only,True,LE07_185058_20210512,113610116.13572614,22336739.962634765,0.1435001111854385,0.0770952889068711,185,58
2021-05-20,5,2021,True,72.0,72.0,LANDSAT/LC08/C02/T1_L2,140,LANDSAT/LC08/C02/T1_L2/LC08_185057_20210520,2020,True,False,LC08_L2SP_185057_20210520_20210528_02_T1,LC81850572021140LGN00,1,LC08,primary,False,LC08_185057_20210520,11353442.778779631,2162869.768893851,0.0143404509783795,0.0074651480018904,185,57
2021-05-20,5,2021,False,67.95,67.95,LANDSAT/LC08/C02/T1_L2,140,LANDSAT/LC08/C02/T1_L2/LC08_185058_20210520,2020,False,False,LC08_L2SP_185058_20210520_20210528_02_T1,LC81850582021140LGN00,1,LC08,primary,False,LC08_185058_20210520,0.0,0.0,0.0,0.0,185,58
2021-05-28,5,2021,False,70.0,70.0,LANDSAT/LE07/C02/T1_L2,148,LANDSAT/LE07/C02/T1_L2/LE07_185057_20210528,2020,True,True,LE07_L2SP_185057_20210528_20210623_02_T1,LE71850572021148ASN00,1,LE07,diagnostic_only,True,LE07_185057_20210528,413771321.1185195,146971172.07948476,0.5226315455475689,0.5072712039180143,185,57
2021-05-28,5,2021,False,69.0,69.0,LANDSAT/LE07/C02/T1_L2,148,LANDSAT/LE07/C02/T1_L2/LE07_185058_20210528,2020,True,True,LE07_L2SP_185058_20210528_20210623_02_T1,LE71850582021148ASN00,1,LE07,diagnostic_only,True,LE07_185058_20210528,123065891.80693886,23619798.649351597,0.1554436326456449,0.0815237677405047,185,58
2021-07-07,7,2021,True,64.52,64.52,LANDSAT/LC08/C02/T1_L2,188,LANDSAT/LC08/C02/T1_L2/LC08_185058_20210707,2020,True,False,LC08_L2SP_185058_20210707_20210713_02_T1,LC81850582021188LGN00,1,LC08,primary,False,LC08_185058_20210707,142036.14990234375,66530.47509765625,0.0001794048276386,0.0002296300269128,185,58
2021-07-31,7,2021,False,80.0,80.0,LANDSAT/LE07/C02/T1_L2,212,LANDSAT/LE07/C02/T1_L2/LE07_185057_20210731,2020,True,True,LE07_L2SP_185057_20210731_20210826_02_T1,LE71850572021212ASN00,1,LE07,diagnostic_only,True,LE07_185057_20210731,22079560.485728305,2483918.3386565563,0.0278885322222752,0.008573247584927,185,57
2021-07-31,7,2021,False,62.0,62.0,LANDSAT/LE07/C02/T1_L2,212,LANDSAT/LE07/C02/T1_L2/LE07_185058_20210731,2020,True,True,LE07_L2SP_185058_20210731_20210826_02_T1,LE71850582021212ASN00,1,LE07,diagnostic_only,True,LE07_185058_20210731,28378383.49124588,1918474.520175829,0.0358445297370505,0.0066216174625681,185,58
2021-09-09,9,2021,True,66.36,66.36,LANDSAT/LC08/C02/T1_L2,252,LANDSAT/LC08/C02/T1_L2/LC08_185057_20210909,2020,True,False,LC08_L2SP_185057_20210909_20210916_02_T1,LC81850572021252LGN00,1,LC08,primary,False,LC08_185057_20210909,426638257.57714057,180287258.8032512,0.5388836793823962,0.6222617233721421,185,57
2021-09-09,9,2021,True,62.82,62.82,LANDSAT/LC08/C02/T1_L2,252,LANDSAT/LC08/C02/T1_L2/LC08_185058_20210909,2020,True,False,LC08_L2SP_185058_20210909_20210916_02_T1,LC81850582021252LGN00,1,LC08,primary,False,LC08_185058_20210909,214959802.5844296,96630289.46071516,0.2715141628269616,0.3335195778609799,185,58
2021-09-25,9,2021,True,85.66,85.66,LANDSAT/LC08/C02/T1_L2,268,LANDSAT/LC08/C02/T1_L2/LC08_185058_20210925,2020,True,False,LC08_L2SP_185058_20210925_20211001_02_T1,LC81850582021268LGN00,1,LC08,primary,False,LC08_185058_20210925,460327.8096923828,137559.21130371094,0.00058143670757,0.0004747858082693,185,58
2021-10-03,10,2021,False,81.0,81.0,LANDSAT/LE07/C02/T1_L2,276,LANDSAT/LE07/C02/T1_L2/LE07_185058_20211003,2020,False,True,LE07_L2SP_185058_20211003_20211029_02_T1,LE71850582021276ASN00,1,LE07,diagnostic_only,True,LE07_185058_20211003,0.0,0.0,0.0,0.0,185,58
2021-10-11,10,2021,True,84.9,84.9,LANDSAT/LC08/C02/T1_L2,284,LANDSAT/LC08/C02/T1_L2/LC08_185057_20211011,2020,True,False,LC08_L2SP_185057_20211011_20211019_02_T1,LC81850572021284LGN00,1,LC08,primary,False,LC08_185057_20211011,340892674.91828233,151665137.4129969,0.43057905771907,0.5234724317655569,185,57
2021-10-11,10,2021,True,78.16,78.16,LANDSAT/LC08/C02/T1_L2,284,LANDSAT/LC08/C02/T1_L2/LC08_185058_20211011,2020,True,False,LC08_L2SP_185058_20211011_20211019_02_T1,LC81850582021284LGN00,1,LC08,primary,False,LC08_185058_20211011,188706985.32254377,81447584.77405289,0.2383544203308711,0.2811164516140884,185,58
2021-10-19,10,2021,False,85.0,85.0,LANDSAT/LE07/C02/T1_L2,292,LANDSAT/LE07/C02/T1_L2/LE07_185057_20211019,2020,True,True,LE07_L2SP_185057_20211019_20211114_02_T1,LE71850572021292SG100,1,LE07,diagnostic_only,True,LE07_185057_20211019,1495122.205521886,20677.58270263672,0.0018884779808859,7.13687053268386e-05,185,57
2021-10-27,10,2021,True,46.89,46.89,LANDSAT/LC08/C02/T1_L2,300,LANDSAT/LC08/C02/T1_L2/LC08_185057_20211027,2020,True,False,LC08_L2SP_185057_20211027_20211104_02_T1,LC81850572021300LGN00,1,LC08,primary,False,LC08_185057_20211027,562719083.2669679,255760572.42648596,0.7107663803327898,0.8827579698376373,185,57
2021-10-27,10,2021,True,48.86,48.86,LANDSAT/LC08/C02/T1_L2,300,LANDSAT/LC08/C02/T1_L2/LC08_185058_20211027,2020,True,False,LC08_L2SP_185058_20211027_20211104_02_T1,LC81850582021300LGN00,1,LC08,primary,False,LC08_185058_20211027,289214178.8139428,111499859.72883976,0.3653043252470999,0.3848419202287452,185,58
2021-11-04,11,2021,False,57.0,57.0,LANDSAT/LE07/C02/T1_L2,308,LANDSAT/LE07/C02/T1_L2/LE07_185057_20211104,2020,True,True,LE07_L2SP_185057_20211104_20211130_02_T1,LE71850572021308SG100,1,LE07,diagnostic_only,True,LE07_185057_20211104,564923989.6032574,212537173.31903395,0.7135513814856187,0.7335723479742694,185,57
2021-11-04,11,2021,False,39.0,39.0,LANDSAT/LE07/C02/T1_L2,308,LANDSAT/LE07/C02/T1_L2/LE07_185058_20211104,2020,True,True,LE07_L2SP_185058_20211104_20211130_02_T1,LE71850582021308SG100,1,LE07,diagnostic_only,True,LE07_185058_20211104,131438475.9735685,24202637.025547888,0.1660189827965544,0.0835354352029021,185,58
2021-11-12,11,2021,False,91.35,91.35,LANDSAT/LC08/C02/T1_L2,316,LANDSAT/LC08/C02/T1_L2/LC08_185058_20211112,2020,False,False,LC08_L2SP_185058_20211112_20211125_02_T1,LC81850582021316LGN00,1,LC08,primary,False,LC08_185058_20211112,0.0,0.0,0.0,0.0,185,58
2021-11-20,11,2021,False,71.0,71.0,LANDSAT/LE07/C02/T1_L2,324,LANDSAT/LE07/C02/T1_L2/LE07_185057_20211120,2020,True,True,LE07_L2SP_185057_20211120_20211217_02_T1,LE71850572021324SG100,1,LE07,diagnostic_only,True,LE07_185057_20211120,51821750.740979485,25771157.434940595,0.0654556763613426,0.0889491855675812,185,57
2021-11-28,11,2021,True,62.42,62.42,LANDSAT/LC08/C02/T1_L2,332,LANDSAT/LC08/C02/T1_L2/LC08_185058_20211128,2020,True,False,LC08_L2SP_185058_20211128_20211208_02_T1,LC81850582021332LGN00,1,LC08,primary,False,LC08_185058_20211128,21936549.869600423,831370.2818536496,0.0277078965534362,0.0028694756788731,185,58
2021-12-14,12,2021,True,35.38,35.38,LANDSAT/LC08/C02/T1_L2,348,LANDSAT/LC08/C02/T1_L2/LC08_185057_20211214,2020,True,False,LC08_L2SP_185057_20211214_20211223_02_T1,LC81850572021348LGN00,1,LC08,primary,False,LC08_185057_20211214,433913384.083161,157558056.325934,0.5480728387461175,0.5438118495524693,185,57
2021-12-14,12,2021,True,56.09,56.09,LANDSAT/LC08/C02/T1_L2,348,LANDSAT/LC08/C02/T1_L2/LC08_185058_20211214,2020,True,False,LC08_L2SP_185058_20211214_20211223_02_T1,LC81850582021348LGN00,1,LC08,primary,False,LC08_185058_20211214,211081837.2907195,73268535.16301462,0.2666159330764009,0.2528864505574683,185,58
2021-12-22,12,2021,False,22.0,22.0,LANDSAT/LE07/C02/T1_L2,356,LANDSAT/LE07/C02/T1_L2/LE07_185057_20211222,2020,True,True,LE07_L2SP_185057_20211222_20220117_02_T1,LE71850572021356SG100,1,LE07,diagnostic_only,True,LE07_185057_20211222,597344022.6880031,219221757.26435596,0.7545008894215025,0.7566441987165405,185,57
2021-12-22,12,2021,False,22.0,22.0,LANDSAT/LE07/C02/T1_L2,356,LANDSAT/LE07/C02/T1_L2/LE07_185058_20211222,2020,True,True,LE07_L2SP_185058_20211222_20220117_02_T1,LE71850582021356SG100,1,LE07,diagnostic_only,True,LE07_185058_20211222,138823150.44791043,27181603.835382916,0.1753465114021088,0.0938173432715101,185,58
2021-12-30,12,2021,True,42.94,42.94,LANDSAT/LC08/C02/T1_L2,364,LANDSAT/LC08/C02/T1_L2/LC08_185057_20211230,2020,True,False,LC08_L2SP_185057_20211230_20220105_02_T1,LC81850572021364LGN00,1,LC08,primary,False,LC08_185057_20211230,466929114.280492,218963087.9989452,0.5897747673712532,0.7557514013888406,185,57
2021-12-30,12,2021,True,44.02,44.02,LANDSAT/LC08/C02/T1_L2,364,LANDSAT/LC08/C02/T1_L2/LC08_185058_20211230,2020,True,False,LC08_L2SP_185058_20211230_20220105_02_T1,LC81850582021364LGN00,1,LC08,primary,False,LC08_185058_20211230,174631449.90071905,96275256.72752042,0.2205757139380936,0.3322941818908055,185,58
2024-01-05,1,2024,True,42.12,42.12,LANDSAT/LC08/C02/T1_L2,5,LANDSAT/LC08/C02/T1_L2/LC08_185057_20240105,2025,True,False,LC08_L2SP_185057_20240105_20240113_02_T1,LC81850572024005LGN00,-1,LC08,primary,False,LC08_185057_20240105,600120628.481735,205871853.0353605,0.7580079999999536,0.7105669857868492,185,57
2024-01-05,1,2024,True,57.78,57.78,LANDSAT/LC08/C02/T1_L2,5,LANDSAT/LC08/C02/T1_L2/LC08_185058_20240105,2025,True,False,LC08_L2SP_185058_20240105_20240113_02_T1,LC81850582024005LGN00,-1,LC08,primary,False,LC08_185058_20240105,373359650.3837869,117114381.34925064,0.4715878582345879,0.4042204493750546,185,58
2024-01-07,1,2024,False,41.0,41.0,LANDSAT/LE07/C02/T1_L2,7,LANDSAT/LE07/C02/T1_L2/LE07_185057_20240107,2025,False,True,LE07_L2SP_185057_20240107_20240202_02_T1,LE71850572024007SG100,-1,LE07,diagnostic_only,True,LE07_185057_20240107,86291.95611572266,0.0,0.0001089947420018,0.0,185,57
2024-01-07,1,2024,False,89.0,89.0,LANDSAT/LE07/C02/T1_L2,7,LANDSAT/LE07/C02/T1_L2/LE07_185058_20240107,2025,False,True,LE07_L2SP_185058_20240107_20240202_02_T1,LE71850582024007SG100,-1,LE07,diagnostic_only,True,LE07_185058_20240107,0.0,0.0,0.0,0.0,185,58
2024-01-12,1,2024,False,74.0,74.0,LANDSAT/LE07/C02/T1_L2,12,LANDSAT/LE07/C02/T1_L2/LE07_185057_20240112,2025,False,True,LE07_L2SP_185057_20240112_20240207_02_T1,LE71850572024012SG100,-1,LE07,diagnostic_only,True,LE07_185057_20240112,0.0,0.0,0.0,0.0,185,57
2024-01-13,1,2024,True,19.09,19.09,LANDSAT/LC09/C02/T1_L2,13,LANDSAT/LC09/C02/T1_L2/LC09_185057_20240113,2025,True,False,LC09_L2SP_185057_20240113_20240114_02_T1,LC91850572024013LGN00,-1,LC09,primary,False,LC09_185057_20240113,340738274.5142247,117377859.86371164,0.4303840356919569,0.40512984583251,185,57
2024-01-13,1,2024,True,28.93,28.93,LANDSAT/LC09/C02/T1_L2,13,LANDSAT/LC09/C02/T1_L2/LC09_185058_20240113,2025,True,False,LC09_L2SP_185058_20240113_20240114_02_T1,LC91850582024013LGN00,-1,LC09,primary,False,LC09_185058_20240113,233156423.17429057,83980477.77337219,0.2944981819148811,0.2898587353080997,185,58
2024-01-17,1,2024,False,17.0,17.0,LANDSAT/LE07/C02/T1_L2,17,LANDSAT/LE07/C02/T1_L2/LE07_186057_20240117,2025,True,True,LE07_L2SP_186057_20240117_20240212_02_T1,LE71860572024017SG100,-1,LE07,diagnostic_only,True,LE07_186057_20240117,187459404.7977326,58997851.599604115,0.2367786104460426,0.2036311664801989,186,57
2024-01-21,1,2024,True,21.54,21.54,LANDSAT/LC08/C02/T1_L2,21,LANDSAT/LC08/C02/T1_L2/LC08_185057_20240121,2025,True,False,LC08_L2SP_185057_20240121_20240129_02_T1,LC81850572024021LGN01,-1,LC08,primary,False,LC08_185057_20240121,171776987.44772875,57821129.89114631,0.216970263179735,0.1995697098742529,185,57
2024-01-21,1,2024,True,46.85,46.85,LANDSAT/LC08/C02/T1_L2,21,LANDSAT/LC08/C02/T1_L2/LC08_185058_20240121,2025,True,False,LC08_L2SP_185058_20240121_20240129_02_T1,LC81850582024021LGN01,-1,LC08,primary,False,LC08_185058_20240121,153109872.8259428,52143056.38538794,0.1933919665029019,0.1799718313076773,185,58
2024-01-29,1,2024,True,18.25,18.25,LANDSAT/LC09/C02/T1_L2,29,LANDSAT/LC09/C02/T1_L2/LC09_185057_20240129,2025,True,False,LC09_L2SP_185057_20240129_20240130_02_T1,LC91850572024029LGN00,-1,LC09,primary,False,LC09_185057_20240129,686091721.5628747,257315075.9777947,0.866597462237091,0.8881233409972329,185,57
2024-01-29,1,2024,True,56.89,56.89,LANDSAT/LC09/C02/T1_L2,29,LANDSAT/LC09/C02/T1_L2/LC09_185058_20240129,2025,True,False,LC09_L2SP_185058_20240129_20240130_02_T1,LC91850582024029LGN00,-1,LC09,primary,False,LC09_185058_20240129,324498748.13050973,102510533.32486144,0.4098720080580977,0.3538152476994418,185,58
2024-02-06,2,2024,True,6.71,6.71,LANDSAT/LC08/C02/T1_L2,37,LANDSAT/LC08/C02/T1_L2/LC08_185057_20240206,2025,True,False,LC08_L2SP_185057_20240206_20240212_02_T1,LC81850572024037LGN00,-1,LC08,primary,False,LC08_185057_20240206,790822790.8145477,289397015.83279526,0.9988825138977232,0.9988542008251048,185,57
2024-02-06,2,2024,True,37.44,37.44,LANDSAT/LC08/C02/T1_L2,37,LANDSAT/LC08/C02/T1_L2/LC08_185058_20240206,2025,True,False,LC08_L2SP_185058_20240206_20240212_02_T1,LC81850582024037LGN00,-1,LC08,primary,False,LC08_185058_20240206,381990674.2235139,117983853.33061096,0.4824896416564562,0.4072214331225279,185,58
2024-02-14,2,2024,True,34.31,34.31,LANDSAT/LC09/C02/T1_L2,45,LANDSAT/LC09/C02/T1_L2/LC09_185057_20240214,2025,True,False,LC09_L2SP_185057_20240214_20240215_02_T1,LC91850572024045LGN00,-1,LC09,primary,False,LC09_185057_20240214,460110788.6914454,196230868.10272193,0.5811625899225672,0.6772911129436356,185,57
2024-02-14,2,2024,True,26.37,26.37,LANDSAT/LC09/C02/T1_L2,45,LANDSAT/LC09/C02/T1_L2/LC09_185058_20240214,2025,True,False,LC09_L2SP_185058_20240214_20240215_02_T1,LC91850582024045LGN00,-1,LC09,primary,False,LC09_185058_20240214,236620457.3457204,87292658.3442797,0.2988735782762095,0.3012907311343931,185,58
2024-02-22,2,2024,False,100.0,100.0,LANDSAT/LC08/C02/T1_L2,53,LANDSAT/LC08/C02/T1_L2/LC08_185057_20240222,2025,False,False,LC08_L2SP_185057_20240222_20240229_02_T1,LC81850572024053LGN00,-1,LC08,primary,False,LC08_185057_20240222,0.0,0.0,0.0,0.0,185,57
2024-02-22,2,2024,False,100.0,100.0,LANDSAT/LC08/C02/T1_L2,53,LANDSAT/LC08/C02/T1_L2/LC08_185058_20240222,2025,False,False,LC08_L2SP_185058_20240222_20240229_02_T1,LC81850582024053LGN00,-1,LC08,primary,False,LC08_185058_20240222,0.0,0.0,0.0,0.0,185,58
2024-03-01,3,2024,True,19.3,19.3,LANDSAT/LC09/C02/T1_L2,61,LANDSAT/LC09/C02/T1_L2/LC09_185057_20240301,2025,True,False,LC09_L2SP_185057_20240301_20240305_02_T1,LC91850572024061LGN00,-1,LC09,primary,False,LC09_185057_20240301,648943742.5534923,254949287.46073407,0.8196761201992724,0.8799578186550981,185,57
2024-03-01,3,2024,True,18.71,18.71,LANDSAT/LC09/C02/T1_L2,61,LANDSAT/LC09/C02/T1_L2/LC09_185058_20240301,2025,True,False,LC09_L2SP_185058_20240301_20240305_02_T1,LC91850582024061LGN00,-1,LC09,primary,False,LC09_185058_20240301,297901914.6580081,107296232.12566854,0.3762777411890721,0.3703330937363605,185,58
2024-03-09,3,2024,True,32.45,32.45,LANDSAT/LC08/C02/T1_L2,69,LANDSAT/LC08/C02/T1_L2/LC08_185057_20240309,2025,True,False,LC08_L2SP_185057_20240309_20240316_02_T1,LC81850572024069LGN00,-1,LC08,primary,False,LC08_185057_20240309,395217693.5684171,142650738.0871556,0.4991965935653688,0.4923592200117292,185,57
2024-03-09,3,2024,True,51.88,51.88,LANDSAT/LC08/C02/T1_L2,69,LANDSAT/LC08/C02/T1_L2/LC08_185058_20240309,2025,True,False,LC08_L2SP_185058_20240309_20240316_02_T1,LC81850582024069LGN00,-1,LC08,primary,False,LC08_185058_20240309,217807164.2801813,82472431.9476699,0.2751106446705097,0.2846537130527569,185,58
2024-03-17,3,2024,True,64.02,64.02,LANDSAT/LC09/C02/T1_L2,77,LANDSAT/LC09/C02/T1_L2/LC09_185057_20240317,2025,True,False,LC09_L2SP_185057_20240317_20240318_02_T1,LC91850572024077LGN00,-1,LC09,primary,False,LC09_185057_20240317,331523808.60832787,164963261.7249251,0.4187453108408094,0.5693709262397998,185,57
2024-03-17,3,2024,True,89.61,89.61,LANDSAT/LC09/C02/T1_L2,77,LANDSAT/LC09/C02/T1_L2/LC09_185058_20240317,2025,True,False,LC09_L2SP_185058_20240317_20240318_02_T1,LC91850582024077LGN00,-1,LC09,primary,False,LC09_185058_20240317,131096464.57009566,52429834.08986387,0.1655869906809368,0.1809616449517276,185,58
2024-03-25,3,2024,False,99.98,99.98,LANDSAT/LC08/C02/T1_L2,85,LANDSAT/LC08/C02/T1_L2/LC08_185057_20240325,2025,False,False,LC08_L2SP_185057_20240325_20240403_02_T1,LC81850572024085LGN00,-1,LC08,primary,False,LC08_185057_20240325,0.0,0.0,0.0,0.0,185,57
2024-04-02,4,2024,True,15.35,15.35,LANDSAT/LC09/C02/T1_L2,93,LANDSAT/LC09/C02/T1_L2/LC09_185057_20240402,2025,True,False,LC09_L2SP_185057_20240402_20240403_02_T1,LC91850572024093LGN00,-1,LC09,primary,False,LC09_185057_20240402,215929551.3003088,96905542.8354698,0.272739045375135,0.3344696152650414,185,57
2024-04-02,4,2024,True,52.11,52.11,LANDSAT/LC09/C02/T1_L2,93,LANDSAT/LC09/C02/T1_L2/LC09_185058_20240402,2025,True,False,LC09_L2SP_185058_20240402_20240403_02_T1,LC91850582024093LGN00,-1,LC09,primary,False,LC09_185058_20240402,55696991.66374751,29140340.156040803,0.070350464978786,0.1005779243941857,185,58
2024-04-10,4,2024,False,58.48,58.48,LANDSAT/LC08/C02/T1_L2,101,LANDSAT/LC08/C02/T1_L2/LC08_185057_20240410,2025,False,False,LC08_L2SP_185057_20240410_20240419_02_T1,LC81850572024101LGN00,-1,LC08,primary,False,LC08_185057_20240410,0.0,0.0,0.0,0.0,185,57
2024-04-10,4,2024,False,80.6,80.6,LANDSAT/LC08/C02/T1_L2,101,LANDSAT/LC08/C02/T1_L2/LC08_185058_20240410,2025,False,False,LC08_L2SP_185058_20240410_20240419_02_T1,LC81850582024101LGN00,-1,LC08,primary,False,LC08_185058_20240410,0.0,0.0,0.0,0.0,185,58
2024-04-18,4,2024,True,48.07,48.07,LANDSAT/LC09/C02/T1_L2,109,LANDSAT/LC09/C02/T1_L2/LC09_185057_20240418,2025,True,False,LC09_L2SP_185057_20240418_20240419_02_T1,LC91850572024109LGN00,-1,LC09,primary,False,LC09_185057_20240418,472751619.22093886,191232428.28470317,0.5971291310032181,0.6600389909912651,185,57
2024-04-18,4,2024,True,63.14,63.14,LANDSAT/LC09/C02/T1_L2,109,LANDSAT/LC09/C02/T1_L2/LC09_185058_20240418,2025,True,False,LC09_L2SP_185058_20240418_20240419_02_T1,LC91850582024109LGN00,-1,LC09,primary,False,LC09_185058_20240418,264646508.9816569,95176240.78429174,0.3342730802100082,0.3285009268411336,185,58
2024-04-26,4,2024,True,36.98,36.98,LANDSAT/LC08/C02/T1_L2,117,LANDSAT/LC08/C02/T1_L2/LC08_185057_20240426,2025,True,False,LC08_L2SP_185057_20240426_20240510_02_T1,LC81850572024117LGN00,-1,LC08,primary,False,LC08_185057_20240426,293371235.8309888,121371610.12051094,0.3705550737230336,0.4189142803733111,185,57
2024-04-26,4,2024,True,47.03,47.03,LANDSAT/LC08/C02/T1_L2,117,LANDSAT/LC08/C02/T1_L2/LC08_185058_20240426,2025,True,False,LC08_L2SP_185058_20240426_20240510_02_T1,LC81850582024117LGN00,-1,LC08,primary,False,LC08_185058_20240426,125082526.08138356,54012937.294182785,0.1579908287268236,0.1864257278532848,185,58
2024-05-04,5,2024,False,99.9,99.9,LANDSAT/LC09/C02/T1_L2,125,LANDSAT/LC09/C02/T1_L2/LC09_185057_20240504,2025,False,False,LC09_L2SP_185057_20240504_20240505_02_T1,LC91850572024125LGN00,-1,LC09,primary,False,LC09_185057_20240504,0.0,0.0,0.0,0.0,185,57
2024-05-04,5,2024,True,74.18,74.18,LANDSAT/LC09/C02/T1_L2,125,LANDSAT/LC09/C02/T1_L2/LC09_185058_20240504,2025,True,False,LC09_L2SP_185058_20240504_20240505_02_T1,LC91850582024125LGN00,-1,LC09,primary,False,LC09_185058_20240504,173843981.36495456,53018166.75012806,0.2195810681593476,0.1829922759431924,185,58
2024-05-12,5,2024,False,98.22,98.22,LANDSAT/LC08/C02/T1_L2,133,LANDSAT/LC08/C02/T1_L2/LC08_185057_20240512,2025,False,False,LC08_L2SP_185057_20240512_20240520_02_T1,LC81850572024133LGN00,-1,LC08,primary,False,LC08_185057_20240512,0.0,0.0,0.0,0.0,185,57
2024-05-12,5,2024,False,95.07,95.07,LANDSAT/LC08/C02/T1_L2,133,LANDSAT/LC08/C02/T1_L2/LC08_185058_20240512,2025,False,False,LC08_L2SP_185058_20240512_20240520_02_T1,LC81850582024133LGN00,-1,LC08,primary,False,LC08_185058_20240512,0.0,0.0,0.0,0.0,185,58
2024-05-20,5,2024,True,41.96,41.96,LANDSAT/LC09/C02/T1_L2,141,LANDSAT/LC09/C02/T1_L2/LC09_185057_20240520,2025,True,False,LC09_L2SP_185057_20240520_20240523_02_T1,LC91850572024141LGN00,-1,LC09,primary,False,LC09_185057_20240520,551573931.6318256,243580728.95564064,0.6966890203826351,0.840719223234683,185,57
2024-05-20,5,2024,True,28.68,28.68,LANDSAT/LC09/C02/T1_L2,141,LANDSAT/LC09/C02/T1_L2/LC09_185058_20240520,2025,True,False,LC09_L2SP_185058_20240520_20240523_02_T1,LC91850582024141LGN00,-1,LC09,primary,False,LC09_185058_20240520,249710784.3734947,103258525.2454504,0.3154078751137836,0.3563969428489701,185,58
2024-05-28,5,2024,True,60.89,60.89,LANDSAT/LC08/C02/T1_L2,149,LANDSAT/LC08/C02/T1_L2/LC08_185057_20240528,2025,True,False,LC08_L2SP_185057_20240528_20240611_02_T1,LC81850572024149LGN00,-1,LC08,primary,False,LC08_185057_20240528,146560091.04010794,56867599.71005981,0.1851189847784153,0.1962785991340438,185,57
2024-06-29,6,2024,True,57.83,57.83,LANDSAT/LC08/C02/T1_L2,181,LANDSAT/LC08/C02/T1_L2/LC08_185058_20240629,2025,True,False,LC08_L2SP_185058_20240629_20240709_02_T1,LC81850582024181LGN00,-1,LC08,primary,False,LC08_185058_20240629,146422776.95957607,65629124.47539108,0.1849455443622458,0.2265190139921592,185,58
2024-08-08,8,2024,True,83.99,83.99,LANDSAT/LC09/C02/T1_L2,221,LANDSAT/LC09/C02/T1_L2/LC09_185058_20240808,2025,True,False,LC09_L2SP_185058_20240808_20240809_02_T1,LC91850582024221LGN00,-1,LC09,primary,False,LC09_185058_20240808,858107.1797506893,65627.7300415039,0.0010838689360737,0.0002265142011016,185,58
2024-08-24,8,2024,True,56.21,56.21,LANDSAT/LC09/C02/T1_L2,237,LANDSAT/LC09/C02/T1_L2/LC09_185058_20240824,2025,True,False,LC09_L2SP_185058_20240824_20240825_02_T1,LC91850582024237LGN00,-1,LC09,primary,False,LC09_185058_20240824,39245291.470060706,14536982.176754462,0.0495704421491009,0.0501744141099238,185,58
2024-09-09,9,2024,True,62.5,62.5,LANDSAT/LC09/C02/T1_L2,253,LANDSAT/LC09/C02/T1_L2/LC09_185058_20240909,2025,True,False,LC09_L2SP_185058_20240909_20240910_02_T1,LC91850582024253LGN00,-1,LC09,primary,False,LC09_185058_20240909,43511137.314730525,11560613.194604011,0.0549586010017751,0.039901472447166,185,58
2024-10-11,10,2024,True,64.38,64.38,LANDSAT/LC09/C02/T1_L2,285,LANDSAT/LC09/C02/T1_L2/LC09_185057_20241011,2025,True,False,LC09_L2SP_185057_20241011_20241012_02_T1,LC91850572024285LGN00,-1,LC09,primary,False,LC09_185057_20241011,78606195.06192484,26564300.419543937,0.0992869131281817,0.0916867196770681,185,57
2024-10-11,10,2024,True,34.34,34.34,LANDSAT/LC09/C02/T1_L2,285,LANDSAT/LC09/C02/T1_L2/LC09_185058_20241011,2025,True,False,LC09_L2SP_185058_20241011_20241012_02_T1,LC91850582024285LGN00,-1,LC09,primary,False,LC09_185058_20241011,44878599.97999866,12795975.827305213,0.0566858331460807,0.0441653282843281,185,58
2024-11-04,11,2024,True,84.76,84.76,LANDSAT/LC08/C02/T1_L2,309,LANDSAT/LC08/C02/T1_L2/LC08_185057_20241104,2025,True,False,LC08_L2SP_185057_20241104_20241113_02_T1,LC81850572024309LGN00,-1,LC08,primary,False,LC08_185057_20241104,17573787.579118088,58441.13220214844,0.0221973232431165,0.000201709648709,185,57
2024-11-12,11,2024,True,3.93,3.93,LANDSAT/LC09/C02/T1_L2,317,LANDSAT/LC09/C02/T1_L2/LC09_185057_20241112,2025,True,False,LC09_L2SP_185057_20241112_20241116_02_T1,LC91850572024317LGN00,-1,LC09,primary,False,LC09_185057_20241112,673529094.333424,252634354.29258657,0.8507296991758005,0.8719678236201476,185,57
2024-11-12,11,2024,True,8.5,8.5,LANDSAT/LC09/C02/T1_L2,317,LANDSAT/LC09/C02/T1_L2/LC09_185058_20241112,2025,True,False,LC09_L2SP_185058_20241112_20241116_02_T1,LC91850582024317LGN00,-1,LC09,primary,False,LC09_185058_20241112,320085531.1910549,108238249.28164926,0.4042977058477149,0.3735844672544769,185,58
2024-11-20,11,2024,True,13.75,13.75,LANDSAT/LC08/C02/T1_L2,325,LANDSAT/LC08/C02/T1_L2/LC08_185057_20241120,2025,True,False,LC08_L2SP_185057_20241120_20241203_02_T1,LC81850572024325LGN00,-1,LC08,primary,False,LC08_185057_20241120,339628518.78496766,101752958.71050283,0.4289823113037271,0.3512004778690999,185,57
2024-11-20,11,2024,True,37.9,37.9,LANDSAT/LC08/C02/T1_L2,325,LANDSAT/LC08/C02/T1_L2/LC08_185058_20241120,2025,True,False,LC08_L2SP_185058_20241120_20241203_02_T1,LC81850582024325LGN00,-1,LC08,primary,False,LC08_185058_20241120,131283079.65087987,29328277.20133057,0.1658227028318637,0.1012265893662073,185,58
2024-11-28,11,2024,True,0.2,0.2,LANDSAT/LC09/C02/T1_L2,333,LANDSAT/LC09/C02/T1_L2/LC09_185057_20241128,2025,True,False,LC09_L2SP_185057_20241128_20241129_02_T1,LC91850572024333LGN00,-1,LC09,primary,False,LC09_185057_20241128,786697218.076242,287969768.9577235,0.9936715329852204,0.9939280562597316,185,57
2024-11-28,11,2024,True,18.23,18.23,LANDSAT/LC09/C02/T1_L2,333,LANDSAT/LC09/C02/T1_L2/LC09_185058_20241128,2025,True,False,LC09_L2SP_185058_20241128_20241129_02_T1,LC91850582024333LGN00,-1,LC09,primary,False,LC09_185058_20241128,362288129.46126735,107635292.77569154,0.4576035007018887,0.3715033620393538,185,58
2024-12-06,12,2024,True,42.65,42.65,LANDSAT/LC08/C02/T1_L2,341,LANDSAT/LC08/C02/T1_L2/LC08_185057_20241206,2025,True,False,LC08_L2SP_185057_20241206_20241210_02_T1,LC81850572024341LGN00,-1,LC08,primary,False,LC08_185057_20241206,388915661.7653466,165041796.49307936,0.4912365430417482,0.5696419891008178,185,57
2024-12-06,12,2024,True,57.92,57.92,LANDSAT/LC08/C02/T1_L2,341,LANDSAT/LC08/C02/T1_L2/LC08_185058_20241206,2025,True,False,LC08_L2SP_185058_20241206_20241210_02_T1,LC81850582024341LGN00,-1,LC08,primary,False,LC08_185058_20241206,216947395.7646551,80866392.42584445,0.274024677313304,0.27911046541957,185,58
2024-12-14,12,2024,True,11.53,11.53,LANDSAT/LC09/C02/T1_L2,349,LANDSAT/LC09/C02/T1_L2/LC09_185057_20241214,2025,True,False,LC09_L2SP_185057_20241214_20241215_02_T1,LC91850572024349LGN00,-1,LC09,primary,False,LC09_185057_20241214,246085814.95849177,85802366.37587146,0.3108292026170907,0.2961469863420813,185,57
2024-12-14,12,2024,True,43.97,43.97,LANDSAT/LC09/C02/T1_L2,349,LANDSAT/LC09/C02/T1_L2/LC09_185058_20241214,2025,True,False,LC09_L2SP_185058_20241214_20241215_02_T1,LC91850582024349LGN00,-1,LC09,primary,False,LC09_185058_20241214,157140751.02134794,47588149.51458357,0.198483339427163,0.1642505639367008,185,58
2024-12-22,12,2024,True,15.12,15.12,LANDSAT/LC08/C02/T1_L2,357,LANDSAT/LC08/C02/T1_L2/LC08_185057_20241222,2025,True,False,LC08_L2SP_185057_20241222_20241228_02_T1,LC81850572024357LGN00,-1,LC08,primary,False,LC08_185057_20241222,314040261.34055626,132486800.12978086,0.3966619694784626,0.4572783740795957,185,57
2024-12-22,12,2024,True,43.55,43.55,LANDSAT/LC08/C02/T1_L2,357,LANDSAT/LC08/C02/T1_L2/LC08_185058_20241222,2025,True,False,LC08_L2SP_185058_20241222_20241228_02_T1,LC81850582024357LGN00,-1,LC08,primary,False,LC08_185058_20241222,191759666.12631404,70792348.37721713,0.2422102392460754,0.2443398884379388,185,58
2024-12-30,12,2024,True,27.23,27.23,LANDSAT/LC09/C02/T1_L2,365,LANDSAT/LC09/C02/T1_L2/LC09_185057_20241230,2025,True,False,LC09_L2SP_185057_20241230_20241231_02_T1,LC91850572024365LGN00,-1,LC09,primary,False,LC09_185057_20241230,514943700.5148629,211097593.38664505,0.6504216419411522,0.7286036358444906,185,57
2024-12-30,12,2024,True,74.08,74.08,LANDSAT/LC09/C02/T1_L2,365,LANDSAT/LC09/C02/T1_L2/LC09_185058_20241230,2025,True,False,LC09_L2SP_185058_20241230_20241231_02_T1,LC91850582024365LGN00,-1,LC09,primary,False,LC09_185058_20241230,166957264.2020843,63313513.463084504,0.2108825058113088,0.2185266793771552,185,58
2025-01-07,1,2025,True,22.37,22.37,LANDSAT/LC08/C02/T1_L2,7,LANDSAT/LC08/C02/T1_L2/LC08_185057_20250107,2025,True,False,LC08_L2SP_185057_20250107_20250111_02_T1,LC81850572025007LGN00,0,LC08,primary,False,LC08_185057_20250107,708253464.6362599,259485242.19017485,0.8945897986879632,0.8956136726839183,185,57
2025-01-07,1,2025,True,44.72,44.72,LANDSAT/LC08/C02/T1_L2,7,LANDSAT/LC08/C02/T1_L2/LC08_185058_20250107,2025,True,False,LC08_L2SP_185058_20250107_20250111_02_T1,LC81850582025007LGN00,0,LC08,primary,False,LC08_185058_20250107,379248517.6706538,121156837.64067842,0.4790260436635345,0.4181729928618107,185,58
2025-01-15,1,2025,False,99.98,99.98,LANDSAT/LC09/C02/T1_L2,15,LANDSAT/LC09/C02/T1_L2/LC09_185057_20250115,2025,False,False,LC09_L2SP_185057_20250115_20250116_02_T1,LC91850572025015LGN00,0,LC09,primary,False,LC09_185057_20250115,0.0,0.0,0.0,0.0,185,57
2025-01-15,1,2025,False,100.0,100.0,LANDSAT/LC09/C02/T1_L2,15,LANDSAT/LC09/C02/T1_L2/LC09_185058_20250115,2025,False,False,LC09_L2SP_185058_20250115_20250116_02_T1,LC91850582025015LGN00,0,LC09,primary,False,LC09_185058_20250115,0.0,0.0,0.0,0.0,185,58
2025-01-23,1,2025,True,43.04,43.04,LANDSAT/LC08/C02/T1_L2,23,LANDSAT/LC08/C02/T1_L2/LC08_185057_20250123,2025,True,False,LC08_L2SP_185057_20250123_20250128_02_T1,LC81850572025023LGN00,0,LC08,primary,False,LC08_185057_20250123,283837137.6374907,129366981.39304993,0.3585126236547193,0.4465103153902931,185,57
2025-01-31,1,2025,True,75.0,75.0,LANDSAT/LC09/C02/T1_L2,31,LANDSAT/LC09/C02/T1_L2/LC09_185057_20250131,2025,True,False,LC09_L2SP_185057_20250131_20250201_02_T1,LC91850572025031LGN00,0,LC09,primary,False,LC09_185057_20250131,37971223.876953125,32526141.99942532,0.0479611766409988,0.1122640241443641,185,57
2025-01-31,1,2025,False,99.98,99.98,LANDSAT/LC09/C02/T1_L2,31,LANDSAT/LC09/C02/T1_L2/LC09_185058_20250131,2025,False,False,LC09_L2SP_185058_20250131_20250201_02_T1,LC91850582025031LGN00,0,LC09,primary,False,LC09_185058_20250131,0.0,0.0,0.0,0.0,185,58
2025-02-08,2,2025,True,51.32,51.32,LANDSAT/LC08/C02/T1_L2,39,LANDSAT/LC08/C02/T1_L2/LC08_185057_20250208,2025,True,False,LC08_L2SP_185057_20250208_20250214_02_T1,LC81850572025039LGN00,0,LC08,primary,False,LC08_185057_20250208,139030828.02275845,59768883.24103715,0.1756088274360596,0.2062923832581197,185,57
2025-02-08,2,2025,True,42.35,42.35,LANDSAT/LC08/C02/T1_L2,39,LANDSAT/LC08/C02/T1_L2/LC08_185058_20250208,2025,True,False,LC08_L2SP_185058_20250208_20250214_02_T1,LC81850582025039LGN00,0,LC08,primary,False,LC08_185058_20250208,233645529.8091883,79943061.55584216,0.2951159689472042,0.2759235876433799,185,58
2025-02-16,2,2025,False,71.52,71.52,LANDSAT/LC09/C02/T1_L2,47,LANDSAT/LC09/C02/T1_L2/LC09_185057_20250216,2025,False,False,LC09_L2SP_185057_20250216_20250219_02_T1,LC91850572025047LGN00,0,LC09,primary,False,LC09_185057_20250216,0.0,0.0,0.0,0.0,185,57
2025-02-16,2,2025,False,41.81,41.81,LANDSAT/LC09/C02/T1_L2,47,LANDSAT/LC09/C02/T1_L2/LC09_185058_20250216,2025,False,False,LC09_L2SP_185058_20250216_20250219_02_T1,LC91850582025047LGN00,0,LC09,primary,False,LC09_185058_20250216,0.0,0.0,0.0,0.0,185,58
2025-02-24,2,2025,True,32.63,32.63,LANDSAT/LC08/C02/T1_L2,55,LANDSAT/LC08/C02/T1_L2/LC08_185057_20250224,2025,True,False,LC08_L2SP_185057_20250224_20250304_02_T1,LC81850572025055LGN00,0,LC08,primary,False,LC08_185057_20250224,654223438.0272882,262041382.75772852,0.826344865142811,0.9044361953918776,185,57
2025-02-24,2,2025,True,63.93,63.93,LANDSAT/LC08/C02/T1_L2,55,LANDSAT/LC08/C02/T1_L2/LC08_185058_20250224,2025,True,False,LC08_L2SP_185058_20250224_20250304_02_T1,LC81850582025055LGN00,0,LC08,primary,False,LC08_185058_20250224,351672201.9062553,123373567.90206905,0.4441945998372786,0.425824040428125,185,58
2025-03-12,3,2025,False,99.99,99.99,LANDSAT/LC08/C02/T1_L2,71,LANDSAT/LC08/C02/T1_L2/LC08_185058_20250312,2025,False,False,LC08_L2SP_185058_20250312_20250324_02_T1,LC81850582025071LGN00,0,LC08,primary,False,LC08_185058_20250312,0.0,0.0,0.0,0.0,185,58
2025-03-20,3,2025,True,58.8,58.8,LANDSAT/LC09/C02/T1_L2,79,LANDSAT/LC09/C02/T1_L2/LC09_185057_20250320,2025,True,False,LC09_L2SP_185057_20250320_20250321_02_T1,LC91850572025079LGN00,0,LC09,primary,False,LC09_185057_20250320,62741056.34613158,29773832.40229779,0.0792477718340306,0.1027644237592293,185,57
2025-03-28,3,2025,True,53.58,53.58,LANDSAT/LC08/C02/T1_L2,87,LANDSAT/LC08/C02/T1_L2/LC08_185057_20250328,2025,True,False,LC08_L2SP_185057_20250328_20250401_02_T1,LC81850572025087LGN00,0,LC08,primary,False,LC08_185057_20250328,523250099.0145941,198055707.5939628,0.6609133934576984,0.6835895489741945,185,57
2025-03-28,3,2025,True,40.63,40.63,LANDSAT/LC08/C02/T1_L2,87,LANDSAT/LC08/C02/T1_L2/LC08_185058_20250328,2025,True,False,LC08_L2SP_185058_20250328_20250401_02_T1,LC81850582025087LGN00,0,LC08,primary,False,LC08_185058_20250328,186847236.24962372,59262530.45710809,0.2360053848064093,0.2045447059233291,185,58
2025-04-05,4,2025,True,88.2,88.2,LANDSAT/LC09/C02/T1_L2,95,LANDSAT/LC09/C02/T1_L2/LC09_185057_20250405,2025,True,False,LC09_L2SP_185057_20250405_20250406_02_T1,LC91850572025095LGN00,0,LC09,primary,False,LC09_185057_20250405,376452282.8579154,120315080.17016648,0.475494139813976,0.4152676657869021,185,57
2025-04-05,4,2025,False,99.93,99.93,LANDSAT/LC09/C02/T1_L2,95,LANDSAT/LC09/C02/T1_L2/LC09_185058_20250405,2025,False,False,LC09_L2SP_185058_20250405_20250406_02_T1,LC91850582025095LGN00,0,LC09,primary,False,LC09_185058_20250405,0.0,0.0,0.0,0.0,185,58
2025-04-21,4,2025,True,73.98,73.98,LANDSAT/LC09/C02/T1_L2,111,LANDSAT/LC09/C02/T1_L2/LC09_185057_20250421,2025,True,False,LC09_L2SP_185057_20250421_20250422_02_T1,LC91850572025111LGN00,0,LC09,primary,False,LC09_185057_20250421,2026908.949369782,1125125.117938352,0.002560173948329,0.0038833709023312,185,57
2025-05-07,5,2025,True,28.21,28.21,LANDSAT/LC09/C02/T1_L2,127,LANDSAT/LC09/C02/T1_L2/LC09_185057_20250507,2025,True,False,LC09_L2SP_185057_20250507_20250513_02_T1,LC91850572025127LGN00,0,LC09,primary,False,LC09_185057_20250507,193091512.52761132,66077201.56438203,0.2438924847464651,0.2280655526851867,185,57
2025-05-07,5,2025,True,18.98,18.98,LANDSAT/LC09/C02/T1_L2,127,LANDSAT/LC09/C02/T1_L2/LC09_185058_20250507,2025,True,False,LC09_L2SP_185058_20250507_20250513_02_T1,LC91850582025127LGN00,0,LC09,primary,False,LC09_185058_20250507,72647618.51578224,23974110.182215557,0.0917606784409739,0.0827466744867388,185,58
2025-05-31,5,2025,True,46.66,46.66,LANDSAT/LC08/C02/T1_L2,151,LANDSAT/LC08/C02/T1_L2/LC08_185057_20250531,2025,True,False,LC08_L2SP_185057_20250531_20250607_02_T1,LC81850572025151LGN00,0,LC08,primary,False,LC08_185057_20250531,573805711.2017963,214206648.18715584,0.7247698194228338,0.7393345427930265,185,57
2025-05-31,5,2025,True,57.56,57.56,LANDSAT/LC08/C02/T1_L2,151,LANDSAT/LC08/C02/T1_L2/LC08_185058_20250531,2025,True,False,LC08_L2SP_185058_20250531_20250607_02_T1,LC81850582025151LGN00,0,LC08,primary,False,LC08_185058_20250531,325071396.50846976,112205094.75246271,0.4105953160583224,0.3872760398891974,185,58
2025-06-08,6,2025,True,75.22,75.22,LANDSAT/LC09/C02/T1_L2,159,LANDSAT/LC09/C02/T1_L2/LC09_185057_20250608,2025,True,False,LC09_L2SP_185057_20250608_20250609_02_T1,LC91850572025159LGN00,0,LC09,primary,False,LC09_185057_20250608,600071110.974404,235519944.18279368,0.7579454547966802,0.8128974134308211,185,57
2025-06-08,6,2025,True,57.3,57.3,LANDSAT/LC09/C02/T1_L2,159,LANDSAT/LC09/C02/T1_L2/LC09_185058_20250608,2025,True,False,LC09_L2SP_185058_20250608_20250609_02_T1,LC91850582025159LGN00,0,LC09,primary,False,LC09_185058_20250608,375315993.53980905,124834069.31873734,0.4740589010427007,0.4308649630898605,185,58
2025-08-19,8,2025,True,69.29,69.29,LANDSAT/LC08/C02/T1_L2,231,LANDSAT/LC08/C02/T1_L2/LC08_185058_20250819,2025,True,False,LC08_L2SP_185058_20250819_20250826_02_T1,LC81850582025231LGN00,0,LC08,primary,False,LC08_185058_20250819,5203438.217529297,3016653.919363463,0.0065724249579145,0.0104119851793241,185,58
2025-09-12,9,2025,False,79.77,79.77,LANDSAT/LC09/C02/T1_L2,255,LANDSAT/LC09/C02/T1_L2/LC09_185058_20250912,2025,False,False,LC09_L2SP_185058_20250912_20250915_02_T1,LC91850582025255LGN00,0,LC09,primary,False,LC09_185058_20250912,0.0,0.0,0.0,0.0,185,58
2025-10-14,10,2025,False,85.34,85.34,LANDSAT/LC09/C02/T1_L2,287,LANDSAT/LC09/C02/T1_L2/LC09_185057_20251014,2025,False,False,LC09_L2SP_185057_20251014_20251015_02_T1,LC91850572025287LGN00,0,LC09,primary,False,LC09_185057_20251014,20846855.542246383,0.0,0.0263315115760048,0.0,185,57
2025-10-14,10,2025,False,82.46,82.46,LANDSAT/LC09/C02/T1_L2,287,LANDSAT/LC09/C02/T1_L2/LC09_185058_20251014,2025,False,False,LC09_L2SP_185058_20251014_20251015_02_T1,LC91850582025287LGN00,0,LC09,primary,False,LC09_185058_20251014,566948.7529495541,0.0,0.0007161088453383,0.0,185,58
2025-10-22,10,2025,True,75.21,75.21,LANDSAT/LC08/C02/T1_L2,295,LANDSAT/LC08/C02/T1_L2/LC08_185057_20251022,2025,True,False,LC08_L2SP_185057_20251022_20251120_02_T1,LC81850572025295LGN00,0,LC08,primary,False,LC08_185057_20251022,98875641.69634365,32300766.62303131,0.1248891037133188,0.1114861407207017,185,57
2025-11-07,11,2025,True,85.12,85.12,LANDSAT/LC08/C02/T1_L2,311,LANDSAT/LC08/C02/T1_L2/LC08_185058_20251107,2025,True,False,LC08_L2SP_185058_20251107_20251128_02_T1,LC81850582025311LGN00,0,LC08,primary,False,LC08_185058_20251107,25188911.731357947,11576070.99844516,0.0318159311603185,0.0399548250785255,185,58
2025-11-23,11,2025,False,58.96,58.96,LANDSAT/LC08/C02/T1_L2,327,LANDSAT/LC08/C02/T1_L2/LC08_185057_20251123,2025,False,False,LC08_L2SP_185057_20251123_20251202_02_T1,LC81850572025327LGN00,0,LC08,primary,False,LC08_185057_20251123,3138200.5763803525,0.0,0.0039638383178377,0.0,185,57
2025-11-23,11,2025,False,92.83,92.83,LANDSAT/LC08/C02/T1_L2,327,LANDSAT/LC08/C02/T1_L2/LC08_185058_20251123,2025,False,False,LC08_L2SP_185058_20251123_20251202_02_T1,LC81850582025327LGN00,0,LC08,primary,False,LC08_185058_20251123,0.0,0.0,0.0,0.0,185,58
2025-12-01,12,2025,True,70.13,70.13,LANDSAT/LC09/C02/T1_L2,335,LANDSAT/LC09/C02/T1_L2/LC09_185057_20251201,2025,True,False,LC09_L2SP_185057_20251201_20251203_02_T1,LC91850572025335LGN00,0,LC09,primary,False,LC09_185057_20251201,26995002.946580116,9301585.867817478,0.0340971918350792,0.0321044365010761,185,57
2025-12-09,12,2025,True,51.75,51.75,LANDSAT/LC08/C02/T1_L2,343,LANDSAT/LC08/C02/T1_L2/LC08_185057_20251209,2025,True,False,LC08_L2SP_185057_20251209_20251217_02_T1,LC81850572025343LGN00,0,LC08,primary,False,LC08_185057_20251209,170268557.80308884,65069850.29960891,0.2150649766693098,0.2245886784001164,185,57
2025-12-17,12,2025,True,27.14,27.14,LANDSAT/LC09/C02/T1_L2,351,LANDSAT/LC09/C02/T1_L2/LC09_185057_20251217,2025,True,False,LC09_L2SP_185057_20251217_20251218_02_T1,LC91850572025351LGN00,0,LC09,primary,False,LC09_185057_20251217,416254565.8954863,156136451.11917895,0.5257681139599247,0.5389051772131024,185,57
2025-12-17,12,2025,True,49.57,49.57,LANDSAT/LC09/C02/T1_L2,351,LANDSAT/LC09/C02/T1_L2/LC09_185058_20251217,2025,True,False,LC09_L2SP_185058_20251217_20251218_02_T1,LC91850582025351LGN00,0,LC09,primary,False,LC09_185058_20251217,235229839.9970059,90040253.14902157,0.2971170996196915,0.310774058407081,185,58
2025-12-25,12,2025,True,42.41,42.41,LANDSAT/LC08/C02/T1_L2,359,LANDSAT/LC08/C02/T1_L2/LC08_185057_20251225,2025,True,False,LC08_L2SP_185057_20251225_20260106_02_T1,LC81850572025359LGN00,0,LC08,primary,False,LC08_185057_20251225,227403813.3292416,72321441.26770976,0.2872321022694315,0.2496175546665457,185,57
2025-12-25,12,2025,True,50.6,50.6,LANDSAT/LC08/C02/T1_L2,359,LANDSAT/LC08/C02/T1_L2/LC08_185058_20251225,2025,True,False,LC08_L2SP_185058_20251225_20260106_02_T1,LC81850582025359LGN00,0,LC08,primary,False,LC08_185058_20251225,129082021.42867504,41525382.63915297,0.1630425622039404,0.1433249156720829,185,58
2026-01-10,1,2026,True,56.09,56.09,LANDSAT/LC08/C02/T1_L2,10,LANDSAT/LC08/C02/T1_L2/LC08_185057_20260110,2025,True,False,LC08_L2SP_185057_20260110_20260115_02_T1,LC81850572026010LGN00,1,LC08,primary,False,LC08_185057_20260110,123609591.15096653,20863044.099045698,0.1561303753317118,0.0720088255933206,185,57
2026-01-10,1,2026,True,75.93,75.93,LANDSAT/LC08/C02/T1_L2,10,LANDSAT/LC08/C02/T1_L2/LC08_185058_20260110,2025,True,False,LC08_L2SP_185058_20260110_20260115_02_T1,LC81850582026010LGN00,1,LC08,primary,False,LC08_185058_20260110,11192676.67565583,17992.613699161306,0.0141373884830859,6.2101531093929e-05,185,58
2026-01-18,1,2026,False,82.99,82.99,LANDSAT/LC09/C02/T1_L2,18,LANDSAT/LC09/C02/T1_L2/LC09_185057_20260118,2025,False,False,LC09_L2SP_185057_20260118_20260119_02_T1,LC91850572026018LGN00,1,LC09,primary,False,LC09_185057_20260118,0.0,0.0,0.0,0.0,185,57
2026-01-26,1,2026,False,61.0,61.0,LANDSAT/LC08/C02/T1_L2,26,LANDSAT/LC08/C02/T1_L2/LC08_185057_20260126,2025,False,False,LC08_L2SP_185057_20260126_20260204_02_T1,LC81850572026026LGN00,1,LC08,primary,False,LC08_185057_20260126,0.0,0.0,0.0,0.0,185,57
2026-01-26,1,2026,False,89.62,89.62,LANDSAT/LC08/C02/T1_L2,26,LANDSAT/LC08/C02/T1_L2/LC08_185058_20260126,2025,False,False,LC08_L2SP_185058_20260126_20260204_02_T1,LC81850582026026LGN00,1,LC08,primary,False,LC08_185058_20260126,0.0,0.0,0.0,0.0,185,58
2026-02-03,2,2026,True,39.23,39.23,LANDSAT/LC09/C02/T1_L2,34,LANDSAT/LC09/C02/T1_L2/LC09_185057_20260203,2025,True,False,LC09_L2SP_185057_20260203_20260204_02_T1,LC91850572026034LGN00,1,LC09,primary,False,LC09_185057_20260203,178692636.71241286,77025412.91758199,0.2257053694550959,0.2658533193288592,185,57
2026-02-19,2,2026,False,99.95,99.95,LANDSAT/LC09/C02/T1_L2,50,LANDSAT/LC09/C02/T1_L2/LC09_185057_20260219,2025,False,False,LC09_L2SP_185057_20260219_20260220_02_T1,LC91850572026050LGN00,1,LC09,primary,False,LC09_185057_20260219,0.0,0.0,0.0,0.0,185,57
2026-02-27,2,2026,True,42.34,42.34,LANDSAT/LC08/C02/T1_L2,58,LANDSAT/LC08/C02/T1_L2/LC08_185057_20260227,2025,True,False,LC08_L2SP_185057_20260227_20260306_02_T1,LC81850572026058LGN00,1,LC08,primary,False,LC08_185057_20260227,92195318.32974352,15929478.218749523,0.1164512358678484,0.0549806161268193,185,57
2026-02-27,2,2026,False,25.0,25.0,LANDSAT/LC08/C02/T1_L2,58,LANDSAT/LC08/C02/T1_L2/LC08_185058_20260227,2025,False,False,LC08_L2SP_185058_20260227_20260306_02_T1,LC81850582026058LGN00,1,LC08,primary,False,LC08_185058_20260227,5048002.824786017,0.0,0.006376095644122,0.0,185,58
2026-03-07,3,2026,False,58.05,58.05,LANDSAT/LC09/C02/T1_L2,66,LANDSAT/LC09/C02/T1_L2/LC09_185057_20260307,2025,False,False,LC09_L2SP_185057_20260307_20260308_02_T1,LC91850572026066LGN00,1,LC09,primary,False,LC09_185057_20260307,0.0,0.0,0.0,0.0,185,57
2026-03-07,3,2026,True,81.9,81.9,LANDSAT/LC09/C02/T1_L2,66,LANDSAT/LC09/C02/T1_L2/LC09_185058_20260307,2025,True,False,LC09_L2SP_185058_20260307_20260308_02_T1,LC91850582026066LGN00,1,LC09,primary,False,LC09_185058_20260307,281120361.0496299,106666022.75701356,0.3550810829109508,0.3681579252279054,185,58
2026-03-15,3,2026,False,99.94,99.94,LANDSAT/LC08/C02/T1_L2,74,LANDSAT/LC08/C02/T1_L2/LC08_185057_20260315,2025,False,False,LC08_L2SP_185057_20260315_20260328_02_T1,LC81850572026074LGN00,1,LC08,primary,False,LC08_185057_20260315,0.0,0.0,0.0,0.0,185,57
2026-03-15,3,2026,False,90.62,90.62,LANDSAT/LC08/C02/T1_L2,74,LANDSAT/LC08/C02/T1_L2/LC08_185058_20260315,2025,False,False,LC08_L2SP_185058_20260315_20260328_02_T1,LC81850582026074LGN00,1,LC08,primary,False,LC08_185058_20260315,0.0,0.0,0.0,0.0,185,58
2026-03-31,3,2026,True,30.66,30.66,LANDSAT/LC08/C02/T1_L2,90,LANDSAT/LC08/C02/T1_L2/LC08_185057_20260331,2025,True,False,LC08_L2SP_185057_20260331_20260407_02_T1,LC81850572026090LGN00,1,LC08,primary,False,LC08_185057_20260331,59689198.833214626,14412049.618602796,0.0753929928115137,0.0497432092124908,185,57
2026-03-31,3,2026,True,43.68,43.68,LANDSAT/LC08/C02/T1_L2,90,LANDSAT/LC08/C02/T1_L2/LC08_185058_20260331,2025,True,False,LC08_L2SP_185058_20260331_20260407_02_T1,LC81850582026090LGN00,1,LC08,primary,False,LC08_185058_20260331,25532285.320323035,5805159.92466227,0.0322496438425217,0.020036517517377,185,58
2026-04-08,4,2026,False,70.03,70.03,LANDSAT/LC09/C02/T1_L2,98,LANDSAT/LC09/C02/T1_L2/LC09_185057_20260408,2025,False,False,LC09_L2SP_185057_20260408_20260409_02_T1,LC91850572026098LGN00,1,LC09,primary,False,LC09_185057_20260408,32447586.582202867,0.0,0.0409843105580722,0.0,185,57
2026-04-08,4,2026,False,62.62,62.62,LANDSAT/LC09/C02/T1_L2,98,LANDSAT/LC09/C02/T1_L2/LC09_185058_20260408,2025,False,False,LC09_L2SP_185058_20260408_20260409_02_T1,LC91850582026098LGN00,1,LC09,primary,False,LC09_185058_20260408,32898519.105880447,0.0,0.041553880148227,0.0,185,58
2026-04-16,4,2026,True,69.85,69.85,LANDSAT/LC08/C02/T1_L2,106,LANDSAT/LC08/C02/T1_L2/LC08_185057_20260416,2025,True,False,LC08_L2SP_185057_20260416_20260424_02_T1,LC81850572026106LGN00,1,LC08,primary,False,LC08_185057_20260416,494333553.3818211,202011529.61637592,0.6243891150347768,0.6972430741614989,185,57
2026-04-16,4,2026,True,66.43,66.43,LANDSAT/LC08/C02/T1_L2,106,LANDSAT/LC08/C02/T1_L2/LC08_185058_20260416,2025,True,False,LC08_L2SP_185058_20260416_20260424_02_T1,LC81850582026106LGN00,1,LC08,primary,False,LC08_185058_20260416,259567444.4967343,87321937.78559212,0.327857750808939,0.301391789166621,185,58
2026-05-10,5,2026,False,82.06,82.06,LANDSAT/LC09/C02/T1_L2,130,LANDSAT/LC09/C02/T1_L2/LC09_185058_20260510,2025,False,False,LC09_L2SP_185058_20260510_20260511_02_T1,LC91850582026130LGN00,1,LC09,primary,False,LC09_185058_20260510,0.0,0.0,0.0,0.0,185,58
2026-05-26,5,2026,True,15.91,15.91,LANDSAT/LC09/C02/T1_L2,146,LANDSAT/LC09/C02/T1_L2/LC09_185057_20260526,2025,True,False,LC09_L2SP_185057_20260526_20260527_02_T1,LC91850572026146LGN00,1,LC09,primary,False,LC09_185057_20260526,495666576.0202364,189074918.78233787,0.6260728462317132,0.6525923439567194,185,57
2026-05-26,5,2026,True,57.14,57.14,LANDSAT/LC09/C02/T1_L2,146,LANDSAT/LC09/C02/T1_L2/LC09_185058_20260526,2025,True,False,LC09_L2SP_185058_20260526_20260527_02_T1,LC91850582026146LGN00,1,LC09,primary,False,LC09_185058_20260526,193681559.8735464,68624149.47842109,0.2446377692565629,0.2368563469368126,185,58
2026-06-03,6,2026,False,88.67,88.67,LANDSAT/LC08/C02/T1_L2,154,LANDSAT/LC08/C02/T1_L2/LC08_185057_20260603,2025,False,False,LC08_L2SP_185057_20260603_20260612_02_T1,LC81850572026154LGN01,1,LC08,primary,False,LC08_185057_20260603,0.0,0.0,0.0,0.0,185,57
2026-06-11,6,2026,True,53.25,53.25,LANDSAT/LC09/C02/T1_L2,162,LANDSAT/LC09/C02/T1_L2/LC09_185057_20260611,2025,True,False,LC09_L2SP_185057_20260611_20260613_02_T1,LC91850572026162LGN00,1,LC09,primary,False,LC09_185057_20260611,372362766.48198867,159763047.61588952,0.4703287014304867,0.5514223800426226,185,57
2026-06-11,6,2026,True,37.55,37.55,LANDSAT/LC09/C02/T1_L2,162,LANDSAT/LC09/C02/T1_L2/LC09_185058_20260611,2025,True,False,LC09_L2SP_185058_20260611_20260613_02_T1,LC91850582026162LGN00,1,LC09,primary,False,LC09_185058_20260611,223480858.81467167,87093456.4226,0.2822770469612962,0.3006031854259149,185,58
2026-06-19,6,2026,True,59.25,59.25,LANDSAT/LC08/C02/T1_L2,170,LANDSAT/LC08/C02/T1_L2/LC08_185057_20260619,2025,True,False,LC08_L2SP_185057_20260619_20260627_02_T1,LC81850572026170LGN00,1,LC08,primary,False,LC08_185057_20260619,307178481.18771136,111858235.378508,0.3879949048863718,0.3860788542797562,185,57
